<?xml version="1.0" encoding="UTF-8"?>
<osm version="0.6" generator="openstreetmap-cgimap 2.1.0 (113214 spike-06.openstreetmap.org)" copyright="OpenStreetMap and contributors" attribution="http://www.openstreetmap.org/copyright" license="http://opendatacommons.org/licenses/odbl/1-0/">
 <bounds minlat="45.4945180" minlon="9.1446700" maxlat="45.4978330" maxlon="9.1498090"/>
 <node id="227517212" visible="true" version="9" changeset="172661774" timestamp="2025-09-30T13:47:12Z" user="btcitnet" uid="22525435" lat="45.4952578" lon="9.1480038">
  <tag k="addr:city" v="Milano"/>
  <tag k="addr:housenumber" v="16"/>
  <tag k="addr:postcode" v="20156"/>
  <tag k="addr:street" v="Via Varesina"/>
  <tag k="amenity" v="fuel"/>
  <tag k="brand" v="Tamoil"/>
  <tag k="brand:wikidata" v="Q706793"/>
  <tag k="brand:wikipedia" v="en:Tamoil"/>
  <tag k="check_date" v="2022-12-30"/>
  <tag k="name" v="Tamoil"/>
  <tag k="operator" v="Virciglio Roberto"/>
  <tag k="payment:cash" v="no"/>
  <tag k="payment:mastercard" v="yes"/>
  <tag k="payment:visa" v="yes"/>
  <tag k="ref:mise" v="26585"/>
  <tag k="self_service" v="yes"/>
 </node>
 <node id="255506956" visible="true" version="2" changeset="7514787" timestamp="2011-03-10T14:53:20Z" user="ilrobi" uid="22110" lat="45.4965853" lon="9.1465302"/>
 <node id="255506957" visible="true" version="7" changeset="33569865" timestamp="2015-08-25T12:39:03Z" user="adirricor" uid="245439" lat="45.4977843" lon="9.1495215"/>
 <node id="255507765" visible="true" version="4" changeset="131803828" timestamp="2023-01-28T11:23:10Z" user="f_gonella" uid="8716397" lat="45.4960835" lon="9.1470230"/>
 <node id="255507980" visible="true" version="4" changeset="131803828" timestamp="2023-01-28T11:23:10Z" user="f_gonella" uid="8716397" lat="45.4951982" lon="9.1478003"/>
 <node id="255508199" visible="true" version="6" changeset="22620281" timestamp="2014-05-29T15:40:05Z" user="adirricor" uid="245439" lat="45.4936291" lon="9.1491781">
  <tag k="highway" v="traffic_signals"/>
 </node>
 <node id="256029966" visible="true" version="7" changeset="126935208" timestamp="2022-10-03T12:23:40Z" user="Balaabirami" uid="8350372" lat="45.4966022" lon="9.1478750"/>
 <node id="256029974" visible="true" version="4" changeset="7504139" timestamp="2011-03-09T13:41:18Z" user="ilrobi" uid="22110" lat="45.4941917" lon="9.1510923"/>
 <node id="256029975" visible="true" version="5" changeset="131803828" timestamp="2023-01-28T11:23:10Z" user="f_gonella" uid="8716397" lat="45.4950526" lon="9.1484708"/>
 <node id="256029976" visible="true" version="6" changeset="151666831" timestamp="2024-05-22T09:59:10Z" user="nu99et" uid="20905165" lat="45.4961661" lon="9.1501758">
  <tag k="barrier" v="bollard"/>
  <tag k="bicycle" v="yes"/>
  <tag k="bollard" v="fixed"/>
  <tag k="foot" v="yes"/>
 </node>
 <node id="256031085" visible="true" version="5" changeset="131803828" timestamp="2023-01-28T11:23:10Z" user="f_gonella" uid="8716397" lat="45.4955557" lon="9.1492410"/>
 <node id="256031727" visible="true" version="6" changeset="21687114" timestamp="2014-04-14T14:39:45Z" user="ilrobi" uid="22110" lat="45.4973474" lon="9.1487868"/>
 <node id="256031729" visible="true" version="3" changeset="131803828" timestamp="2023-01-28T11:23:10Z" user="f_gonella" uid="8716397" lat="45.4948346" lon="9.1481196"/>
 <node id="256033469" visible="true" version="3" changeset="20427760" timestamp="2014-02-07T10:51:55Z" user="adirricor" uid="245439" lat="45.4981969" lon="9.1446929"/>
 <node id="256034377" visible="true" version="3" changeset="131803828" timestamp="2023-01-28T11:23:10Z" user="f_gonella" uid="8716397" lat="45.4965335" lon="9.1479598">
  <tag k="barrier" v="bollard"/>
 </node>
 <node id="256034434" visible="true" version="8" changeset="126737310" timestamp="2022-09-28T11:50:58Z" user="Balaabirami" uid="8350372" lat="45.4978423" lon="9.1494822">
  <tag k="crossing" v="zebra"/>
  <tag k="highway" v="crossing"/>
 </node>
 <node id="256034435" visible="true" version="4" changeset="33569865" timestamp="2015-08-25T12:39:03Z" user="adirricor" uid="245439" lat="45.4982247" lon="9.1492394"/>
 <node id="256034437" visible="true" version="5" changeset="29182965" timestamp="2015-03-01T18:11:41Z" user="fedc" uid="602784" lat="45.4992178" lon="9.1494226"/>
 <node id="256035589" visible="true" version="4" changeset="21687114" timestamp="2014-04-14T14:39:45Z" user="ilrobi" uid="22110" lat="45.4974418" lon="9.1486868"/>
 <node id="256037205" visible="true" version="2" changeset="7513874" timestamp="2011-03-10T13:04:17Z" user="ilrobi" uid="22110" lat="45.4981538" lon="9.1501770"/>
 <node id="256037860" visible="true" version="2" changeset="9522075" timestamp="2011-10-10T13:48:06Z" user="ilrobi" uid="22110" lat="45.4966848" lon="9.1448125"/>
 <node id="256039404" visible="true" version="5" changeset="33569865" timestamp="2015-08-25T12:39:03Z" user="adirricor" uid="245439" lat="45.4972894" lon="9.1488526"/>
 <node id="256227375" visible="true" version="5" changeset="147215228" timestamp="2024-02-08T12:15:07Z" user="marco_camagni" uid="1965370" lat="45.4961852" lon="9.1502361"/>
 <node id="256233078" visible="true" version="5" changeset="131802778" timestamp="2023-01-28T10:46:45Z" user="f_gonella" uid="8716397" lat="45.4970274" lon="9.1478143"/>
 <node id="256233079" visible="true" version="5" changeset="131802778" timestamp="2023-01-28T10:46:45Z" user="f_gonella" uid="8716397" lat="45.4973440" lon="9.1486162"/>
 <node id="256233080" visible="true" version="6" changeset="126935208" timestamp="2022-10-03T12:23:40Z" user="Balaabirami" uid="8350372" lat="45.4972053" lon="9.1488120"/>
 <node id="582770725" visible="true" version="4" changeset="131803828" timestamp="2023-01-28T11:23:10Z" user="f_gonella" uid="8716397" lat="45.4960560" lon="9.1504728"/>
 <node id="736901117" visible="true" version="6" changeset="151666816" timestamp="2024-05-22T09:59:01Z" user="nu99et" uid="20905165" lat="45.4954757" lon="9.1474751">
  <tag k="bench" v="no"/>
  <tag k="bin" v="yes"/>
  <tag k="bus" v="yes"/>
  <tag k="highway" v="bus_stop"/>
  <tag k="name" v="Via Varesina - Via Dal Re"/>
  <tag k="public_transport" v="platform"/>
  <tag k="ref" v="10719"/>
  <tag k="shelter" v="no"/>
  <tag k="tactile_paving" v="no"/>
 </node>
 <node id="736901118" visible="true" version="7" changeset="151666816" timestamp="2024-05-22T09:59:00Z" user="nu99et" uid="20905165" lat="45.4958082" lon="9.1473435">
  <tag k="bench" v="yes"/>
  <tag k="bin" v="yes"/>
  <tag k="bus" v="yes"/>
  <tag k="highway" v="bus_stop"/>
  <tag k="name" v="Via Varesina - Via Dal Re"/>
  <tag k="public_transport" v="platform"/>
  <tag k="ref" v="10718"/>
  <tag k="shelter" v="yes"/>
  <tag k="tactile_paving" v="no"/>
 </node>
 <node id="1194127924" visible="true" version="2" changeset="49052083" timestamp="2017-05-28T18:36:39Z" user="fedc" uid="602784" lat="45.4954745" lon="9.1494294"/>
 <node id="1194127928" visible="true" version="2" changeset="49052083" timestamp="2017-05-28T18:36:38Z" user="fedc" uid="602784" lat="45.4962333" lon="9.1482860"/>
 <node id="1194127930" visible="true" version="2" changeset="49052083" timestamp="2017-05-28T18:36:38Z" user="fedc" uid="602784" lat="45.4956366" lon="9.1490727"/>
 <node id="1194127931" visible="true" version="3" changeset="49052083" timestamp="2017-05-28T18:36:38Z" user="fedc" uid="602784" lat="45.4948840" lon="9.1500607"/>
 <node id="1194127942" visible="true" version="2" changeset="49052083" timestamp="2017-05-28T18:36:38Z" user="fedc" uid="602784" lat="45.4946138" lon="9.1490428"/>
 <node id="1194127943" visible="true" version="3" changeset="49052083" timestamp="2017-05-28T18:36:38Z" user="fedc" uid="602784" lat="45.4944021" lon="9.1493222"/>
 <node id="1194127944" visible="true" version="2" changeset="49052083" timestamp="2017-05-28T18:36:39Z" user="fedc" uid="602784" lat="45.4956290" lon="9.1506002"/>
 <node id="1194127945" visible="true" version="2" changeset="49052083" timestamp="2017-05-28T18:36:38Z" user="fedc" uid="602784" lat="45.4965008" lon="9.1479303"/>
 <node id="1194127949" visible="true" version="2" changeset="49052083" timestamp="2017-05-28T18:36:38Z" user="fedc" uid="602784" lat="45.4959040" lon="9.1487166"/>
 <node id="1194127951" visible="true" version="2" changeset="49052083" timestamp="2017-05-28T18:36:39Z" user="fedc" uid="602784" lat="45.4958993" lon="9.1502440"/>
 <node id="1194127952" visible="true" version="2" changeset="49052083" timestamp="2017-05-28T18:36:39Z" user="fedc" uid="602784" lat="45.4962245" lon="9.1484412"/>
 <node id="1194127955" visible="true" version="2" changeset="49052083" timestamp="2017-05-28T18:36:38Z" user="fedc" uid="602784" lat="45.4948836" lon="9.1486866"/>
 <node id="1194127958" visible="true" version="2" changeset="49052083" timestamp="2017-05-28T18:36:38Z" user="fedc" uid="602784" lat="45.4956947" lon="9.1489957"/>
 <node id="1194127971" visible="true" version="2" changeset="49052083" timestamp="2017-05-28T18:36:38Z" user="fedc" uid="602784" lat="45.4946724" lon="9.1489653"/>
 <node id="1194127974" visible="true" version="2" changeset="49052083" timestamp="2017-05-28T18:36:39Z" user="fedc" uid="602784" lat="45.4956853" lon="9.1491505"/>
 <node id="1194127975" visible="true" version="5" changeset="49052083" timestamp="2017-05-28T18:36:38Z" user="fedc" uid="602784" lat="45.4943434" lon="9.1493997"/>
 <node id="1194127981" visible="true" version="2" changeset="49052083" timestamp="2017-05-28T18:36:38Z" user="fedc" uid="602784" lat="45.4959633" lon="9.1486396"/>
 <node id="1194127982" visible="true" version="2" changeset="49052083" timestamp="2017-05-28T18:36:39Z" user="fedc" uid="602784" lat="45.4952057" lon="9.1497833"/>
 <node id="1194127984" visible="true" version="2" changeset="49052083" timestamp="2017-05-28T18:36:39Z" user="fedc" uid="602784" lat="45.4962821" lon="9.1483642"/>
 <node id="1194127985" visible="true" version="2" changeset="49052083" timestamp="2017-05-28T18:36:38Z" user="fedc" uid="602784" lat="45.4949412" lon="9.1486105"/>
 <node id="1194127987" visible="true" version="2" changeset="49052083" timestamp="2017-05-28T18:36:39Z" user="fedc" uid="602784" lat="45.4959543" lon="9.1487957"/>
 <node id="1194127990" visible="true" version="2" changeset="49052083" timestamp="2017-05-28T18:36:39Z" user="fedc" uid="602784" lat="45.4957441" lon="9.1490735"/>
 <node id="1194128000" visible="true" version="2" changeset="49052083" timestamp="2017-05-28T18:36:38Z" user="fedc" uid="602784" lat="45.4950983" lon="9.1497827"/>
 <node id="1194128003" visible="true" version="2" changeset="49052083" timestamp="2017-05-28T18:36:39Z" user="fedc" uid="602784" lat="45.4956867" lon="9.1505226"/>
 <node id="1194128007" visible="true" version="2" changeset="49052083" timestamp="2017-05-28T18:36:39Z" user="fedc" uid="602784" lat="45.4960128" lon="9.1487165"/>
 <node id="1194128008" visible="true" version="2" changeset="49052083" timestamp="2017-05-28T18:36:39Z" user="fedc" uid="602784" lat="45.4959549" lon="9.1501646"/>
 <node id="1194128011" visible="true" version="2" changeset="49052083" timestamp="2017-05-28T18:36:39Z" user="fedc" uid="602784" lat="45.4967085" lon="9.1491800"/>
 <node id="1194128013" visible="true" version="2" changeset="49052083" timestamp="2017-05-28T18:36:38Z" user="fedc" uid="602784" lat="45.4953668" lon="9.1494261"/>
 <node id="1194128015" visible="true" version="2" changeset="49052083" timestamp="2017-05-28T18:36:38Z" user="fedc" uid="602784" lat="45.4959612" lon="9.1472660"/>
 <node id="1194128019" visible="true" version="2" changeset="49052083" timestamp="2017-05-28T18:36:38Z" user="fedc" uid="602784" lat="45.4951562" lon="9.1497054"/>
 <node id="1194128024" visible="true" version="2" changeset="49052083" timestamp="2017-05-28T18:36:39Z" user="fedc" uid="602784" lat="45.4961695" lon="9.1498908"/>
 <node id="1194128036" visible="true" version="2" changeset="49052083" timestamp="2017-05-28T18:36:39Z" user="fedc" uid="602784" lat="45.4951487" lon="9.1498593"/>
 <node id="1194128037" visible="true" version="2" changeset="49052083" timestamp="2017-05-28T18:36:39Z" user="fedc" uid="602784" lat="45.4967663" lon="9.1491039"/>
 <node id="1194128039" visible="true" version="2" changeset="49052083" timestamp="2017-05-28T18:36:38Z" user="fedc" uid="602784" lat="45.4954245" lon="9.1493503"/>
 <node id="1194128044" visible="true" version="2" changeset="49052083" timestamp="2017-05-28T18:36:38Z" user="fedc" uid="602784" lat="45.4960185" lon="9.1471904"/>
 <node id="1194128045" visible="true" version="2" changeset="49052083" timestamp="2017-05-28T18:36:37Z" user="fedc" uid="602784" lat="45.4940746" lon="9.1497546"/>
 <node id="1194128048" visible="true" version="2" changeset="49052083" timestamp="2017-05-28T18:36:39Z" user="fedc" uid="602784" lat="45.4964378" lon="9.1495358"/>
 <node id="1194128053" visible="true" version="2" changeset="49052083" timestamp="2017-05-28T18:36:39Z" user="fedc" uid="602784" lat="45.4954169" lon="9.1495042"/>
 <node id="1194128058" visible="true" version="2" changeset="49052083" timestamp="2017-05-28T18:36:39Z" user="fedc" uid="602784" lat="45.4962279" lon="9.1498134"/>
 <node id="1194128065" visible="true" version="3" changeset="49052083" timestamp="2017-05-28T18:36:38Z" user="fedc" uid="602784" lat="45.4964447" lon="9.1480064"/>
 <node id="1194128066" visible="true" version="2" changeset="49052083" timestamp="2017-05-28T18:36:38Z" user="fedc" uid="602784" lat="45.4961754" lon="9.1483628"/>
 <node id="1194128075" visible="true" version="2" changeset="49052083" timestamp="2017-05-28T18:36:37Z" user="fedc" uid="602784" lat="45.4941329" lon="9.1496776"/>
 <node id="1194128079" visible="true" version="2" changeset="49052083" timestamp="2017-05-28T18:36:39Z" user="fedc" uid="602784" lat="45.4964967" lon="9.1494592"/>
 <node id="1195329721" visible="true" version="2" changeset="41052719" timestamp="2016-07-27T04:21:47Z" user="fedc" uid="602784" lat="45.4973951" lon="9.1498933"/>
 <node id="1195329744" visible="true" version="2" changeset="41052719" timestamp="2016-07-27T04:21:47Z" user="fedc" uid="602784" lat="45.4971413" lon="9.1494373"/>
 <node id="1195329754" visible="true" version="2" changeset="49052083" timestamp="2017-05-28T18:36:39Z" user="fedc" uid="602784" lat="45.4968059" lon="9.1491667"/>
 <node id="1195329792" visible="true" version="2" changeset="41052719" timestamp="2016-07-27T04:21:47Z" user="fedc" uid="602784" lat="45.4972187" lon="9.1496443"/>
 <node id="1195329793" visible="true" version="5" changeset="105854636" timestamp="2021-06-04T18:11:54Z" user="fedc" uid="602784" lat="45.4964950" lon="9.1500960"/>
 <node id="1195329814" visible="true" version="2" changeset="41052719" timestamp="2016-07-27T04:21:47Z" user="fedc" uid="602784" lat="45.4971279" lon="9.1495075"/>
 <node id="1195329817" visible="true" version="2" changeset="49052083" timestamp="2017-05-28T18:36:39Z" user="fedc" uid="602784" lat="45.4953198" lon="9.1512832"/>
 <node id="1195329827" visible="true" version="2" changeset="52227229" timestamp="2017-09-20T22:59:40Z" user="fedc" uid="602784" lat="45.4968784" lon="9.1490687"/>
 <node id="1195329861" visible="true" version="2" changeset="49052083" timestamp="2017-05-28T18:36:39Z" user="fedc" uid="602784" lat="45.4969766" lon="9.1488266"/>
 <node id="1195329869" visible="true" version="2" changeset="41052719" timestamp="2016-07-27T04:21:47Z" user="fedc" uid="602784" lat="45.4973043" lon="9.1497556"/>
 <node id="1195329882" visible="true" version="2" changeset="41052719" timestamp="2016-07-27T04:21:47Z" user="fedc" uid="602784" lat="45.4972692" lon="9.1496316"/>
 <node id="1195329894" visible="true" version="2" changeset="41052719" timestamp="2016-07-27T04:21:47Z" user="fedc" uid="602784" lat="45.4970364" lon="9.1494240"/>
 <node id="1195329920" visible="true" version="2" changeset="49052083" timestamp="2017-05-28T18:36:39Z" user="fedc" uid="602784" lat="45.4960205" lon="9.1500768"/>
 <node id="1195329931" visible="true" version="2" changeset="41052719" timestamp="2016-07-27T04:21:47Z" user="fedc" uid="602784" lat="45.4971663" lon="9.1495559"/>
 <node id="1195329936" visible="true" version="2" changeset="41052494" timestamp="2016-07-27T03:56:14Z" user="fedc" uid="602784" lat="45.4973090" lon="9.1490216"/>
 <node id="1195329971" visible="true" version="2" changeset="41052719" timestamp="2016-07-27T04:21:47Z" user="fedc" uid="602784" lat="45.4973325" lon="9.1498167"/>
 <node id="1195329983" visible="true" version="2" changeset="41052719" timestamp="2016-07-27T04:21:47Z" user="fedc" uid="602784" lat="45.4972768" lon="9.1496781"/>
 <node id="1195330030" visible="true" version="2" changeset="41052719" timestamp="2016-07-27T04:21:47Z" user="fedc" uid="602784" lat="45.4977385" lon="9.1506221"/>
 <node id="1195330074" visible="true" version="2" changeset="49052083" timestamp="2017-05-28T18:36:39Z" user="fedc" uid="602784" lat="45.4963926" lon="9.1498713"/>
 <node id="1195330076" visible="true" version="2" changeset="49052083" timestamp="2017-05-28T18:36:39Z" user="fedc" uid="602784" lat="45.4957835" lon="9.1506709"/>
 <node id="1195330096" visible="true" version="2" changeset="41052719" timestamp="2016-07-27T04:21:47Z" user="fedc" uid="602784" lat="45.4973785" lon="9.1498012"/>
 <node id="1195330101" visible="true" version="2" changeset="52227229" timestamp="2017-09-20T22:59:40Z" user="fedc" uid="602784" lat="45.4970738" lon="9.1488113"/>
 <node id="1195330119" visible="true" version="2" changeset="41052719" timestamp="2016-07-27T04:21:47Z" user="fedc" uid="602784" lat="45.4970552" lon="9.1493574"/>
 <node id="1195330142" visible="true" version="2" changeset="49052083" timestamp="2017-05-28T18:36:39Z" user="fedc" uid="602784" lat="45.4959539" lon="9.1501723"/>
 <node id="1195330172" visible="true" version="2" changeset="41052494" timestamp="2016-07-27T03:56:14Z" user="fedc" uid="602784" lat="45.4977178" lon="9.1496482"/>
 <node id="1195330199" visible="true" version="2" changeset="41052719" timestamp="2016-07-27T04:21:47Z" user="fedc" uid="602784" lat="45.4967882" lon="9.1497117"/>
 <node id="1195330217" visible="true" version="2" changeset="41052494" timestamp="2016-07-27T03:56:14Z" user="fedc" uid="602784" lat="45.4976597" lon="9.1495591"/>
 <node id="1195330221" visible="true" version="2" changeset="41052719" timestamp="2016-07-27T04:21:47Z" user="fedc" uid="602784" lat="45.4973868" lon="9.1498431"/>
 <node id="1195330243" visible="true" version="2" changeset="41052719" timestamp="2016-07-27T04:21:47Z" user="fedc" uid="602784" lat="45.4971062" lon="9.1494756"/>
 <node id="1195330308" visible="true" version="2" changeset="49052083" timestamp="2017-05-28T18:36:39Z" user="fedc" uid="602784" lat="45.4958497" lon="9.1505834"/>
 <node id="1195330315" visible="true" version="2" changeset="41052719" timestamp="2016-07-27T04:21:47Z" user="fedc" uid="602784" lat="45.4972270" lon="9.1496060"/>
 <node id="1195330352" visible="true" version="2" changeset="49052083" timestamp="2017-05-28T18:36:39Z" user="fedc" uid="602784" lat="45.4968609" lon="9.1492518"/>
 <node id="1195330358" visible="true" version="2" changeset="41052719" timestamp="2016-07-27T04:21:47Z" user="fedc" uid="602784" lat="45.4971560" lon="9.1494629"/>
 <node id="1195330404" visible="true" version="2" changeset="49052083" timestamp="2017-05-28T18:36:39Z" user="fedc" uid="602784" lat="45.4965521" lon="9.1480061"/>
 <node id="1195330427" visible="true" version="2" changeset="41052719" timestamp="2016-07-27T04:21:47Z" user="fedc" uid="602784" lat="45.4972545" lon="9.1496115"/>
 <node id="1195330435" visible="true" version="2" changeset="41052494" timestamp="2016-07-27T03:56:14Z" user="fedc" uid="602784" lat="45.4980689" lon="9.1501865"/>
 <node id="1195330436" visible="true" version="2" changeset="41052719" timestamp="2016-07-27T04:21:47Z" user="fedc" uid="602784" lat="45.4969974" lon="9.1494745"/>
 <node id="1195330450" visible="true" version="2" changeset="41052719" timestamp="2016-07-27T04:21:47Z" user="fedc" uid="602784" lat="45.4975459" lon="9.1508760"/>
 <node id="1195330461" visible="true" version="2" changeset="41052719" timestamp="2016-07-27T04:21:47Z" user="fedc" uid="602784" lat="45.4971401" lon="9.1502524"/>
 <node id="1195330463" visible="true" version="2" changeset="41052719" timestamp="2016-07-27T04:21:47Z" user="fedc" uid="602784" lat="45.4971592" lon="9.1495048"/>
 <node id="1195330464" visible="true" version="2" changeset="52227229" timestamp="2017-09-20T22:59:40Z" user="fedc" uid="602784" lat="45.4969332" lon="9.1491560"/>
 <node id="1195330466" visible="true" version="2" changeset="52227229" timestamp="2017-09-20T22:59:40Z" user="fedc" uid="602784" lat="45.4971295" lon="9.1488956"/>
 <node id="1195330482" visible="true" version="2" changeset="41052719" timestamp="2016-07-27T04:21:47Z" user="fedc" uid="602784" lat="45.4973382" lon="9.1497720"/>
 <node id="1195330500" visible="true" version="2" changeset="41052719" timestamp="2016-07-27T04:21:47Z" user="fedc" uid="602784" lat="45.4972410" lon="9.1496781"/>
 <node id="1195330530" visible="true" version="3" changeset="105854636" timestamp="2021-06-04T18:11:54Z" user="fedc" uid="602784" lat="45.4967225" lon="9.1497958"/>
 <node id="1195330537" visible="true" version="2" changeset="41052719" timestamp="2016-07-27T04:21:47Z" user="fedc" uid="602784" lat="45.4974104" lon="9.1499152"/>
 <node id="1195330540" visible="true" version="2" changeset="41052494" timestamp="2016-07-27T03:56:14Z" user="fedc" uid="602784" lat="45.4975923" lon="9.1496488"/>
 <node id="1195330561" visible="true" version="2" changeset="49052083" timestamp="2017-05-28T18:36:39Z" user="fedc" uid="602784" lat="45.4963365" lon="9.1497856"/>
 <node id="1195330565" visible="true" version="2" changeset="41052719" timestamp="2016-07-27T04:21:47Z" user="fedc" uid="602784" lat="45.4973644" lon="9.1497793"/>
 <node id="1195330586" visible="true" version="2" changeset="41052719" timestamp="2016-07-27T04:21:47Z" user="fedc" uid="602784" lat="45.4972813" lon="9.1497219"/>
 <node id="1195330601" visible="true" version="2" changeset="49052083" timestamp="2017-05-28T18:36:39Z" user="fedc" uid="602784" lat="45.4970356" lon="9.1487511"/>
 <node id="1195330623" visible="true" version="2" changeset="41052719" timestamp="2016-07-27T04:21:47Z" user="fedc" uid="602784" lat="45.4973409" lon="9.1500064"/>
 <node id="1195330626" visible="true" version="2" changeset="41052719" timestamp="2016-07-27T04:21:47Z" user="fedc" uid="602784" lat="45.4978067" lon="9.1505322"/>
 <node id="1195330642" visible="true" version="2" changeset="41052719" timestamp="2016-07-27T04:21:47Z" user="fedc" uid="602784" lat="45.4973555" lon="9.1498468"/>
 <node id="1195330649" visible="true" version="2" changeset="41052719" timestamp="2016-07-27T04:21:47Z" user="fedc" uid="602784" lat="45.4971253" lon="9.1493926"/>
 <node id="1195330655" visible="true" version="2" changeset="49052083" timestamp="2017-05-28T18:36:39Z" user="fedc" uid="602784" lat="45.4964935" lon="9.1480825"/>
 <node id="1195330661" visible="true" version="2" changeset="41052494" timestamp="2016-07-27T03:56:14Z" user="fedc" uid="602784" lat="45.4976482" lon="9.1497352"/>
 <node id="1195330667" visible="true" version="2" changeset="41052494" timestamp="2016-07-27T03:56:14Z" user="fedc" uid="602784" lat="45.4979997" lon="9.1502778"/>
 <node id="1195330674" visible="true" version="2" changeset="41052719" timestamp="2016-07-27T04:21:47Z" user="fedc" uid="602784" lat="45.4974809" lon="9.1509617"/>
 <node id="1195330675" visible="true" version="3" changeset="49052083" timestamp="2017-05-28T18:36:39Z" user="fedc" uid="602784" lat="45.4961191" lon="9.1502286"/>
 <node id="1195330677" visible="true" version="2" changeset="41052719" timestamp="2016-07-27T04:21:47Z" user="fedc" uid="602784" lat="45.4971893" lon="9.1495905"/>
 <node id="1195330682" visible="true" version="2" changeset="41052719" timestamp="2016-07-27T04:21:47Z" user="fedc" uid="602784" lat="45.4970751" lon="9.1503379"/>
 <node id="1195398249" visible="true" version="1" changeset="7514787" timestamp="2011-03-10T14:52:38Z" user="ilrobi" uid="22110" lat="45.4974466" lon="9.1481813"/>
 <node id="1195398272" visible="true" version="1" changeset="7514787" timestamp="2011-03-10T14:52:42Z" user="ilrobi" uid="22110" lat="45.4974611" lon="9.1485601"/>
 <node id="1195398278" visible="true" version="2" changeset="49010712" timestamp="2017-05-26T19:39:02Z" user="fedc" uid="602784" lat="45.4976104" lon="9.1486726"/>
 <node id="1195398297" visible="true" version="1" changeset="7514787" timestamp="2011-03-10T14:52:45Z" user="ilrobi" uid="22110" lat="45.4975647" lon="9.1484754"/>
 <node id="1195398302" visible="true" version="2" changeset="49010712" timestamp="2017-05-26T19:39:02Z" user="fedc" uid="602784" lat="45.4978686" lon="9.1488555"/>
 <node id="1195398339" visible="true" version="2" changeset="49010712" timestamp="2017-05-26T19:39:02Z" user="fedc" uid="602784" lat="45.4976854" lon="9.1485827"/>
 <node id="1195398423" visible="true" version="1" changeset="7514787" timestamp="2011-03-10T14:53:00Z" user="ilrobi" uid="22110" lat="45.4973430" lon="9.1482661"/>
 <node id="1195398443" visible="true" version="2" changeset="49010712" timestamp="2017-05-26T19:39:02Z" user="fedc" uid="602784" lat="45.4977974" lon="9.1489589"/>
 <node id="1261903108" visible="true" version="2" changeset="49052083" timestamp="2017-05-28T18:36:37Z" user="fedc" uid="602784" lat="45.4946958" lon="9.1484420"/>
 <node id="1261903112" visible="true" version="2" changeset="49052083" timestamp="2017-05-28T18:36:38Z" user="fedc" uid="602784" lat="45.4946490" lon="9.1485957"/>
 <node id="1261903118" visible="true" version="2" changeset="49052083" timestamp="2017-05-28T18:36:37Z" user="fedc" uid="602784" lat="45.4946650" lon="9.1484300"/>
 <node id="1261903121" visible="true" version="2" changeset="49052083" timestamp="2017-05-28T18:36:38Z" user="fedc" uid="602784" lat="45.4947782" lon="9.1486956"/>
 <node id="1261903135" visible="true" version="2" changeset="49052083" timestamp="2017-05-28T18:36:37Z" user="fedc" uid="602784" lat="45.4944080" lon="9.1489130"/>
 <node id="1261903145" visible="true" version="2" changeset="49052083" timestamp="2017-05-28T18:36:37Z" user="fedc" uid="602784" lat="45.4944277" lon="9.1489439"/>
 <node id="1261903147" visible="true" version="2" changeset="49052083" timestamp="2017-05-28T18:36:38Z" user="fedc" uid="602784" lat="45.4947228" lon="9.1487106"/>
 <node id="1261903149" visible="true" version="2" changeset="49052083" timestamp="2017-05-28T18:36:37Z" user="fedc" uid="602784" lat="45.4948173" lon="9.1482996"/>
 <node id="1261903163" visible="true" version="2" changeset="49052083" timestamp="2017-05-28T18:36:37Z" user="fedc" uid="602784" lat="45.4944498" lon="9.1491859"/>
 <node id="1261903169" visible="true" version="2" changeset="49052083" timestamp="2017-05-28T18:36:37Z" user="fedc" uid="602784" lat="45.4941000" lon="9.1491090"/>
 <node id="1261903170" visible="true" version="2" changeset="49052083" timestamp="2017-05-28T18:36:38Z" user="fedc" uid="602784" lat="45.4947434" lon="9.1487426"/>
 <node id="1261903186" visible="true" version="2" changeset="49052083" timestamp="2017-05-28T18:36:38Z" user="fedc" uid="602784" lat="45.4948001" lon="9.1487297"/>
 <node id="1261903188" visible="true" version="2" changeset="49052083" timestamp="2017-05-28T18:36:38Z" user="fedc" uid="602784" lat="45.4947051" lon="9.1485815"/>
 <node id="1261903198" visible="true" version="2" changeset="49052083" timestamp="2017-05-28T18:36:38Z" user="fedc" uid="602784" lat="45.4946701" lon="9.1486286"/>
 <node id="1261903200" visible="true" version="2" changeset="49052083" timestamp="2017-05-28T18:36:37Z" user="fedc" uid="602784" lat="45.4947171" lon="9.1484326"/>
 <node id="1261903212" visible="true" version="2" changeset="49052083" timestamp="2017-05-28T18:36:37Z" user="fedc" uid="602784" lat="45.4945168" lon="9.1489822"/>
 <node id="1261903215" visible="true" version="2" changeset="49052083" timestamp="2017-05-28T18:36:37Z" user="fedc" uid="602784" lat="45.4939864" lon="9.1492563"/>
 <node id="1261903216" visible="true" version="2" changeset="49052083" timestamp="2017-05-28T18:36:37Z" user="fedc" uid="602784" lat="45.4948305" lon="9.1485096"/>
 <node id="1261903229" visible="true" version="2" changeset="49052083" timestamp="2017-05-28T18:36:37Z" user="fedc" uid="602784" lat="45.4946345" lon="9.1484713"/>
 <node id="1261903232" visible="true" version="2" changeset="49052083" timestamp="2017-05-28T18:36:37Z" user="fedc" uid="602784" lat="45.4942853" lon="9.1489329"/>
 <node id="1261903233" visible="true" version="2" changeset="49052083" timestamp="2017-05-28T18:36:38Z" user="fedc" uid="602784" lat="45.4947585" lon="9.1486647"/>
 <node id="1261903241" visible="true" version="2" changeset="49052083" timestamp="2017-05-28T18:36:37Z" user="fedc" uid="602784" lat="45.4945262" lon="9.1486144"/>
 <node id="1261903243" visible="true" version="2" changeset="49052083" timestamp="2017-05-28T18:36:37Z" user="fedc" uid="602784" lat="45.4941777" lon="9.1495475"/>
 <node id="1261903245" visible="true" version="2" changeset="49052083" timestamp="2017-05-28T18:36:37Z" user="fedc" uid="602784" lat="45.4944622" lon="9.1488975"/>
 <node id="1261903251" visible="true" version="2" changeset="49052083" timestamp="2017-05-28T18:36:37Z" user="fedc" uid="602784" lat="45.4948983" lon="9.1484214"/>
 <node id="1261903259" visible="true" version="2" changeset="49052083" timestamp="2017-05-28T18:36:37Z" user="fedc" uid="602784" lat="45.4945028" lon="9.1490614"/>
 <node id="1261903262" visible="true" version="2" changeset="49052083" timestamp="2017-05-28T18:36:37Z" user="fedc" uid="602784" lat="45.4940685" lon="9.1490618"/>
 <node id="1261903263" visible="true" version="2" changeset="49052083" timestamp="2017-05-28T18:36:37Z" user="fedc" uid="602784" lat="45.4948268" lon="9.1486450"/>
 <node id="1261903268" visible="true" version="2" changeset="49052083" timestamp="2017-05-28T18:36:37Z" user="fedc" uid="602784" lat="45.4946915" lon="9.1488680"/>
 <node id="1261903269" visible="true" version="2" changeset="49052083" timestamp="2017-05-28T18:36:37Z" user="fedc" uid="602784" lat="45.4942902" lon="9.1494008"/>
 <node id="1261903270" visible="true" version="2" changeset="49052083" timestamp="2017-05-28T18:36:38Z" user="fedc" uid="602784" lat="45.4946846" lon="9.1485494"/>
 <node id="1261903276" visible="true" version="2" changeset="49052083" timestamp="2017-05-28T18:36:37Z" user="fedc" uid="602784" lat="45.4944432" lon="9.1488680"/>
 <node id="1261903284" visible="true" version="2" changeset="49052083" timestamp="2017-05-28T18:36:37Z" user="fedc" uid="602784" lat="45.4944817" lon="9.1490284"/>
 <node id="1261903287" visible="true" version="2" changeset="49052083" timestamp="2017-05-28T18:36:37Z" user="fedc" uid="602784" lat="45.4948765" lon="9.1485804"/>
 <node id="1261903294" visible="true" version="2" changeset="49052083" timestamp="2017-05-28T18:36:37Z" user="fedc" uid="602784" lat="45.4945583" lon="9.1490465"/>
 <node id="1261903297" visible="true" version="2" changeset="49052083" timestamp="2017-05-28T18:36:37Z" user="fedc" uid="602784" lat="45.4941250" lon="9.1491465"/>
 <node id="1261903302" visible="true" version="2" changeset="49052083" timestamp="2017-05-28T18:36:37Z" user="fedc" uid="602784" lat="45.4943932" lon="9.1487904"/>
 <node id="1261903305" visible="true" version="2" changeset="49052083" timestamp="2017-05-28T18:36:37Z" user="fedc" uid="602784" lat="45.4944294" lon="9.1486823"/>
 <node id="1261903307" visible="true" version="2" changeset="49052083" timestamp="2017-05-28T18:36:37Z" user="fedc" uid="602784" lat="45.4943945" lon="9.1486313"/>
 <node id="1261903312" visible="true" version="2" changeset="49052083" timestamp="2017-05-28T18:36:37Z" user="fedc" uid="602784" lat="45.4946462" lon="9.1483953"/>
 <node id="1261903320" visible="true" version="2" changeset="49052083" timestamp="2017-05-28T18:36:37Z" user="fedc" uid="602784" lat="45.4945381" lon="9.1490152"/>
 <node id="1263425822" visible="true" version="2" changeset="52227229" timestamp="2017-09-20T22:59:40Z" user="fedc" uid="602784" lat="45.4966197" lon="9.1476485"/>
 <node id="1263425886" visible="true" version="2" changeset="52227229" timestamp="2017-09-20T22:59:40Z" user="fedc" uid="602784" lat="45.4967198" lon="9.1473875"/>
 <node id="1263425888" visible="true" version="2" changeset="132931417" timestamp="2023-02-23T15:18:27Z" user="aa30mom" uid="13840929" lat="45.4968847" lon="9.1463778"/>
 <node id="1263425889" visible="true" version="2" changeset="49822857" timestamp="2017-06-25T20:58:43Z" user="fedc" uid="602784" lat="45.4966970" lon="9.1462577"/>
 <node id="1263425907" visible="true" version="1" changeset="7994942" timestamp="2011-04-28T13:46:17Z" user="ilrobi" uid="22110" lat="45.4968480" lon="9.1467389"/>
 <node id="1263425931" visible="true" version="1" changeset="7994942" timestamp="2011-04-28T13:46:17Z" user="ilrobi" uid="22110" lat="45.4967721" lon="9.1467965"/>
 <node id="1263425960" visible="true" version="2" changeset="49822857" timestamp="2017-06-25T20:58:43Z" user="fedc" uid="602784" lat="45.4964560" lon="9.1463342"/>
 <node id="1263425979" visible="true" version="2" changeset="52227229" timestamp="2017-09-20T22:59:40Z" user="fedc" uid="602784" lat="45.4968961" lon="9.1478357"/>
 <node id="1263425983" visible="true" version="1" changeset="7994942" timestamp="2011-04-28T13:46:18Z" user="ilrobi" uid="22110" lat="45.4969440" lon="9.1464852"/>
 <node id="1263426003" visible="true" version="2" changeset="52227229" timestamp="2017-09-20T22:59:40Z" user="fedc" uid="602784" lat="45.4967420" lon="9.1479583"/>
 <node id="1263426028" visible="true" version="1" changeset="7994942" timestamp="2011-04-28T13:46:19Z" user="ilrobi" uid="22110" lat="45.4968183" lon="9.1466476"/>
 <node id="1263426050" visible="true" version="2" changeset="49822857" timestamp="2017-06-25T20:58:43Z" user="fedc" uid="602784" lat="45.4966424" lon="9.1461469"/>
 <node id="1263426094" visible="true" version="2" changeset="52227229" timestamp="2017-09-20T22:59:40Z" user="fedc" uid="602784" lat="45.4965298" lon="9.1475371"/>
 <node id="1263426109" visible="true" version="2" changeset="132931417" timestamp="2023-02-23T15:18:27Z" user="aa30mom" uid="13840929" lat="45.4966891" lon="9.1465956"/>
 <node id="1263426112" visible="true" version="2" changeset="49822857" timestamp="2017-06-25T20:58:43Z" user="fedc" uid="602784" lat="45.4965169" lon="9.1464459"/>
 <node id="1263426141" visible="true" version="2" changeset="52227229" timestamp="2017-09-20T22:59:40Z" user="fedc" uid="602784" lat="45.4965842" lon="9.1476766"/>
 <node id="1461212262" visible="true" version="1" changeset="9522075" timestamp="2011-10-10T13:48:05Z" user="ilrobi" uid="22110" lat="45.4956957" lon="9.1450278"/>
 <node id="1461212264" visible="true" version="1" changeset="9522075" timestamp="2011-10-10T13:48:05Z" user="ilrobi" uid="22110" lat="45.4957096" lon="9.1451234"/>
 <node id="1461212266" visible="true" version="2" changeset="29180304" timestamp="2015-03-01T17:11:36Z" user="Alecs01" uid="1476146" lat="45.4957168" lon="9.1451208"/>
 <node id="1461212267" visible="true" version="1" changeset="9522075" timestamp="2011-10-10T13:48:05Z" user="ilrobi" uid="22110" lat="45.4957243" lon="9.1451858"/>
 <node id="1461212268" visible="true" version="1" changeset="9522075" timestamp="2011-10-10T13:48:05Z" user="ilrobi" uid="22110" lat="45.4958136" lon="9.1449712"/>
 <node id="1461212270" visible="true" version="1" changeset="9522075" timestamp="2011-10-10T13:48:05Z" user="ilrobi" uid="22110" lat="45.4958343" lon="9.1450589"/>
 <node id="1461212272" visible="true" version="1" changeset="9522075" timestamp="2011-10-10T13:48:05Z" user="ilrobi" uid="22110" lat="45.4958425" lon="9.1450550"/>
 <node id="1461212276" visible="true" version="1" changeset="9522075" timestamp="2011-10-10T13:48:05Z" user="ilrobi" uid="22110" lat="45.4958582" lon="9.1451215"/>
 <node id="1481351097" visible="true" version="3" changeset="127247893" timestamp="2022-10-09T13:15:03Z" user="Emanuele Lorenzo Corti" uid="10893865" lat="45.4959660" lon="9.1431426"/>
 <node id="1481351098" visible="true" version="3" changeset="127247893" timestamp="2022-10-09T13:15:03Z" user="Emanuele Lorenzo Corti" uid="10893865" lat="45.4941924" lon="9.1443876"/>
 <node id="1481351107" visible="true" version="3" changeset="127247893" timestamp="2022-10-09T13:15:03Z" user="Emanuele Lorenzo Corti" uid="10893865" lat="45.4952542" lon="9.1436418"/>
 <node id="1500362214" visible="true" version="2" changeset="22662392" timestamp="2014-05-31T20:09:38Z" user="Gianni_D" uid="2101028" lat="45.4947425" lon="9.1465545"/>
 <node id="1500362294" visible="true" version="5" changeset="151666800" timestamp="2024-05-22T09:59:03Z" user="nu99et" uid="20905165" lat="45.4948749" lon="9.1481986">
  <tag k="crossing" v="marked"/>
  <tag k="highway" v="crossing"/>
  <tag k="tactile_paving" v="no"/>
 </node>
 <node id="1500362315" visible="true" version="4" changeset="151666800" timestamp="2024-05-22T09:59:01Z" user="nu99et" uid="20905165" lat="45.4951700" lon="9.1477118">
  <tag k="crossing" v="marked"/>
  <tag k="highway" v="crossing"/>
  <tag k="tactile_paving" v="no"/>
 </node>
 <node id="1500362316" visible="true" version="8" changeset="151666800" timestamp="2024-05-22T09:59:01Z" user="nu99et" uid="20905165" lat="45.4952648" lon="9.1477418">
  <tag k="crossing" v="marked"/>
  <tag k="crossing:island" v="no"/>
  <tag k="highway" v="crossing"/>
  <tag k="mapillary" v="935232943966381"/>
  <tag k="survey:date" v="2020-06-15"/>
  <tag k="tactile_paving" v="no"/>
  <tag k="wheelchair" v="yes"/>
 </node>
 <node id="1500373024" visible="true" version="1" changeset="9807308" timestamp="2011-11-12T18:52:19Z" user="ilrobi" uid="22110" lat="45.4956303" lon="9.1447770"/>
 <node id="1500373027" visible="true" version="1" changeset="9807308" timestamp="2011-11-12T18:52:19Z" user="ilrobi" uid="22110" lat="45.4956420" lon="9.1448022"/>
 <node id="1500373034" visible="true" version="1" changeset="9807308" timestamp="2011-11-12T18:52:19Z" user="ilrobi" uid="22110" lat="45.4956846" lon="9.1449674"/>
 <node id="1500373041" visible="true" version="1" changeset="9807308" timestamp="2011-11-12T18:52:20Z" user="ilrobi" uid="22110" lat="45.4956865" lon="9.1447789"/>
 <node id="1500373042" visible="true" version="1" changeset="9807308" timestamp="2011-11-12T18:52:20Z" user="ilrobi" uid="22110" lat="45.4956891" lon="9.1447882"/>
 <node id="1500373044" visible="true" version="1" changeset="9807308" timestamp="2011-11-12T18:52:20Z" user="ilrobi" uid="22110" lat="45.4956995" lon="9.1445923"/>
 <node id="1500373047" visible="true" version="1" changeset="9807308" timestamp="2011-11-12T18:52:20Z" user="ilrobi" uid="22110" lat="45.4957323" lon="9.1447294"/>
 <node id="1500373061" visible="true" version="1" changeset="9807308" timestamp="2011-11-12T18:52:20Z" user="ilrobi" uid="22110" lat="45.4957883" lon="9.1446451"/>
 <node id="1500373064" visible="true" version="1" changeset="9807308" timestamp="2011-11-12T18:52:20Z" user="ilrobi" uid="22110" lat="45.4957971" lon="9.1447275"/>
 <node id="1500373068" visible="true" version="1" changeset="9807308" timestamp="2011-11-12T18:52:20Z" user="ilrobi" uid="22110" lat="45.4958050" lon="9.1447032"/>
 <node id="1500373070" visible="true" version="1" changeset="9807308" timestamp="2011-11-12T18:52:20Z" user="ilrobi" uid="22110" lat="45.4958078" lon="9.1445052"/>
 <node id="1500373071" visible="true" version="1" changeset="9807308" timestamp="2011-11-12T18:52:20Z" user="ilrobi" uid="22110" lat="45.4958170" lon="9.1444220"/>
 <node id="1500373081" visible="true" version="1" changeset="9807308" timestamp="2011-11-12T18:52:21Z" user="ilrobi" uid="22110" lat="45.4958290" lon="9.1444537"/>
 <node id="1500373087" visible="true" version="1" changeset="9807308" timestamp="2011-11-12T18:52:21Z" user="ilrobi" uid="22110" lat="45.4958370" lon="9.1448872"/>
 <node id="1500373091" visible="true" version="1" changeset="9807308" timestamp="2011-11-12T18:52:21Z" user="ilrobi" uid="22110" lat="45.4958448" lon="9.1446081"/>
 <node id="1500373093" visible="true" version="1" changeset="9807308" timestamp="2011-11-12T18:52:21Z" user="ilrobi" uid="22110" lat="45.4958531" lon="9.1444339"/>
 <node id="1500373102" visible="true" version="1" changeset="9807308" timestamp="2011-11-12T18:52:21Z" user="ilrobi" uid="22110" lat="45.4958799" lon="9.1446332"/>
 <node id="1500373107" visible="true" version="1" changeset="9807308" timestamp="2011-11-12T18:52:21Z" user="ilrobi" uid="22110" lat="45.4958947" lon="9.1446689"/>
 <node id="1500373113" visible="true" version="1" changeset="9807308" timestamp="2011-11-12T18:52:21Z" user="ilrobi" uid="22110" lat="45.4959095" lon="9.1446081"/>
 <node id="1500373148" visible="true" version="2" changeset="131803828" timestamp="2023-01-28T11:23:10Z" user="f_gonella" uid="8716397" lat="45.4960289" lon="9.1470709">
  <tag k="crossing" v="uncontrolled"/>
  <tag k="highway" v="crossing"/>
 </node>
 <node id="1500373158" visible="true" version="4" changeset="151666800" timestamp="2024-05-22T09:58:57Z" user="nu99et" uid="20905165" lat="45.4960486" lon="9.1469164">
  <tag k="crossing" v="marked"/>
  <tag k="highway" v="crossing"/>
  <tag k="tactile_paving" v="no"/>
 </node>
 <node id="1500602003" visible="true" version="5" changeset="127025007" timestamp="2022-10-05T03:23:43Z" user="kmpoppe (@ Mapillary Update)" uid="14309561" lat="45.4942242" lon="9.1444937">
  <tag k="crossing" v="marked"/>
  <tag k="highway" v="crossing"/>
  <tag k="mapillary" v="798110534438399"/>
  <tag k="survey:date" v="2020-02-22"/>
  <tag k="wheelchair" v="limited"/>
 </node>
 <node id="1500602030" visible="true" version="2" changeset="74481056" timestamp="2019-09-14T18:14:10Z" user="Alecs01" uid="1476146" lat="45.4946844" lon="9.1458570"/>
 <node id="1500602033" visible="true" version="2" changeset="74481056" timestamp="2019-09-14T18:14:10Z" user="Alecs01" uid="1476146" lat="45.4947221" lon="9.1459831"/>
 <node id="1500602043" visible="true" version="2" changeset="74481056" timestamp="2019-09-14T18:14:10Z" user="Alecs01" uid="1476146" lat="45.4948516" lon="9.1459793"/>
 <node id="1500602045" visible="true" version="2" changeset="74481056" timestamp="2019-09-14T18:14:10Z" user="Alecs01" uid="1476146" lat="45.4949066" lon="9.1462251"/>
 <node id="1500602047" visible="true" version="2" changeset="74481056" timestamp="2019-09-14T18:14:10Z" user="Alecs01" uid="1476146" lat="45.4949224" lon="9.1462155"/>
 <node id="1500602049" visible="true" version="2" changeset="74481056" timestamp="2019-09-14T18:14:10Z" user="Alecs01" uid="1476146" lat="45.4949336" lon="9.1459293"/>
 <node id="1500602051" visible="true" version="1" changeset="9808386" timestamp="2011-11-12T20:47:33Z" user="ilrobi" uid="22110" lat="45.4949643" lon="9.1461843"/>
 <node id="1500602052" visible="true" version="1" changeset="9808386" timestamp="2011-11-12T20:47:33Z" user="ilrobi" uid="22110" lat="45.4949955" lon="9.1465134"/>
 <node id="1500602055" visible="true" version="2" changeset="74481056" timestamp="2019-09-14T18:14:10Z" user="Alecs01" uid="1476146" lat="45.4950035" lon="9.1461627"/>
 <node id="1500602057" visible="true" version="1" changeset="9808386" timestamp="2011-11-12T20:47:33Z" user="ilrobi" uid="22110" lat="45.4950127" lon="9.1465811"/>
 <node id="1500602060" visible="true" version="1" changeset="9808386" timestamp="2011-11-12T20:47:33Z" user="ilrobi" uid="22110" lat="45.4950135" lon="9.1463436"/>
 <node id="1500602061" visible="true" version="2" changeset="74481056" timestamp="2019-09-14T18:14:10Z" user="Alecs01" uid="1476146" lat="45.4949955" lon="9.1456674"/>
 <node id="1500602065" visible="true" version="2" changeset="74481056" timestamp="2019-09-14T18:14:10Z" user="Alecs01" uid="1476146" lat="45.4950333" lon="9.1457935"/>
 <node id="1500602068" visible="true" version="2" changeset="74481056" timestamp="2019-09-14T18:14:10Z" user="Alecs01" uid="1476146" lat="45.4950549" lon="9.1458657"/>
 <node id="1500602070" visible="true" version="1" changeset="9808386" timestamp="2011-11-12T20:47:33Z" user="ilrobi" uid="22110" lat="45.4950572" lon="9.1467442"/>
 <node id="1500602091" visible="true" version="1" changeset="9808386" timestamp="2011-11-12T20:47:33Z" user="ilrobi" uid="22110" lat="45.4950743" lon="9.1463089"/>
 <node id="1500602094" visible="true" version="1" changeset="9808386" timestamp="2011-11-12T20:47:34Z" user="ilrobi" uid="22110" lat="45.4950867" lon="9.1463540"/>
 <node id="1500602095" visible="true" version="2" changeset="74481056" timestamp="2019-09-14T18:14:10Z" user="Alecs01" uid="1476146" lat="45.4950968" lon="9.1460055"/>
 <node id="1500602098" visible="true" version="1" changeset="9808386" timestamp="2011-11-12T20:47:34Z" user="ilrobi" uid="22110" lat="45.4951108" lon="9.1465267"/>
 <node id="1500602100" visible="true" version="1" changeset="9808386" timestamp="2011-11-12T20:47:34Z" user="ilrobi" uid="22110" lat="45.4951316" lon="9.1463284"/>
 <node id="1500602103" visible="true" version="1" changeset="9808386" timestamp="2011-11-12T20:47:34Z" user="ilrobi" uid="22110" lat="45.4951389" lon="9.1463504"/>
 <node id="1500602107" visible="true" version="1" changeset="9808386" timestamp="2011-11-12T20:47:34Z" user="ilrobi" uid="22110" lat="45.4951461" lon="9.1458087"/>
 <node id="1500602109" visible="true" version="1" changeset="9808386" timestamp="2011-11-12T20:47:34Z" user="ilrobi" uid="22110" lat="45.4951469" lon="9.1467758"/>
 <node id="1500602112" visible="true" version="1" changeset="9808386" timestamp="2011-11-12T20:47:34Z" user="ilrobi" uid="22110" lat="45.4951552" lon="9.1466898"/>
 <node id="1500602116" visible="true" version="1" changeset="9808386" timestamp="2011-11-12T20:47:34Z" user="ilrobi" uid="22110" lat="45.4951889" lon="9.1459479"/>
 <node id="1500602118" visible="true" version="1" changeset="9808386" timestamp="2011-11-12T20:47:34Z" user="ilrobi" uid="22110" lat="45.4952167" lon="9.1464723"/>
 <node id="1500602120" visible="true" version="1" changeset="9808386" timestamp="2011-11-12T20:47:34Z" user="ilrobi" uid="22110" lat="45.4952203" lon="9.1476623"/>
 <node id="1500602124" visible="true" version="1" changeset="9808386" timestamp="2011-11-12T20:47:34Z" user="ilrobi" uid="22110" lat="45.4952223" lon="9.1456837"/>
 <node id="1500602127" visible="true" version="1" changeset="9808386" timestamp="2011-11-12T20:47:34Z" user="ilrobi" uid="22110" lat="45.4952241" lon="9.1472885"/>
 <node id="1500602135" visible="true" version="1" changeset="9808386" timestamp="2011-11-12T20:47:34Z" user="ilrobi" uid="22110" lat="45.4952589" lon="9.1466203"/>
 <node id="1500602138" visible="true" version="1" changeset="9808386" timestamp="2011-11-12T20:47:34Z" user="ilrobi" uid="22110" lat="45.4952595" lon="9.1471626"/>
 <node id="1500602151" visible="true" version="1" changeset="9808386" timestamp="2011-11-12T20:47:34Z" user="ilrobi" uid="22110" lat="45.4952673" lon="9.1474356"/>
 <node id="1500602164" visible="true" version="1" changeset="9808386" timestamp="2011-11-12T20:47:35Z" user="ilrobi" uid="22110" lat="45.4952848" lon="9.1458986"/>
 <node id="1500602175" visible="true" version="1" changeset="9808386" timestamp="2011-11-12T20:47:35Z" user="ilrobi" uid="22110" lat="45.4953006" lon="9.1462588"/>
 <node id="1500602180" visible="true" version="1" changeset="9808386" timestamp="2011-11-12T20:47:35Z" user="ilrobi" uid="22110" lat="45.4953105" lon="9.1464179"/>
 <node id="1500602189" visible="true" version="1" changeset="9808386" timestamp="2011-11-12T20:47:35Z" user="ilrobi" uid="22110" lat="45.4953186" lon="9.1463186"/>
 <node id="1500602193" visible="true" version="1" changeset="9808386" timestamp="2011-11-12T20:47:35Z" user="ilrobi" uid="22110" lat="45.4953414" lon="9.1473477"/>
 <node id="1500602194" visible="true" version="1" changeset="9808386" timestamp="2011-11-12T20:47:35Z" user="ilrobi" uid="22110" lat="45.4953426" lon="9.1468233"/>
 <node id="1500602196" visible="true" version="1" changeset="9808386" timestamp="2011-11-12T20:47:35Z" user="ilrobi" uid="22110" lat="45.4953478" lon="9.1473575"/>
 <node id="1500602198" visible="true" version="1" changeset="9808386" timestamp="2011-11-12T20:47:35Z" user="ilrobi" uid="22110" lat="45.4953527" lon="9.1465659"/>
 <node id="1500602201" visible="true" version="1" changeset="9808386" timestamp="2011-11-12T20:47:35Z" user="ilrobi" uid="22110" lat="45.4953750" lon="9.1462871"/>
 <node id="1500602203" visible="true" version="1" changeset="9808386" timestamp="2011-11-12T20:47:35Z" user="ilrobi" uid="22110" lat="45.4953978" lon="9.1462759"/>
 <node id="1500602206" visible="true" version="1" changeset="9808386" timestamp="2011-11-12T20:47:35Z" user="ilrobi" uid="22110" lat="45.4954061" lon="9.1470271"/>
 <node id="1500602210" visible="true" version="1" changeset="9808386" timestamp="2011-11-12T20:47:35Z" user="ilrobi" uid="22110" lat="45.4954186" lon="9.1467750"/>
 <node id="1500602218" visible="true" version="1" changeset="9808386" timestamp="2011-11-12T20:47:35Z" user="ilrobi" uid="22110" lat="45.4954458" lon="9.1472580"/>
 <node id="1500602233" visible="true" version="1" changeset="9808386" timestamp="2011-11-12T20:47:35Z" user="ilrobi" uid="22110" lat="45.4954471" lon="9.1471500"/>
 <node id="1500602242" visible="true" version="1" changeset="9808386" timestamp="2011-11-12T20:47:36Z" user="ilrobi" uid="22110" lat="45.4954505" lon="9.1472708"/>
 <node id="1500602245" visible="true" version="1" changeset="9808386" timestamp="2011-11-12T20:47:36Z" user="ilrobi" uid="22110" lat="45.4954608" lon="9.1472007"/>
 <node id="1500602249" visible="true" version="1" changeset="9808386" timestamp="2011-11-12T20:47:36Z" user="ilrobi" uid="22110" lat="45.4954666" lon="9.1465851"/>
 <node id="1500602252" visible="true" version="1" changeset="9808386" timestamp="2011-11-12T20:47:36Z" user="ilrobi" uid="22110" lat="45.4954821" lon="9.1469788"/>
 <node id="1500602254" visible="true" version="1" changeset="9808386" timestamp="2011-11-12T20:47:36Z" user="ilrobi" uid="22110" lat="45.4954888" lon="9.1467525"/>
 <node id="1500602255" visible="true" version="1" changeset="9808386" timestamp="2011-11-12T20:47:36Z" user="ilrobi" uid="22110" lat="45.4954941" lon="9.1471317"/>
 <node id="1500602260" visible="true" version="1" changeset="9808386" timestamp="2011-11-12T20:47:36Z" user="ilrobi" uid="22110" lat="45.4955027" lon="9.1471677"/>
 <node id="1500602268" visible="true" version="1" changeset="9808386" timestamp="2011-11-12T20:47:36Z" user="ilrobi" uid="22110" lat="45.4955309" lon="9.1473703"/>
 <node id="1500602271" visible="true" version="1" changeset="9808386" timestamp="2011-11-12T20:47:36Z" user="ilrobi" uid="22110" lat="45.4955318" lon="9.1467240"/>
 <node id="1500602278" visible="true" version="1" changeset="9808386" timestamp="2011-11-12T20:47:36Z" user="ilrobi" uid="22110" lat="45.4955398" lon="9.1473878"/>
 <node id="1500602280" visible="true" version="1" changeset="9808386" timestamp="2011-11-12T20:47:36Z" user="ilrobi" uid="22110" lat="45.4955524" lon="9.1469873"/>
 <node id="1500602300" visible="true" version="1" changeset="9808386" timestamp="2011-11-12T20:47:36Z" user="ilrobi" uid="22110" lat="45.4955874" lon="9.1470627"/>
 <node id="1500602305" visible="true" version="1" changeset="9808386" timestamp="2011-11-12T20:47:36Z" user="ilrobi" uid="22110" lat="45.4955904" lon="9.1470780"/>
 <node id="1500602308" visible="true" version="1" changeset="9808386" timestamp="2011-11-12T20:47:36Z" user="ilrobi" uid="22110" lat="45.4956242" lon="9.1470389"/>
 <node id="1500602316" visible="true" version="1" changeset="9808386" timestamp="2011-11-12T20:47:37Z" user="ilrobi" uid="22110" lat="45.4956413" lon="9.1471084"/>
 <node id="1500602318" visible="true" version="1" changeset="9808386" timestamp="2011-11-12T20:47:37Z" user="ilrobi" uid="22110" lat="45.4956448" lon="9.1471127"/>
 <node id="1500602329" visible="true" version="1" changeset="9808386" timestamp="2011-11-12T20:47:37Z" user="ilrobi" uid="22110" lat="45.4957025" lon="9.1470614"/>
 <node id="1500602336" visible="true" version="1" changeset="9808386" timestamp="2011-11-12T20:47:37Z" user="ilrobi" uid="22110" lat="45.4957072" lon="9.1470693"/>
 <node id="1500602340" visible="true" version="1" changeset="9808386" timestamp="2011-11-12T20:47:37Z" user="ilrobi" uid="22110" lat="45.4957321" lon="9.1470321"/>
 <node id="1500602342" visible="true" version="1" changeset="9808386" timestamp="2011-11-12T20:47:37Z" user="ilrobi" uid="22110" lat="45.4957359" lon="9.1470431"/>
 <node id="1500602343" visible="true" version="1" changeset="9808386" timestamp="2011-11-12T20:47:37Z" user="ilrobi" uid="22110" lat="45.4957826" lon="9.1469649"/>
 <node id="1500602345" visible="true" version="1" changeset="9808386" timestamp="2011-11-12T20:47:37Z" user="ilrobi" uid="22110" lat="45.4957890" lon="9.1469838"/>
 <node id="1500602348" visible="true" version="1" changeset="9808386" timestamp="2011-11-12T20:47:37Z" user="ilrobi" uid="22110" lat="45.4958159" lon="9.1466914"/>
 <node id="1500602356" visible="true" version="1" changeset="9808386" timestamp="2011-11-12T20:47:37Z" user="ilrobi" uid="22110" lat="45.4958314" lon="9.1470785"/>
 <node id="1500602375" visible="true" version="1" changeset="9808386" timestamp="2011-11-12T20:47:37Z" user="ilrobi" uid="22110" lat="45.4958425" lon="9.1471114"/>
 <node id="1500602379" visible="true" version="1" changeset="9808386" timestamp="2011-11-12T20:47:37Z" user="ilrobi" uid="22110" lat="45.4958613" lon="9.1468831"/>
 <node id="1500602388" visible="true" version="1" changeset="9808386" timestamp="2011-11-12T20:47:37Z" user="ilrobi" uid="22110" lat="45.4958960" lon="9.1465385"/>
 <node id="1500602390" visible="true" version="1" changeset="9808386" timestamp="2011-11-12T20:47:37Z" user="ilrobi" uid="22110" lat="45.4959229" lon="9.1466340"/>
 <node id="1500602395" visible="true" version="1" changeset="9808386" timestamp="2011-11-12T20:47:38Z" user="ilrobi" uid="22110" lat="45.4959383" lon="9.1467964"/>
 <node id="1500602397" visible="true" version="1" changeset="9808386" timestamp="2011-11-12T20:47:38Z" user="ilrobi" uid="22110" lat="45.4959495" lon="9.1468477"/>
 <node id="1500602402" visible="true" version="1" changeset="9808386" timestamp="2011-11-12T20:47:38Z" user="ilrobi" uid="22110" lat="45.4959580" lon="9.1467866"/>
 <node id="1500602404" visible="true" version="1" changeset="9808386" timestamp="2011-11-12T20:47:38Z" user="ilrobi" uid="22110" lat="45.4959751" lon="9.1468330"/>
 <node id="1500602413" visible="true" version="1" changeset="9808386" timestamp="2011-11-12T20:47:38Z" user="ilrobi" uid="22110" lat="45.4960034" lon="9.1469637"/>
 <node id="1538079285" visible="true" version="9" changeset="151666800" timestamp="2024-05-22T09:58:54Z" user="nu99et" uid="20905165" lat="45.4965340" lon="9.1465800">
  <tag k="crossing" v="marked"/>
  <tag k="crossing:island" v="no"/>
  <tag k="highway" v="crossing"/>
  <tag k="mapillary" v="899908907223471"/>
  <tag k="survey:date" v="2020-06-15"/>
  <tag k="tactile_paving" v="no"/>
  <tag k="wheelchair" v="yes"/>
 </node>
 <node id="1538079293" visible="true" version="8" changeset="151666800" timestamp="2024-05-22T09:58:55Z" user="nu99et" uid="20905165" lat="45.4966229" lon="9.1466271">
  <tag k="crossing" v="marked"/>
  <tag k="crossing:island" v="no"/>
  <tag k="highway" v="crossing"/>
  <tag k="mapillary" v="1618783001645552"/>
  <tag k="survey:date" v="2020-06-15"/>
  <tag k="tactile_paving" v="no"/>
  <tag k="wheelchair" v="yes"/>
 </node>
 <node id="1538079295" visible="true" version="10" changeset="151666800" timestamp="2024-05-22T09:58:55Z" user="nu99et" uid="20905165" lat="45.4966308" lon="9.1464835">
  <tag k="crossing" v="marked"/>
  <tag k="crossing:island" v="no"/>
  <tag k="highway" v="crossing"/>
  <tag k="mapillary" v="1170813063366478"/>
  <tag k="survey:date" v="2020-02-09"/>
  <tag k="tactile_paving" v="no"/>
  <tag k="wheelchair" v="yes"/>
 </node>
 <node id="1538079297" visible="true" version="2" changeset="52227229" timestamp="2017-09-20T22:59:40Z" user="fedc" uid="602784" lat="45.4965216" lon="9.1471034"/>
 <node id="1538079299" visible="true" version="1" changeset="10072720" timestamp="2011-12-09T12:31:38Z" user="ilrobi" uid="22110" lat="45.4968622" lon="9.1467941"/>
 <node id="1538079301" visible="true" version="1" changeset="10072720" timestamp="2011-12-09T12:31:38Z" user="ilrobi" uid="22110" lat="45.4969073" lon="9.1469058"/>
 <node id="1538079303" visible="true" version="1" changeset="10072720" timestamp="2011-12-09T12:31:38Z" user="ilrobi" uid="22110" lat="45.4969239" lon="9.1468905"/>
 <node id="1538079306" visible="true" version="1" changeset="10072720" timestamp="2011-12-09T12:31:38Z" user="ilrobi" uid="22110" lat="45.4969416" lon="9.1469334"/>
 <node id="1538079308" visible="true" version="1" changeset="10072720" timestamp="2011-12-09T12:31:38Z" user="ilrobi" uid="22110" lat="45.4969464" lon="9.1467222"/>
 <node id="1538079310" visible="true" version="1" changeset="10072720" timestamp="2011-12-09T12:31:38Z" user="ilrobi" uid="22110" lat="45.4969856" lon="9.1468201"/>
 <node id="1538079312" visible="true" version="1" changeset="10072720" timestamp="2011-12-09T12:31:38Z" user="ilrobi" uid="22110" lat="45.4970027" lon="9.1468071"/>
 <node id="1538079314" visible="true" version="1" changeset="10072720" timestamp="2011-12-09T12:31:38Z" user="ilrobi" uid="22110" lat="45.4970269" lon="9.1468691"/>
 <node id="1538079316" visible="true" version="5" changeset="126737208" timestamp="2022-09-28T11:48:12Z" user="Balaabirami" uid="8350372" lat="45.4972216" lon="9.1488373"/>
 <node id="1538079318" visible="true" version="3" changeset="63126936" timestamp="2018-10-02T14:44:05Z" user="Cerrotorre1974" uid="576807" lat="45.4973671" lon="9.1488848"/>
 <node id="1538079322" visible="true" version="1" changeset="10072720" timestamp="2011-12-09T12:31:38Z" user="ilrobi" uid="22110" lat="45.4973814" lon="9.1457737"/>
 <node id="1538079326" visible="true" version="5" changeset="126737208" timestamp="2022-09-28T11:48:12Z" user="Balaabirami" uid="8350372" lat="45.4974025" lon="9.1485942">
  <tag k="highway" v="crossing"/>
 </node>
 <node id="1538079330" visible="true" version="3" changeset="63126936" timestamp="2018-10-02T14:44:05Z" user="Cerrotorre1974" uid="576807" lat="45.4974332" lon="9.1488021"/>
 <node id="1538079332" visible="true" version="1" changeset="10072720" timestamp="2011-12-09T12:31:39Z" user="ilrobi" uid="22110" lat="45.4974944" lon="9.1459966"/>
 <node id="1538079334" visible="true" version="3" changeset="63126936" timestamp="2018-10-02T14:44:05Z" user="Cerrotorre1974" uid="576807" lat="45.4974883" lon="9.1490858"/>
 <node id="1538079340" visible="true" version="3" changeset="63126936" timestamp="2018-10-02T14:44:05Z" user="Cerrotorre1974" uid="576807" lat="45.4975363" lon="9.1490520"/>
 <node id="1538079341" visible="true" version="1" changeset="10072720" timestamp="2011-12-09T12:31:39Z" user="ilrobi" uid="22110" lat="45.4975498" lon="9.1461005"/>
 <node id="1538079343" visible="true" version="1" changeset="10072720" timestamp="2011-12-09T12:31:39Z" user="ilrobi" uid="22110" lat="45.4975513" lon="9.1455909"/>
 <node id="1538079345" visible="true" version="1" changeset="10072720" timestamp="2011-12-09T12:31:39Z" user="ilrobi" uid="22110" lat="45.4975680" lon="9.1459090"/>
 <node id="1538079347" visible="true" version="1" changeset="10072720" timestamp="2011-12-09T12:31:39Z" user="ilrobi" uid="22110" lat="45.4976220" lon="9.1480420"/>
 <node id="1538079349" visible="true" version="1" changeset="10072720" timestamp="2011-12-09T12:31:39Z" user="ilrobi" uid="22110" lat="45.4976302" lon="9.1460042"/>
 <node id="1538079351" visible="true" version="1" changeset="10072720" timestamp="2011-12-09T12:31:39Z" user="ilrobi" uid="22110" lat="45.4976378" lon="9.1458008"/>
 <node id="1538079353" visible="true" version="1" changeset="10072720" timestamp="2011-12-09T12:31:39Z" user="ilrobi" uid="22110" lat="45.4976446" lon="9.1462628"/>
 <node id="1538079355" visible="true" version="1" changeset="10072720" timestamp="2011-12-09T12:31:39Z" user="ilrobi" uid="22110" lat="45.4976780" lon="9.1462996"/>
 <node id="1538079359" visible="true" version="1" changeset="10072720" timestamp="2011-12-09T12:31:40Z" user="ilrobi" uid="22110" lat="45.4976863" lon="9.1457564"/>
 <node id="1538079361" visible="true" version="1" changeset="10072720" timestamp="2011-12-09T12:31:40Z" user="ilrobi" uid="22110" lat="45.4976885" lon="9.1455921"/>
 <node id="1538079363" visible="true" version="1" changeset="10072720" timestamp="2011-12-09T12:31:40Z" user="ilrobi" uid="22110" lat="45.4976992" lon="9.1482363"/>
 <node id="1538079365" visible="true" version="2" changeset="49009951" timestamp="2017-05-26T19:07:22Z" user="fedc" uid="602784" lat="45.4977057" lon="9.1463410"/>
 <node id="1538079367" visible="true" version="1" changeset="10072720" timestamp="2011-12-09T12:31:40Z" user="ilrobi" uid="22110" lat="45.4977085" lon="9.1463951"/>
 <node id="1538079370" visible="true" version="1" changeset="10072720" timestamp="2011-12-09T12:31:40Z" user="ilrobi" uid="22110" lat="45.4977250" lon="9.1461719"/>
 <node id="1538079372" visible="true" version="1" changeset="10072720" timestamp="2011-12-09T12:31:40Z" user="ilrobi" uid="22110" lat="45.4977310" lon="9.1479539"/>
 <node id="1538079374" visible="true" version="1" changeset="10072720" timestamp="2011-12-09T12:31:40Z" user="ilrobi" uid="22110" lat="45.4977385" lon="9.1456722"/>
 <node id="1538079376" visible="true" version="1" changeset="10072720" timestamp="2011-12-09T12:31:40Z" user="ilrobi" uid="22110" lat="45.4977501" lon="9.1462282"/>
 <node id="1538079377" visible="true" version="1" changeset="10072720" timestamp="2011-12-09T12:31:40Z" user="ilrobi" uid="22110" lat="45.4977551" lon="9.1453411"/>
 <node id="1538079379" visible="true" version="1" changeset="10072720" timestamp="2011-12-09T12:31:40Z" user="ilrobi" uid="22110" lat="45.4977667" lon="9.1456839"/>
 <node id="1538079382" visible="true" version="1" changeset="10072720" timestamp="2011-12-09T12:31:40Z" user="ilrobi" uid="22110" lat="45.4977772" lon="9.1454937"/>
 <node id="1538079384" visible="true" version="1" changeset="10072720" timestamp="2011-12-09T12:31:40Z" user="ilrobi" uid="22110" lat="45.4978024" lon="9.1460313"/>
 <node id="1538079385" visible="true" version="1" changeset="10072720" timestamp="2011-12-09T12:31:40Z" user="ilrobi" uid="22110" lat="45.4978082" lon="9.1481482"/>
 <node id="1538079387" visible="true" version="1" changeset="10072720" timestamp="2011-12-09T12:31:40Z" user="ilrobi" uid="22110" lat="45.4978138" lon="9.1462260"/>
 <node id="1538079389" visible="true" version="1" changeset="10072720" timestamp="2011-12-09T12:31:40Z" user="ilrobi" uid="22110" lat="45.4978139" lon="9.1463064"/>
 <node id="1538079391" visible="true" version="2" changeset="132931417" timestamp="2023-02-23T15:18:27Z" user="aa30mom" uid="13840929" lat="45.4978165" lon="9.1454715"/>
 <node id="1538079397" visible="true" version="1" changeset="10072720" timestamp="2011-12-09T12:31:40Z" user="ilrobi" uid="22110" lat="45.4978221" lon="9.1458094"/>
 <node id="1538079399" visible="true" version="2" changeset="49009951" timestamp="2017-05-26T19:07:22Z" user="fedc" uid="602784" lat="45.4978204" lon="9.1462466"/>
 <node id="1538079400" visible="true" version="1" changeset="10072720" timestamp="2011-12-09T12:31:41Z" user="ilrobi" uid="22110" lat="45.4978326" lon="9.1455824"/>
 <node id="1538079402" visible="true" version="1" changeset="10072720" timestamp="2011-12-09T12:31:41Z" user="ilrobi" uid="22110" lat="45.4978571" lon="9.1467663"/>
 <node id="1538079404" visible="true" version="1" changeset="10072720" timestamp="2011-12-09T12:31:41Z" user="ilrobi" uid="22110" lat="45.4978669" lon="9.1455898"/>
 <node id="1538079406" visible="true" version="1" changeset="10072720" timestamp="2011-12-09T12:31:41Z" user="ilrobi" uid="22110" lat="45.4978706" lon="9.1460940"/>
 <node id="1538079408" visible="true" version="1" changeset="10072720" timestamp="2011-12-09T12:31:41Z" user="ilrobi" uid="22110" lat="45.4978837" lon="9.1467468"/>
 <node id="1538079409" visible="true" version="1" changeset="10072720" timestamp="2011-12-09T12:31:41Z" user="ilrobi" uid="22110" lat="45.4978851" lon="9.1457543"/>
 <node id="1538079411" visible="true" version="1" changeset="10072720" timestamp="2011-12-09T12:31:41Z" user="ilrobi" uid="22110" lat="45.4978987" lon="9.1461600"/>
 <node id="1538079417" visible="true" version="1" changeset="10072720" timestamp="2011-12-09T12:31:41Z" user="ilrobi" uid="22110" lat="45.4979125" lon="9.1467143"/>
 <node id="1538079419" visible="true" version="1" changeset="10072720" timestamp="2011-12-09T12:31:41Z" user="ilrobi" uid="22110" lat="45.4979298" lon="9.1457077"/>
 <node id="1538079421" visible="true" version="1" changeset="10072720" timestamp="2011-12-09T12:31:41Z" user="ilrobi" uid="22110" lat="45.4979518" lon="9.1459057"/>
 <node id="1538079423" visible="true" version="1" changeset="10072720" timestamp="2011-12-09T12:31:41Z" user="ilrobi" uid="22110" lat="45.4979633" lon="9.1468885"/>
 <node id="1538079426" visible="true" version="1" changeset="10072720" timestamp="2011-12-09T12:31:41Z" user="ilrobi" uid="22110" lat="45.4979641" lon="9.1466743"/>
 <node id="1538079428" visible="true" version="1" changeset="10072720" timestamp="2011-12-09T12:31:41Z" user="ilrobi" uid="22110" lat="45.4979670" lon="9.1460150"/>
 <node id="1538079430" visible="true" version="1" changeset="10072720" timestamp="2011-12-09T12:31:41Z" user="ilrobi" uid="22110" lat="45.4979709" lon="9.1467641"/>
 <node id="1538079436" visible="true" version="1" changeset="10072720" timestamp="2011-12-09T12:31:42Z" user="ilrobi" uid="22110" lat="45.4979762" lon="9.1467251"/>
 <node id="1538079439" visible="true" version="1" changeset="10072720" timestamp="2011-12-09T12:31:42Z" user="ilrobi" uid="22110" lat="45.4979868" lon="9.1466407"/>
 <node id="1538079441" visible="true" version="1" changeset="10072720" timestamp="2011-12-09T12:31:42Z" user="ilrobi" uid="22110" lat="45.4979935" lon="9.1460789"/>
 <node id="1538079443" visible="true" version="1" changeset="10072720" timestamp="2011-12-09T12:31:42Z" user="ilrobi" uid="22110" lat="45.4980049" lon="9.1458722"/>
 <node id="1538079450" visible="true" version="1" changeset="10072720" timestamp="2011-12-09T12:31:42Z" user="ilrobi" uid="22110" lat="45.4980716" lon="9.1460140"/>
 <node id="1538079462" visible="true" version="2" changeset="49009951" timestamp="2017-05-26T19:07:22Z" user="fedc" uid="602784" lat="45.4981923" lon="9.1459406"/>
 <node id="1538079490" visible="true" version="1" changeset="10072720" timestamp="2011-12-09T12:31:43Z" user="ilrobi" uid="22110" lat="45.4982788" lon="9.1469361"/>
 <node id="1538079493" visible="true" version="1" changeset="10072720" timestamp="2011-12-09T12:31:44Z" user="ilrobi" uid="22110" lat="45.4982854" lon="9.1468439"/>
 <node id="1538079494" visible="true" version="1" changeset="10072720" timestamp="2011-12-09T12:31:44Z" user="ilrobi" uid="22110" lat="45.4982888" lon="9.1467949"/>
 <node id="1538079502" visible="true" version="1" changeset="10072720" timestamp="2011-12-09T12:31:44Z" user="ilrobi" uid="22110" lat="45.4982955" lon="9.1467003"/>
 <node id="1538079508" visible="true" version="2" changeset="49009951" timestamp="2017-05-26T19:07:22Z" user="fedc" uid="602784" lat="45.4983098" lon="9.1458440"/>
 <node id="1538079513" visible="true" version="1" changeset="10072720" timestamp="2011-12-09T12:31:44Z" user="ilrobi" uid="22110" lat="45.4983367" lon="9.1468513"/>
 <node id="1538079516" visible="true" version="1" changeset="10072720" timestamp="2011-12-09T12:31:44Z" user="ilrobi" uid="22110" lat="45.4983402" lon="9.1468023"/>
 <node id="1538079558" visible="true" version="2" changeset="49010062" timestamp="2017-05-26T19:11:41Z" user="fedc" uid="602784" lat="45.4984580" lon="9.1461684"/>
 <node id="1538079587" visible="true" version="2" changeset="49010062" timestamp="2017-05-26T19:11:41Z" user="fedc" uid="602784" lat="45.4986787" lon="9.1465059"/>
 <node id="1538079628" visible="true" version="3" changeset="49010062" timestamp="2017-05-26T19:11:41Z" user="fedc" uid="602784" lat="45.4989729" lon="9.1461920"/>
 <node id="1559516478" visible="true" version="1" changeset="10188816" timestamp="2011-12-23T17:42:33Z" user="ilrobi" uid="22110" lat="45.4966260" lon="9.1445294"/>
 <node id="1559516482" visible="true" version="2" changeset="49822857" timestamp="2017-06-25T20:58:43Z" user="fedc" uid="602784" lat="45.4966357" lon="9.1460416"/>
 <node id="1559516494" visible="true" version="1" changeset="10188816" timestamp="2011-12-23T17:42:33Z" user="ilrobi" uid="22110" lat="45.4966390" lon="9.1445480"/>
 <node id="1559516496" visible="true" version="1" changeset="10188816" timestamp="2011-12-23T17:42:33Z" user="ilrobi" uid="22110" lat="45.4966544" lon="9.1445539"/>
 <node id="1559516497" visible="true" version="1" changeset="10188816" timestamp="2011-12-23T17:42:33Z" user="ilrobi" uid="22110" lat="45.4966662" lon="9.1446189"/>
 <node id="1559516499" visible="true" version="1" changeset="10188816" timestamp="2011-12-23T17:42:33Z" user="ilrobi" uid="22110" lat="45.4966697" lon="9.1443251"/>
 <node id="1559516500" visible="true" version="1" changeset="10188816" timestamp="2011-12-23T17:42:33Z" user="ilrobi" uid="22110" lat="45.4966703" lon="9.1446417"/>
 <node id="1559516501" visible="true" version="1" changeset="10188816" timestamp="2011-12-23T17:42:34Z" user="ilrobi" uid="22110" lat="45.4966721" lon="9.1445944"/>
 <node id="1559516521" visible="true" version="1" changeset="10188816" timestamp="2011-12-23T17:42:34Z" user="ilrobi" uid="22110" lat="45.4967070" lon="9.1447514"/>
 <node id="1559516522" visible="true" version="1" changeset="10188816" timestamp="2011-12-23T17:42:34Z" user="ilrobi" uid="22110" lat="45.4967112" lon="9.1447345"/>
 <node id="1559516524" visible="true" version="1" changeset="10188816" timestamp="2011-12-23T17:42:34Z" user="ilrobi" uid="22110" lat="45.4967242" lon="9.1444500"/>
 <node id="1559516525" visible="true" version="2" changeset="49822857" timestamp="2017-06-25T20:58:43Z" user="fedc" uid="602784" lat="45.4967174" lon="9.1459474"/>
 <node id="1559516527" visible="true" version="1" changeset="10188816" timestamp="2011-12-23T17:42:34Z" user="ilrobi" uid="22110" lat="45.4967301" lon="9.1445049"/>
 <node id="1559516534" visible="true" version="2" changeset="49822857" timestamp="2017-06-25T20:58:43Z" user="fedc" uid="602784" lat="45.4967261" lon="9.1462284"/>
 <node id="1559516536" visible="true" version="1" changeset="10188816" timestamp="2011-12-23T17:42:35Z" user="ilrobi" uid="22110" lat="45.4967384" lon="9.1444534"/>
 <node id="1559516546" visible="true" version="1" changeset="10188816" timestamp="2011-12-23T17:42:35Z" user="ilrobi" uid="22110" lat="45.4967431" lon="9.1444627"/>
 <node id="1559516547" visible="true" version="1" changeset="10188816" timestamp="2011-12-23T17:42:35Z" user="ilrobi" uid="22110" lat="45.4967431" lon="9.1444897"/>
 <node id="1559516548" visible="true" version="1" changeset="10188816" timestamp="2011-12-23T17:42:35Z" user="ilrobi" uid="22110" lat="45.4967449" lon="9.1444762"/>
 <node id="1559516551" visible="true" version="1" changeset="10188816" timestamp="2011-12-23T17:42:35Z" user="ilrobi" uid="22110" lat="45.4967561" lon="9.1445589"/>
 <node id="1559516558" visible="true" version="2" changeset="49822857" timestamp="2017-06-25T20:58:43Z" user="fedc" uid="602784" lat="45.4967561" lon="9.1460290"/>
 <node id="1559516562" visible="true" version="1" changeset="10188816" timestamp="2011-12-23T17:42:36Z" user="ilrobi" uid="22110" lat="45.4967745" lon="9.1445429"/>
 <node id="1559516569" visible="true" version="1" changeset="10188816" timestamp="2011-12-23T17:42:36Z" user="ilrobi" uid="22110" lat="45.4967840" lon="9.1445623"/>
 <node id="1559516594" visible="true" version="1" changeset="10188816" timestamp="2011-12-23T17:42:37Z" user="ilrobi" uid="22110" lat="45.4968307" lon="9.1446290"/>
 <node id="1559516598" visible="true" version="1" changeset="10188816" timestamp="2011-12-23T17:42:37Z" user="ilrobi" uid="22110" lat="45.4968455" lon="9.1446619"/>
 <node id="1559516611" visible="true" version="1" changeset="10188816" timestamp="2011-12-23T17:42:38Z" user="ilrobi" uid="22110" lat="45.4968597" lon="9.1446628"/>
 <node id="1559516621" visible="true" version="1" changeset="10188816" timestamp="2011-12-23T17:42:38Z" user="ilrobi" uid="22110" lat="45.4968745" lon="9.1444829"/>
 <node id="1559516624" visible="true" version="1" changeset="10188816" timestamp="2011-12-23T17:42:38Z" user="ilrobi" uid="22110" lat="45.4968893" lon="9.1453111"/>
 <node id="1559516645" visible="true" version="1" changeset="10188816" timestamp="2011-12-23T17:42:39Z" user="ilrobi" uid="22110" lat="45.4969070" lon="9.1445682"/>
 <node id="1559516659" visible="true" version="1" changeset="10188816" timestamp="2011-12-23T17:42:40Z" user="ilrobi" uid="22110" lat="45.4969402" lon="9.1452554"/>
 <node id="1559516675" visible="true" version="1" changeset="10188816" timestamp="2011-12-23T17:42:40Z" user="ilrobi" uid="22110" lat="45.4969893" lon="9.1455315"/>
 <node id="1559516677" visible="true" version="1" changeset="10188816" timestamp="2011-12-23T17:42:40Z" user="ilrobi" uid="22110" lat="45.4969905" lon="9.1451879"/>
 <node id="1559516679" visible="true" version="1" changeset="10188816" timestamp="2011-12-23T17:42:40Z" user="ilrobi" uid="22110" lat="45.4969917" lon="9.1447371"/>
 <node id="1559516692" visible="true" version="1" changeset="10188816" timestamp="2011-12-23T17:42:41Z" user="ilrobi" uid="22110" lat="45.4969994" lon="9.1452039"/>
 <node id="1559516698" visible="true" version="1" changeset="10188816" timestamp="2011-12-23T17:42:41Z" user="ilrobi" uid="22110" lat="45.4970384" lon="9.1451229"/>
 <node id="1559516701" visible="true" version="1" changeset="10188816" timestamp="2011-12-23T17:42:41Z" user="ilrobi" uid="22110" lat="45.4970455" lon="9.1451381"/>
 <node id="1559516708" visible="true" version="1" changeset="10188816" timestamp="2011-12-23T17:42:42Z" user="ilrobi" uid="22110" lat="45.4970491" lon="9.1451153"/>
 <node id="1559516714" visible="true" version="1" changeset="10188816" timestamp="2011-12-23T17:42:42Z" user="ilrobi" uid="22110" lat="45.4970668" lon="9.1454631"/>
 <node id="1559516732" visible="true" version="1" changeset="10188816" timestamp="2011-12-23T17:42:42Z" user="ilrobi" uid="22110" lat="45.4971384" lon="9.1455999"/>
 <node id="1559516736" visible="true" version="1" changeset="10188816" timestamp="2011-12-23T17:42:42Z" user="ilrobi" uid="22110" lat="45.4971411" lon="9.1454596"/>
 <node id="1559516746" visible="true" version="1" changeset="10188816" timestamp="2011-12-23T17:42:43Z" user="ilrobi" uid="22110" lat="45.4971686" lon="9.1450469"/>
 <node id="1559516750" visible="true" version="1" changeset="10188816" timestamp="2011-12-23T17:42:43Z" user="ilrobi" uid="22110" lat="45.4971807" lon="9.1452950"/>
 <node id="1559516752" visible="true" version="1" changeset="10188816" timestamp="2011-12-23T17:42:43Z" user="ilrobi" uid="22110" lat="45.4971848" lon="9.1455373"/>
 <node id="1559516760" visible="true" version="1" changeset="10188816" timestamp="2011-12-23T17:42:43Z" user="ilrobi" uid="22110" lat="45.4972109" lon="9.1452570"/>
 <node id="1559516766" visible="true" version="1" changeset="10188816" timestamp="2011-12-23T17:42:44Z" user="ilrobi" uid="22110" lat="45.4972233" lon="9.1453667"/>
 <node id="1559516767" visible="true" version="2" changeset="20140349" timestamp="2014-01-22T12:27:27Z" user="ilrobi" uid="22110" lat="45.4972393" lon="9.1444294"/>
 <node id="1559516782" visible="true" version="1" changeset="10188816" timestamp="2011-12-23T17:42:44Z" user="ilrobi" uid="22110" lat="45.4972712" lon="9.1453465"/>
 <node id="1559516795" visible="true" version="1" changeset="10188816" timestamp="2011-12-23T17:42:45Z" user="ilrobi" uid="22110" lat="45.4972931" lon="9.1452340"/>
 <node id="1559516806" visible="true" version="2" changeset="74757133" timestamp="2019-09-21T19:08:14Z" user="Alecs01" uid="1476146" lat="45.4973203" lon="9.1452762"/>
 <node id="1559516832" visible="true" version="1" changeset="10188816" timestamp="2011-12-23T17:42:46Z" user="ilrobi" uid="22110" lat="45.4973559" lon="9.1453507"/>
 <node id="1559516836" visible="true" version="1" changeset="10188816" timestamp="2011-12-23T17:42:46Z" user="ilrobi" uid="22110" lat="45.4973600" lon="9.1452062"/>
 <node id="1559516856" visible="true" version="1" changeset="10188816" timestamp="2011-12-23T17:42:46Z" user="ilrobi" uid="22110" lat="45.4973712" lon="9.1452188"/>
 <node id="1559516862" visible="true" version="1" changeset="10188816" timestamp="2011-12-23T17:42:46Z" user="ilrobi" uid="22110" lat="45.4973825" lon="9.1451808"/>
 <node id="1559516863" visible="true" version="1" changeset="10188816" timestamp="2011-12-23T17:42:46Z" user="ilrobi" uid="22110" lat="45.4973925" lon="9.1451952"/>
 <node id="1559516890" visible="true" version="2" changeset="74757133" timestamp="2019-09-21T19:08:14Z" user="Alecs01" uid="1476146" lat="45.4973840" lon="9.1446501"/>
 <node id="1559516938" visible="true" version="1" changeset="10188816" timestamp="2011-12-23T17:42:48Z" user="ilrobi" uid="22110" lat="45.4974836" lon="9.1450643"/>
 <node id="1559516942" visible="true" version="1" changeset="10188816" timestamp="2011-12-23T17:42:48Z" user="ilrobi" uid="22110" lat="45.4974890" lon="9.1450829"/>
 <node id="1559516949" visible="true" version="1" changeset="10188816" timestamp="2011-12-23T17:42:49Z" user="ilrobi" uid="22110" lat="45.4975055" lon="9.1450373"/>
 <node id="1559516952" visible="true" version="1" changeset="10188816" timestamp="2011-12-23T17:42:49Z" user="ilrobi" uid="22110" lat="45.4975065" lon="9.1445108"/>
 <node id="1559516961" visible="true" version="2" changeset="20140349" timestamp="2014-01-22T12:27:27Z" user="ilrobi" uid="22110" lat="45.4975270" lon="9.1448514"/>
 <node id="1559516963" visible="true" version="1" changeset="10188816" timestamp="2011-12-23T17:42:49Z" user="ilrobi" uid="22110" lat="45.4975150" lon="9.1450550"/>
 <node id="1559516971" visible="true" version="1" changeset="10188816" timestamp="2011-12-23T17:42:49Z" user="ilrobi" uid="22110" lat="45.4975192" lon="9.1449520"/>
 <node id="1559516991" visible="true" version="1" changeset="10188816" timestamp="2011-12-23T17:42:50Z" user="ilrobi" uid="22110" lat="45.4975588" lon="9.1450078"/>
 <node id="1559517007" visible="true" version="2" changeset="74757133" timestamp="2019-09-21T19:08:14Z" user="Alecs01" uid="1476146" lat="45.4975761" lon="9.1449097"/>
 <node id="1559517018" visible="true" version="1" changeset="10188816" timestamp="2011-12-23T17:42:51Z" user="ilrobi" uid="22110" lat="45.4976213" lon="9.1447759"/>
 <node id="1559517020" visible="true" version="2" changeset="74757133" timestamp="2019-09-21T19:08:14Z" user="Alecs01" uid="1476146" lat="45.4976185" lon="9.1443910"/>
 <node id="1559517023" visible="true" version="1" changeset="10188816" timestamp="2011-12-23T17:42:52Z" user="ilrobi" uid="22110" lat="45.4976382" lon="9.1450038"/>
 <node id="1559517045" visible="true" version="1" changeset="10188816" timestamp="2011-12-23T17:42:52Z" user="ilrobi" uid="22110" lat="45.4977231" lon="9.1447679"/>
 <node id="1559517049" visible="true" version="1" changeset="10188816" timestamp="2011-12-23T17:42:52Z" user="ilrobi" uid="22110" lat="45.4977332" lon="9.1442482"/>
 <node id="1559517050" visible="true" version="1" changeset="10188816" timestamp="2011-12-23T17:42:52Z" user="ilrobi" uid="22110" lat="45.4977361" lon="9.1446611"/>
 <node id="1559517052" visible="true" version="1" changeset="10188816" timestamp="2011-12-23T17:42:53Z" user="ilrobi" uid="22110" lat="45.4977568" lon="9.1446754"/>
 <node id="1559517053" visible="true" version="1" changeset="10188816" timestamp="2011-12-23T17:42:53Z" user="ilrobi" uid="22110" lat="45.4977633" lon="9.1446856"/>
 <node id="1559517055" visible="true" version="1" changeset="10188816" timestamp="2011-12-23T17:42:53Z" user="ilrobi" uid="22110" lat="45.4977750" lon="9.1448527"/>
 <node id="1559517057" visible="true" version="1" changeset="10188816" timestamp="2011-12-23T17:42:53Z" user="ilrobi" uid="22110" lat="45.4977763" lon="9.1442052"/>
 <node id="1559517058" visible="true" version="1" changeset="10188816" timestamp="2011-12-23T17:42:53Z" user="ilrobi" uid="22110" lat="45.4978178" lon="9.1446417"/>
 <node id="1559517060" visible="true" version="1" changeset="10188816" timestamp="2011-12-23T17:42:53Z" user="ilrobi" uid="22110" lat="45.4978509" lon="9.1445859"/>
 <node id="1559517063" visible="true" version="1" changeset="10188816" timestamp="2011-12-23T17:42:53Z" user="ilrobi" uid="22110" lat="45.4978645" lon="9.1447523"/>
 <node id="1559517065" visible="true" version="1" changeset="10188816" timestamp="2011-12-23T17:42:53Z" user="ilrobi" uid="22110" lat="45.4978681" lon="9.1447421"/>
 <node id="1559517075" visible="true" version="1" changeset="10188816" timestamp="2011-12-23T17:42:54Z" user="ilrobi" uid="22110" lat="45.4978758" lon="9.1447700"/>
 <node id="1559517078" visible="true" version="1" changeset="10188816" timestamp="2011-12-23T17:42:54Z" user="ilrobi" uid="22110" lat="45.4978900" lon="9.1446957"/>
 <node id="1559517079" visible="true" version="1" changeset="10188816" timestamp="2011-12-23T17:42:54Z" user="ilrobi" uid="22110" lat="45.4978947" lon="9.1447244"/>
 <node id="1559517080" visible="true" version="1" changeset="10188816" timestamp="2011-12-23T17:42:54Z" user="ilrobi" uid="22110" lat="45.4978965" lon="9.1447506"/>
 <node id="1559517081" visible="true" version="1" changeset="10188816" timestamp="2011-12-23T17:42:54Z" user="ilrobi" uid="22110" lat="45.4979024" lon="9.1447151"/>
 <node id="1559517082" visible="true" version="1" changeset="10188816" timestamp="2011-12-23T17:42:54Z" user="ilrobi" uid="22110" lat="45.4979065" lon="9.1447691"/>
 <node id="1559517083" visible="true" version="1" changeset="10188816" timestamp="2011-12-23T17:42:54Z" user="ilrobi" uid="22110" lat="45.4979148" lon="9.1447599"/>
 <node id="1559517084" visible="true" version="1" changeset="10188816" timestamp="2011-12-23T17:42:54Z" user="ilrobi" uid="22110" lat="45.4979207" lon="9.1445167"/>
 <node id="1559517085" visible="true" version="1" changeset="10188816" timestamp="2011-12-23T17:42:54Z" user="ilrobi" uid="22110" lat="45.4979669" lon="9.1445978"/>
 <node id="1559517089" visible="true" version="1" changeset="10188816" timestamp="2011-12-23T17:42:54Z" user="ilrobi" uid="22110" lat="45.4980012" lon="9.1446535"/>
 <node id="1559517091" visible="true" version="1" changeset="10188816" timestamp="2011-12-23T17:42:54Z" user="ilrobi" uid="22110" lat="45.4980273" lon="9.1445252"/>
 <node id="1559517098" visible="true" version="1" changeset="10188816" timestamp="2011-12-23T17:42:55Z" user="ilrobi" uid="22110" lat="45.4980616" lon="9.1445893"/>
 <node id="1559517101" visible="true" version="1" changeset="10188816" timestamp="2011-12-23T17:42:55Z" user="ilrobi" uid="22110" lat="45.4981077" lon="9.1444458"/>
 <node id="1559517103" visible="true" version="1" changeset="10188816" timestamp="2011-12-23T17:42:55Z" user="ilrobi" uid="22110" lat="45.4981432" lon="9.1445049"/>
 <node id="1561547070" visible="true" version="1" changeset="10200153" timestamp="2011-12-25T14:38:13Z" user="ilrobi" uid="22110" lat="45.4969373" lon="9.1462826"/>
 <node id="1561547073" visible="true" version="1" changeset="10200153" timestamp="2011-12-25T14:38:13Z" user="ilrobi" uid="22110" lat="45.4970165" lon="9.1464318"/>
 <node id="1561547077" visible="true" version="2" changeset="132931417" timestamp="2023-02-23T15:18:27Z" user="aa30mom" uid="13840929" lat="45.4970367" lon="9.1461696"/>
 <node id="1561547079" visible="true" version="1" changeset="10200153" timestamp="2011-12-25T14:38:14Z" user="ilrobi" uid="22110" lat="45.4970438" lon="9.1463521"/>
 <node id="1561547081" visible="true" version="1" changeset="10200153" timestamp="2011-12-25T14:38:14Z" user="ilrobi" uid="22110" lat="45.4970691" lon="9.1465579"/>
 <node id="1561547085" visible="true" version="1" changeset="10200153" timestamp="2011-12-25T14:38:14Z" user="ilrobi" uid="22110" lat="45.4970834" lon="9.1463104"/>
 <node id="1561547087" visible="true" version="1" changeset="10200153" timestamp="2011-12-25T14:38:14Z" user="ilrobi" uid="22110" lat="45.4970886" lon="9.1467516"/>
 <node id="1561547089" visible="true" version="1" changeset="10200153" timestamp="2011-12-25T14:38:14Z" user="ilrobi" uid="22110" lat="45.4970938" lon="9.1463308"/>
 <node id="1561547091" visible="true" version="2" changeset="132931417" timestamp="2023-02-23T15:18:27Z" user="aa30mom" uid="13840929" lat="45.4971122" lon="9.1463076"/>
 <node id="1561547093" visible="true" version="1" changeset="10200153" timestamp="2011-12-25T14:38:14Z" user="ilrobi" uid="22110" lat="45.4971211" lon="9.1468359"/>
 <node id="1561547096" visible="true" version="1" changeset="10200153" timestamp="2011-12-25T14:38:14Z" user="ilrobi" uid="22110" lat="45.4971302" lon="9.1467191"/>
 <node id="1561547099" visible="true" version="1" changeset="10200153" timestamp="2011-12-25T14:38:14Z" user="ilrobi" uid="22110" lat="45.4971341" lon="9.1465041"/>
 <node id="1561547106" visible="true" version="1" changeset="10200153" timestamp="2011-12-25T14:38:14Z" user="ilrobi" uid="22110" lat="45.4971341" lon="9.1465950"/>
 <node id="1561547109" visible="true" version="1" changeset="10200153" timestamp="2011-12-25T14:38:14Z" user="ilrobi" uid="22110" lat="45.4971465" lon="9.1466218"/>
 <node id="1561547111" visible="true" version="1" changeset="10200153" timestamp="2011-12-25T14:38:14Z" user="ilrobi" uid="22110" lat="45.4971620" lon="9.1465681"/>
 <node id="1561547113" visible="true" version="1" changeset="10200153" timestamp="2011-12-25T14:38:15Z" user="ilrobi" uid="22110" lat="45.4971958" lon="9.1467507"/>
 <node id="1561547115" visible="true" version="1" changeset="10200153" timestamp="2011-12-25T14:38:15Z" user="ilrobi" uid="22110" lat="45.4972023" lon="9.1467683"/>
 <node id="1561547117" visible="true" version="1" changeset="10200153" timestamp="2011-12-25T14:38:15Z" user="ilrobi" uid="22110" lat="45.4973017" lon="9.1464967"/>
 <node id="1561547119" visible="true" version="1" changeset="10200153" timestamp="2011-12-25T14:38:15Z" user="ilrobi" uid="22110" lat="45.4973193" lon="9.1465653"/>
 <node id="1561547121" visible="true" version="1" changeset="10200153" timestamp="2011-12-25T14:38:15Z" user="ilrobi" uid="22110" lat="45.4973362" lon="9.1465532"/>
 <node id="1561547124" visible="true" version="2" changeset="161585952" timestamp="2025-01-21T04:37:44Z" user="Saint_Vincent" uid="14728764" lat="45.4973454" lon="9.1466053"/>
 <node id="1944647027" visible="true" version="4" changeset="144925820" timestamp="2023-12-09T07:27:54Z" user="bbgg" uid="4126696" lat="45.4941862" lon="9.1443682"/>
 <node id="1944647032" visible="true" version="2" changeset="19494430" timestamp="2013-12-17T08:38:53Z" user="adirricor" uid="245439" lat="45.4959572" lon="9.1431205"/>
 <node id="1977699916" visible="true" version="5" changeset="33569865" timestamp="2015-08-25T12:39:04Z" user="adirricor" uid="245439" lat="45.4974741" lon="9.1491475"/>
 <node id="1977699917" visible="true" version="5" changeset="131802778" timestamp="2023-01-28T10:46:45Z" user="f_gonella" uid="8716397" lat="45.4976004" lon="9.1490733"/>
 <node id="2079502888" visible="true" version="3" changeset="126925632" timestamp="2022-10-03T09:19:10Z" user="Balaabirami" uid="8350372" lat="45.4959919" lon="9.1431974">
  <tag k="crossing" v="marked"/>
  <tag k="highway" v="crossing"/>
 </node>
 <node id="2079502889" visible="true" version="4" changeset="128405534" timestamp="2022-11-02T18:25:14Z" user="ArnaudDvs" uid="17454105" lat="45.4952800" lon="9.1437479">
  <tag k="crossing" v="marked"/>
  <tag k="highway" v="crossing"/>
  <tag k="tactile_paving" v="no"/>
 </node>
 <node id="2452692713" visible="true" version="2" changeset="31641694" timestamp="2015-06-01T18:26:05Z" user="Alecs01" uid="1476146" lat="45.4956773" lon="9.1457875">
  <tag k="addr:city" v="Milano"/>
  <tag k="addr:country" v="IT"/>
  <tag k="addr:housenumber" v="11"/>
  <tag k="addr:street" v="Via Gian Battista Casella"/>
 </node>
 <node id="2452694226" visible="true" version="2" changeset="20140349" timestamp="2014-01-22T12:27:27Z" user="ilrobi" uid="22110" lat="45.4957549" lon="9.1464720"/>
 <node id="2452694227" visible="true" version="1" changeset="17765442" timestamp="2013-09-10T11:27:52Z" user="rugamarcus" uid="95387" lat="45.4958089" lon="9.1461791"/>
 <node id="2452694228" visible="true" version="3" changeset="74481056" timestamp="2019-09-14T18:14:10Z" user="Alecs01" uid="1476146" lat="45.4956203" lon="9.1453891"/>
 <node id="2452694229" visible="true" version="3" changeset="74481056" timestamp="2019-09-14T18:14:10Z" user="Alecs01" uid="1476146" lat="45.4953333" lon="9.1447064"/>
 <node id="2452694230" visible="true" version="3" changeset="32569671" timestamp="2015-07-11T19:40:03Z" user="rugamarcus" uid="95387" lat="45.4956059" lon="9.1459220"/>
 <node id="2452694231" visible="true" version="1" changeset="17765442" timestamp="2013-09-10T11:27:52Z" user="rugamarcus" uid="95387" lat="45.4957841" lon="9.1458315"/>
 <node id="2452694232" visible="true" version="2" changeset="31641694" timestamp="2015-06-01T18:26:06Z" user="Alecs01" uid="1476146" lat="45.4953214" lon="9.1459011"/>
 <node id="2452694233" visible="true" version="2" changeset="31641694" timestamp="2015-06-01T18:26:06Z" user="Alecs01" uid="1476146" lat="45.4953598" lon="9.1460482"/>
 <node id="2452694234" visible="true" version="3" changeset="32569671" timestamp="2015-07-11T19:40:03Z" user="rugamarcus" uid="95387" lat="45.4955767" lon="9.1457738"/>
 <node id="2452694235" visible="true" version="5" changeset="113464337" timestamp="2021-11-06T23:36:37Z" user="davidoskky" uid="11645399" lat="45.4961256" lon="9.1467323">
  <tag k="amenity" v="bank"/>
  <tag k="brand" v="BNL"/>
  <tag k="brand:wikidata" v="Q2201225"/>
  <tag k="brand:wikipedia" v="it:Banca Nazionale del Lavoro"/>
  <tag k="name" v="BNL"/>
  <tag k="official_name" v="Banca Nazionale del Lavoro"/>
  <tag k="official_name:en" v="National Labor Bank"/>
  <tag k="official_name:it" v="Banca Nazionale del Lavoro"/>
 </node>
 <node id="2501938678" visible="true" version="1" changeset="18439485" timestamp="2013-10-19T19:08:56Z" user="Costanza" uid="1769938" lat="45.4948711" lon="9.1441637"/>
 <node id="2501938690" visible="true" version="3" changeset="49822857" timestamp="2017-06-25T20:58:43Z" user="fedc" uid="602784" lat="45.4944747" lon="9.1447304"/>
 <node id="2501938698" visible="true" version="3" changeset="49822857" timestamp="2017-06-25T20:58:43Z" user="fedc" uid="602784" lat="45.4944817" lon="9.1447258"/>
 <node id="2501938700" visible="true" version="2" changeset="49822857" timestamp="2017-06-25T20:58:43Z" user="fedc" uid="602784" lat="45.4946054" lon="9.1451417"/>
 <node id="2501938702" visible="true" version="2" changeset="49822857" timestamp="2017-06-25T20:58:43Z" user="fedc" uid="602784" lat="45.4944989" lon="9.1452082"/>
 <node id="2501938704" visible="true" version="3" changeset="49822857" timestamp="2017-06-25T20:58:43Z" user="fedc" uid="602784" lat="45.4943727" lon="9.1447907"/>
 <node id="2501943780" visible="true" version="1" changeset="18439561" timestamp="2013-10-19T19:13:04Z" user="Costanza" uid="1769938" lat="45.4953505" lon="9.1443012"/>
 <node id="2501943781" visible="true" version="1" changeset="18439561" timestamp="2013-10-19T19:13:04Z" user="Costanza" uid="1769938" lat="45.4952500" lon="9.1443696"/>
 <node id="2501943782" visible="true" version="3" changeset="37063386" timestamp="2016-02-07T18:54:03Z" user="Alecs01" uid="1476146" lat="45.4951711" lon="9.1444259"/>
 <node id="2501943783" visible="true" version="3" changeset="37063386" timestamp="2016-02-07T18:54:04Z" user="Alecs01" uid="1476146" lat="45.4952601" lon="9.1447641"/>
 <node id="2501943784" visible="true" version="3" changeset="37063386" timestamp="2016-02-07T18:54:04Z" user="Alecs01" uid="1476146" lat="45.4951481" lon="9.1448241"/>
 <node id="2501943785" visible="true" version="4" changeset="74481056" timestamp="2019-09-14T17:59:51Z" user="Alecs01" uid="1476146" lat="45.4950638" lon="9.1444914"/>
 <node id="2501943786" visible="true" version="3" changeset="37063386" timestamp="2016-02-07T18:54:05Z" user="Alecs01" uid="1476146" lat="45.4952469" lon="9.1447712"/>
 <node id="2501943787" visible="true" version="3" changeset="37063386" timestamp="2016-02-07T18:54:07Z" user="Alecs01" uid="1476146" lat="45.4953252" lon="9.1450685"/>
 <node id="2501943788" visible="true" version="3" changeset="37063386" timestamp="2016-02-07T18:54:10Z" user="Alecs01" uid="1476146" lat="45.4952151" lon="9.1451275"/>
 <node id="2501943789" visible="true" version="3" changeset="37063386" timestamp="2016-02-07T18:54:10Z" user="Alecs01" uid="1476146" lat="45.4951368" lon="9.1448302"/>
 <node id="2501943790" visible="true" version="2" changeset="31641694" timestamp="2015-06-01T18:26:11Z" user="Alecs01" uid="1476146" lat="45.4949965" lon="9.1451190"/>
 <node id="2501943791" visible="true" version="2" changeset="31641694" timestamp="2015-06-01T18:26:11Z" user="Alecs01" uid="1476146" lat="45.4951427" lon="9.1456135"/>
 <node id="2501943792" visible="true" version="2" changeset="31641694" timestamp="2015-06-01T18:26:12Z" user="Alecs01" uid="1476146" lat="45.4950138" lon="9.1456911"/>
 <node id="2501943793" visible="true" version="2" changeset="31641694" timestamp="2015-06-01T18:26:12Z" user="Alecs01" uid="1476146" lat="45.4948675" lon="9.1451966"/>
 <node id="2549041318" visible="true" version="6" changeset="126737310" timestamp="2022-09-28T11:50:58Z" user="Balaabirami" uid="8350372" lat="45.4978428" lon="9.1496806">
  <tag k="crossing" v="zebra"/>
  <tag k="highway" v="crossing"/>
 </node>
 <node id="2632234513" visible="true" version="3" changeset="33570031" timestamp="2015-08-25T12:46:41Z" user="adirricor" uid="245439" lat="45.4969259" lon="9.1472043"/>
 <node id="2632234514" visible="true" version="3" changeset="33570031" timestamp="2015-08-25T12:46:41Z" user="adirricor" uid="245439" lat="45.4970223" lon="9.1474525"/>
 <node id="2632234516" visible="true" version="3" changeset="33570031" timestamp="2015-08-25T12:46:41Z" user="adirricor" uid="245439" lat="45.4974504" lon="9.1471139"/>
 <node id="2632234517" visible="true" version="3" changeset="33570031" timestamp="2015-08-25T12:46:41Z" user="adirricor" uid="245439" lat="45.4973539" lon="9.1468656"/>
 <node id="2632241858" visible="true" version="1" changeset="20140349" timestamp="2014-01-22T12:27:23Z" user="ilrobi" uid="22110" lat="45.4952831" lon="9.1457251"/>
 <node id="2632241860" visible="true" version="1" changeset="20140349" timestamp="2014-01-22T12:27:24Z" user="ilrobi" uid="22110" lat="45.4953122" lon="9.1458514"/>
 <node id="2632241863" visible="true" version="2" changeset="74481056" timestamp="2019-09-14T18:14:10Z" user="Alecs01" uid="1476146" lat="45.4954309" lon="9.1446511"/>
 <node id="2632241865" visible="true" version="1" changeset="20140349" timestamp="2014-01-22T12:27:24Z" user="ilrobi" uid="22110" lat="45.4955210" lon="9.1449836"/>
 <node id="2632241866" visible="true" version="1" changeset="20140349" timestamp="2014-01-22T12:27:24Z" user="ilrobi" uid="22110" lat="45.4955538" lon="9.1455983"/>
 <node id="2632241867" visible="true" version="1" changeset="20140349" timestamp="2014-01-22T12:27:24Z" user="ilrobi" uid="22110" lat="45.4955620" lon="9.1457230"/>
 <node id="2632241868" visible="true" version="1" changeset="20140349" timestamp="2014-01-22T12:27:24Z" user="ilrobi" uid="22110" lat="45.4955644" lon="9.1457332"/>
 <node id="2632241869" visible="true" version="1" changeset="20140349" timestamp="2014-01-22T12:27:24Z" user="ilrobi" uid="22110" lat="45.4955805" lon="9.1457144"/>
 <node id="2632241870" visible="true" version="1" changeset="20140349" timestamp="2014-01-22T12:27:24Z" user="ilrobi" uid="22110" lat="45.4957900" lon="9.1461884"/>
 <node id="2632241871" visible="true" version="1" changeset="20140349" timestamp="2014-01-22T12:27:24Z" user="ilrobi" uid="22110" lat="45.4958450" lon="9.1464277"/>
 <node id="2632241872" visible="true" version="2" changeset="49822857" timestamp="2017-06-25T20:58:43Z" user="fedc" uid="602784" lat="45.4958564" lon="9.1458331"/>
 <node id="2632241873" visible="true" version="1" changeset="20140349" timestamp="2014-01-22T12:27:24Z" user="ilrobi" uid="22110" lat="45.4959093" lon="9.1445041"/>
 <node id="2632241874" visible="true" version="2" changeset="49822857" timestamp="2017-06-25T20:58:43Z" user="fedc" uid="602784" lat="45.4961066" lon="9.1468514"/>
 <node id="2632241876" visible="true" version="2" changeset="49822857" timestamp="2017-06-25T20:58:43Z" user="fedc" uid="602784" lat="45.4959614" lon="9.1457847"/>
 <node id="2632241878" visible="true" version="1" changeset="20140349" timestamp="2014-01-22T12:27:24Z" user="ilrobi" uid="22110" lat="45.4959913" lon="9.1447560"/>
 <node id="2632241880" visible="true" version="2" changeset="49822857" timestamp="2017-06-25T20:58:43Z" user="fedc" uid="602784" lat="45.4960002" lon="9.1459399"/>
 <node id="2632241881" visible="true" version="1" changeset="20140349" timestamp="2014-01-22T12:27:24Z" user="ilrobi" uid="22110" lat="45.4960143" lon="9.1444345"/>
 <node id="2632241882" visible="true" version="2" changeset="49822857" timestamp="2017-06-25T20:58:43Z" user="fedc" uid="602784" lat="45.4960046" lon="9.1459959"/>
 <node id="2632241885" visible="true" version="2" changeset="49822857" timestamp="2017-06-25T20:58:43Z" user="fedc" uid="602784" lat="45.4960281" lon="9.1459259"/>
 <node id="2632241886" visible="true" version="2" changeset="49822857" timestamp="2017-06-25T20:58:43Z" user="fedc" uid="602784" lat="45.4960407" lon="9.1459767"/>
 <node id="2632241888" visible="true" version="1" changeset="20140349" timestamp="2014-01-22T12:27:24Z" user="ilrobi" uid="22110" lat="45.4960963" lon="9.1446864"/>
 <node id="2632241890" visible="true" version="1" changeset="20140349" timestamp="2014-01-22T12:27:24Z" user="ilrobi" uid="22110" lat="45.4961287" lon="9.1450668"/>
 <node id="2632241894" visible="true" version="2" changeset="49052083" timestamp="2017-05-28T18:36:39Z" user="fedc" uid="602784" lat="45.4961418" lon="9.1500366"/>
 <node id="2632241895" visible="true" version="3" changeset="74481056" timestamp="2019-09-14T18:38:30Z" user="Alecs01" uid="1476146" lat="45.4961476" lon="9.1465930"/>
 <node id="2632241896" visible="true" version="1" changeset="20140349" timestamp="2014-01-22T12:27:24Z" user="ilrobi" uid="22110" lat="45.4961766" lon="9.1447754"/>
 <node id="2632241897" visible="true" version="1" changeset="20140349" timestamp="2014-01-22T12:27:24Z" user="ilrobi" uid="22110" lat="45.4961770" lon="9.1452038"/>
 <node id="2632241899" visible="true" version="2" changeset="49052083" timestamp="2017-05-28T18:36:39Z" user="fedc" uid="602784" lat="45.4961983" lon="9.1501246"/>
 <node id="2632241900" visible="true" version="1" changeset="20140349" timestamp="2014-01-22T12:27:24Z" user="ilrobi" uid="22110" lat="45.4962059" lon="9.1448443"/>
 <node id="2632241901" visible="true" version="1" changeset="20140349" timestamp="2014-01-22T12:27:24Z" user="ilrobi" uid="22110" lat="45.4962233" lon="9.1448292"/>
 <node id="2632241903" visible="true" version="1" changeset="20140349" timestamp="2014-01-22T12:27:24Z" user="ilrobi" uid="22110" lat="45.4962411" lon="9.1447196"/>
 <node id="2632241904" visible="true" version="1" changeset="20140349" timestamp="2014-01-22T12:27:24Z" user="ilrobi" uid="22110" lat="45.4962464" lon="9.1443517"/>
 <node id="2632241905" visible="true" version="1" changeset="20140349" timestamp="2014-01-22T12:27:24Z" user="ilrobi" uid="22110" lat="45.4962606" lon="9.1449723"/>
 <node id="2632241906" visible="true" version="1" changeset="20140349" timestamp="2014-01-22T12:27:24Z" user="ilrobi" uid="22110" lat="45.4962631" lon="9.1447714"/>
 <node id="2632241907" visible="true" version="1" changeset="20140349" timestamp="2014-01-22T12:27:24Z" user="ilrobi" uid="22110" lat="45.4962884" lon="9.1449821"/>
 <node id="2632241908" visible="true" version="2" changeset="49052083" timestamp="2017-05-28T18:36:39Z" user="fedc" uid="602784" lat="45.4962836" lon="9.1500124"/>
 <node id="2632241909" visible="true" version="1" changeset="20140349" timestamp="2014-01-22T12:27:24Z" user="ilrobi" uid="22110" lat="45.4963089" lon="9.1451093"/>
 <node id="2632241910" visible="true" version="1" changeset="20140349" timestamp="2014-01-22T12:27:24Z" user="ilrobi" uid="22110" lat="45.4963289" lon="9.1460225"/>
 <node id="2632241911" visible="true" version="1" changeset="20140349" timestamp="2014-01-22T12:27:24Z" user="ilrobi" uid="22110" lat="45.4963814" lon="9.1446689"/>
 <node id="2632241912" visible="true" version="1" changeset="20140349" timestamp="2014-01-22T12:27:24Z" user="ilrobi" uid="22110" lat="45.4963846" lon="9.1442322"/>
 <node id="2632241913" visible="true" version="3" changeset="74481056" timestamp="2019-09-14T18:38:30Z" user="Alecs01" uid="1476146" lat="45.4964072" lon="9.1463262"/>
 <node id="2632241914" visible="true" version="1" changeset="20140349" timestamp="2014-01-22T12:27:25Z" user="ilrobi" uid="22110" lat="45.4964219" lon="9.1462819"/>
 <node id="2632241915" visible="true" version="1" changeset="20140349" timestamp="2014-01-22T12:27:25Z" user="ilrobi" uid="22110" lat="45.4964474" lon="9.1459711"/>
 <node id="2632241916" visible="true" version="2" changeset="74481056" timestamp="2019-09-14T18:38:30Z" user="Alecs01" uid="1476146" lat="45.4964188" lon="9.1447867"/>
 <node id="2632241917" visible="true" version="1" changeset="20140349" timestamp="2014-01-22T12:27:25Z" user="ilrobi" uid="22110" lat="45.4964690" lon="9.1459276"/>
 <node id="2632241918" visible="true" version="1" changeset="20140349" timestamp="2014-01-22T12:27:25Z" user="ilrobi" uid="22110" lat="45.4964763" lon="9.1459425"/>
 <node id="2632241919" visible="true" version="2" changeset="49822857" timestamp="2017-06-25T20:58:43Z" user="fedc" uid="602784" lat="45.4964809" lon="9.1464833"/>
 <node id="2632241920" visible="true" version="2" changeset="74481056" timestamp="2019-09-14T18:38:30Z" user="Alecs01" uid="1476146" lat="45.4964452" lon="9.1448482"/>
 <node id="2632241921" visible="true" version="1" changeset="20140349" timestamp="2014-01-22T12:27:25Z" user="ilrobi" uid="22110" lat="45.4964830" lon="9.1460443"/>
 <node id="2632241922" visible="true" version="1" changeset="20140349" timestamp="2014-01-22T12:27:25Z" user="ilrobi" uid="22110" lat="45.4964958" lon="9.1459010"/>
 <node id="2632241923" visible="true" version="1" changeset="20140349" timestamp="2014-01-22T12:27:25Z" user="ilrobi" uid="22110" lat="45.4965030" lon="9.1459159"/>
 <node id="2632241924" visible="true" version="1" changeset="20140349" timestamp="2014-01-22T12:27:25Z" user="ilrobi" uid="22110" lat="45.4965572" lon="9.1458621"/>
 <node id="2632241925" visible="true" version="2" changeset="74481056" timestamp="2019-09-14T18:38:30Z" user="Alecs01" uid="1476146" lat="45.4965666" lon="9.1446579"/>
 <node id="2632241926" visible="true" version="1" changeset="20140349" timestamp="2014-01-22T12:27:25Z" user="ilrobi" uid="22110" lat="45.4965929" lon="9.1459352"/>
 <node id="2632241927" visible="true" version="1" changeset="20140349" timestamp="2014-01-22T12:27:25Z" user="ilrobi" uid="22110" lat="45.4968432" lon="9.1457116"/>
 <node id="2632241928" visible="true" version="1" changeset="20140349" timestamp="2014-01-22T12:27:25Z" user="ilrobi" uid="22110" lat="45.4968729" lon="9.1457693"/>
 <node id="2632241929" visible="true" version="1" changeset="20140349" timestamp="2014-01-22T12:27:25Z" user="ilrobi" uid="22110" lat="45.4969700" lon="9.1456675"/>
 <node id="2632241930" visible="true" version="1" changeset="20140349" timestamp="2014-01-22T12:27:25Z" user="ilrobi" uid="22110" lat="45.4969834" lon="9.1455645"/>
 <node id="2632241931" visible="true" version="1" changeset="20140349" timestamp="2014-01-22T12:27:25Z" user="ilrobi" uid="22110" lat="45.4969836" lon="9.1456937"/>
 <node id="2632241932" visible="true" version="1" changeset="20140349" timestamp="2014-01-22T12:27:25Z" user="ilrobi" uid="22110" lat="45.4970232" lon="9.1456602"/>
 <node id="2632241933" visible="true" version="1" changeset="20140349" timestamp="2014-01-22T12:27:25Z" user="ilrobi" uid="22110" lat="45.4970306" lon="9.1455175"/>
 <node id="2632241934" visible="true" version="2" changeset="74757133" timestamp="2019-09-21T19:08:14Z" user="Alecs01" uid="1476146" lat="45.4970513" lon="9.1457004"/>
 <node id="2632241935" visible="true" version="2" changeset="74757133" timestamp="2019-09-21T19:08:14Z" user="Alecs01" uid="1476146" lat="45.4970881" lon="9.1456567"/>
 <node id="2632241936" visible="true" version="1" changeset="20140349" timestamp="2014-01-22T12:27:25Z" user="ilrobi" uid="22110" lat="45.4974788" lon="9.1447998"/>
 <node id="2659364691" visible="true" version="1" changeset="20429417" timestamp="2014-02-07T12:52:30Z" user="adirricor" uid="245439" lat="45.4953153" lon="9.1480293"/>
 <node id="2659364693" visible="true" version="2" changeset="131803828" timestamp="2023-01-28T11:23:10Z" user="f_gonella" uid="8716397" lat="45.4949818" lon="9.1479903"/>
 <node id="2659364694" visible="true" version="1" changeset="20429417" timestamp="2014-02-07T12:52:30Z" user="adirricor" uid="245439" lat="45.4952388" lon="9.1480988"/>
 <node id="2659364695" visible="true" version="1" changeset="20429417" timestamp="2014-02-07T12:52:30Z" user="adirricor" uid="245439" lat="45.4950688" lon="9.1480870"/>
 <node id="2659364696" visible="true" version="1" changeset="20429417" timestamp="2014-02-07T12:52:30Z" user="adirricor" uid="245439" lat="45.4952657" lon="9.1479182"/>
 <node id="2659364697" visible="true" version="1" changeset="20429417" timestamp="2014-02-07T12:52:30Z" user="adirricor" uid="245439" lat="45.4951892" lon="9.1479877"/>
 <node id="2659364698" visible="true" version="1" changeset="20429417" timestamp="2014-02-07T12:52:30Z" user="adirricor" uid="245439" lat="45.4953828" lon="9.1478067"/>
 <node id="2659364699" visible="true" version="2" changeset="131803828" timestamp="2023-01-28T11:23:10Z" user="f_gonella" uid="8716397" lat="45.4953816" lon="9.1476392"/>
 <node id="2790460485" visible="true" version="2" changeset="33569865" timestamp="2015-08-25T12:39:04Z" user="adirricor" uid="245439" lat="45.4975042" lon="9.1491373"/>
 <node id="2790460489" visible="true" version="2" changeset="33569865" timestamp="2015-08-25T12:39:04Z" user="adirricor" uid="245439" lat="45.4975360" lon="9.1491251"/>
 <node id="2790460491" visible="true" version="2" changeset="33569865" timestamp="2015-08-25T12:39:04Z" user="adirricor" uid="245439" lat="45.4975709" lon="9.1490989">
  <tag k="highway" v="give_way"/>
 </node>
 <node id="2887448440" visible="true" version="4" changeset="131803828" timestamp="2023-01-28T11:23:10Z" user="f_gonella" uid="8716397" lat="45.4937258" lon="9.1490932">
  <tag k="crossing" v="traffic_signals"/>
  <tag k="highway" v="crossing"/>
 </node>
 <node id="2887448443" visible="true" version="3" changeset="126734208" timestamp="2022-09-28T10:36:13Z" user="Balaabirami" uid="8350372" lat="45.4942564" lon="9.1510090">
  <tag k="crossing" v="marked"/>
  <tag k="highway" v="crossing"/>
 </node>
 <node id="2892233194" visible="true" version="2" changeset="37063386" timestamp="2016-02-07T18:54:14Z" user="Alecs01" uid="1476146" lat="45.4946079" lon="9.1460759"/>
 <node id="2892233195" visible="true" version="2" changeset="37063386" timestamp="2016-02-07T18:54:14Z" user="Alecs01" uid="1476146" lat="45.4945238" lon="9.1461255"/>
 <node id="2892233196" visible="true" version="2" changeset="37063386" timestamp="2016-02-07T18:54:14Z" user="Alecs01" uid="1476146" lat="45.4944959" lon="9.1460290"/>
 <node id="2892233197" visible="true" version="2" changeset="37063386" timestamp="2016-02-07T18:54:15Z" user="Alecs01" uid="1476146" lat="45.4944675" lon="9.1460458"/>
 <node id="2892233198" visible="true" version="2" changeset="37063386" timestamp="2016-02-07T18:54:15Z" user="Alecs01" uid="1476146" lat="45.4944292" lon="9.1459134"/>
 <node id="2892233199" visible="true" version="2" changeset="37063386" timestamp="2016-02-07T18:54:16Z" user="Alecs01" uid="1476146" lat="45.4944553" lon="9.1458980"/>
 <node id="2892233200" visible="true" version="1" changeset="22662392" timestamp="2014-05-31T20:09:37Z" user="Gianni_D" uid="2101028" lat="45.4945695" lon="9.1463895"/>
 <node id="2892233601" visible="true" version="1" changeset="22662392" timestamp="2014-05-31T20:09:37Z" user="Gianni_D" uid="2101028" lat="45.4946748" lon="9.1463251"/>
 <node id="2892233602" visible="true" version="1" changeset="22662392" timestamp="2014-05-31T20:09:38Z" user="Gianni_D" uid="2101028" lat="45.4946337" lon="9.1466178"/>
 <node id="2892634852" visible="true" version="1" changeset="22665581" timestamp="2014-06-01T01:28:31Z" user="Gianni_D" uid="2101028" lat="45.4945567" lon="9.1463803"/>
 <node id="2892634853" visible="true" version="1" changeset="22665581" timestamp="2014-06-01T01:28:31Z" user="Gianni_D" uid="2101028" lat="45.4945059" lon="9.1464111"/>
 <node id="2892634854" visible="true" version="1" changeset="22665581" timestamp="2014-06-01T01:28:31Z" user="Gianni_D" uid="2101028" lat="45.4944420" lon="9.1461771"/>
 <node id="2892634855" visible="true" version="1" changeset="22665581" timestamp="2014-06-01T01:28:31Z" user="Gianni_D" uid="2101028" lat="45.4946511" lon="9.1462207"/>
 <node id="2892634856" visible="true" version="1" changeset="22665581" timestamp="2014-06-01T01:28:31Z" user="Gianni_D" uid="2101028" lat="45.4946178" lon="9.1462401"/>
 <node id="2892634857" visible="true" version="1" changeset="22665581" timestamp="2014-06-01T01:28:31Z" user="Gianni_D" uid="2101028" lat="45.4945961" lon="9.1461697"/>
 <node id="2892634858" visible="true" version="1" changeset="22665581" timestamp="2014-06-01T01:28:31Z" user="Gianni_D" uid="2101028" lat="45.4945129" lon="9.1462214"/>
 <node id="2892640753" visible="true" version="1" changeset="22665717" timestamp="2014-06-01T01:59:47Z" user="Gianni_D" uid="2101028" lat="45.4945312" lon="9.1466912"/>
 <node id="2892640754" visible="true" version="1" changeset="22665717" timestamp="2014-06-01T01:59:47Z" user="Gianni_D" uid="2101028" lat="45.4944075" lon="9.1467641"/>
 <node id="2892640755" visible="true" version="1" changeset="22665717" timestamp="2014-06-01T01:59:47Z" user="Gianni_D" uid="2101028" lat="45.4943828" lon="9.1467393"/>
 <node id="2892640756" visible="true" version="2" changeset="131803828" timestamp="2023-01-28T11:23:10Z" user="f_gonella" uid="8716397" lat="45.4944069" lon="9.1466967"/>
 <node id="2892640757" visible="true" version="3" changeset="131803828" timestamp="2023-01-28T11:23:10Z" user="f_gonella" uid="8716397" lat="45.4943512" lon="9.1465127"/>
 <node id="2892640758" visible="true" version="1" changeset="22665717" timestamp="2014-06-01T01:59:47Z" user="Gianni_D" uid="2101028" lat="45.4944612" lon="9.1464465"/>
 <node id="2892640760" visible="true" version="3" changeset="131803828" timestamp="2023-01-28T11:23:10Z" user="f_gonella" uid="8716397" lat="45.4944526" lon="9.1464525"/>
 <node id="2892641444" visible="true" version="2" changeset="65318789" timestamp="2018-12-09T16:52:26Z" user="Alecs01" uid="1476146" lat="45.4944640" lon="9.1468863"/>
 <node id="2892653290" visible="true" version="2" changeset="38096199" timestamp="2016-03-27T12:05:29Z" user="adirricor" uid="245439" lat="45.4944247" lon="9.1473237"/>
 <node id="2892665505" visible="true" version="2" changeset="37063386" timestamp="2016-02-07T18:54:16Z" user="Alecs01" uid="1476146" lat="45.4945161" lon="9.1457590"/>
 <node id="2892665506" visible="true" version="2" changeset="37063386" timestamp="2016-02-07T18:54:16Z" user="Alecs01" uid="1476146" lat="45.4944297" lon="9.1458098"/>
 <node id="3039646136" visible="true" version="2" changeset="65318789" timestamp="2018-12-09T16:52:26Z" user="Alecs01" uid="1476146" lat="45.4942616" lon="9.1483095"/>
 <node id="3039646137" visible="true" version="2" changeset="65318789" timestamp="2018-12-09T16:52:26Z" user="Alecs01" uid="1476146" lat="45.4943150" lon="9.1484389"/>
 <node id="3039646138" visible="true" version="2" changeset="65318789" timestamp="2018-12-09T16:52:26Z" user="Alecs01" uid="1476146" lat="45.4945396" lon="9.1480761"/>
 <node id="3039646139" visible="true" version="2" changeset="65318789" timestamp="2018-12-09T16:52:26Z" user="Alecs01" uid="1476146" lat="45.4945930" lon="9.1482054"/>
 <node id="3189003748" visible="true" version="2" changeset="62429022" timestamp="2018-09-09T16:47:14Z" user="Alecs01" uid="1476146" lat="45.4946872" lon="9.1463671">
  <tag k="addr:city" v="Milano"/>
  <tag k="addr:country" v="IT"/>
  <tag k="addr:housenumber" v="13"/>
  <tag k="addr:postcode" v="20156"/>
  <tag k="addr:street" v="Via Marcantonio dal Re"/>
  <tag k="shop" v="hairdresser"/>
 </node>
 <node id="3189003749" visible="true" version="2" changeset="65318789" timestamp="2018-12-09T16:52:26Z" user="Alecs01" uid="1476146" lat="45.4952341" lon="9.1475579">
  <tag k="addr:housenumber" v="2"/>
  <tag k="addr:street" v="Via Marcantonio dal Re"/>
  <tag k="name" v="Duetto Sas"/>
  <tag k="office" v="company"/>
 </node>
 <node id="3189003750" visible="true" version="2" changeset="29180304" timestamp="2015-03-01T17:11:35Z" user="Alecs01" uid="1476146" lat="45.4957134" lon="9.1451089">
  <tag k="addr:city" v="Milano"/>
  <tag k="addr:country" v="IT"/>
  <tag k="addr:housenumber" v="20"/>
  <tag k="addr:street" v="Via Gian Battista Casella"/>
 </node>
 <node id="3189034053" visible="true" version="5" changeset="130668241" timestamp="2022-12-30T01:32:47Z" user="Widber" uid="14259265" lat="45.4948385" lon="9.1477760">
  <tag k="addr:housenumber" v="25"/>
  <tag k="addr:street" v="Via Varesina"/>
  <tag k="check_date" v="2022-12-30"/>
  <tag k="name" v="iN’s Mercato"/>
  <tag k="name:de" v="iN’s Markt"/>
  <tag k="name:en" v="iN’s Market"/>
  <tag k="name:it" v="iN’s Mercato"/>
  <tag k="opening_hours" v="Mo-Sa 08:00-20:00; Su 09:00-13:00,15:30-19:30"/>
  <tag k="payment:mastercard" v="yes"/>
  <tag k="payment:visa" v="yes"/>
  <tag k="phone" v="+39 02 3926 2617"/>
  <tag k="shop" v="supermarket"/>
  <tag k="website" v="https://www.insmercato.it/"/>
 </node>
 <node id="3189034054" visible="true" version="2" changeset="132931417" timestamp="2023-02-23T15:18:27Z" user="aa30mom" uid="13840929" lat="45.4967486" lon="9.1465294">
  <tag k="addr:city" v="Milano"/>
  <tag k="addr:housenumber" v="50"/>
  <tag k="addr:postcode" v="20156"/>
  <tag k="addr:street" v="Via Varesina"/>
  <tag k="entrance" v="yes"/>
 </node>
 <node id="3189034058" visible="true" version="1" changeset="26808141" timestamp="2014-11-15T20:45:46Z" user="maurovez" uid="1814926" lat="45.4972233" lon="9.1460129">
  <tag k="addr:housenumber" v="64"/>
  <tag k="addr:street" v="Via Varesina"/>
  <tag k="name" v="Autofficina 90 di Paone Antonio"/>
  <tag k="shop" v="car_repair"/>
 </node>
 <node id="3564127132" visible="true" version="1" changeset="31641694" timestamp="2015-06-01T18:25:46Z" user="Alecs01" uid="1476146" lat="45.4950766" lon="9.1451982"/>
 <node id="3564127134" visible="true" version="1" changeset="31641694" timestamp="2015-06-01T18:25:46Z" user="Alecs01" uid="1476146" lat="45.4951963" lon="9.1455960"/>
 <node id="3564127529" visible="true" version="2" changeset="37063386" timestamp="2016-02-07T18:54:19Z" user="Alecs01" uid="1476146" lat="45.4952910" lon="9.1450868"/>
 <node id="3564127530" visible="true" version="1" changeset="31641694" timestamp="2015-06-01T18:25:47Z" user="Alecs01" uid="1476146" lat="45.4953707" lon="9.1460892"/>
 <node id="3564127531" visible="true" version="1" changeset="31641694" timestamp="2015-06-01T18:25:47Z" user="Alecs01" uid="1476146" lat="45.4953961" lon="9.1455040"/>
 <node id="3564127532" visible="true" version="1" changeset="31641694" timestamp="2015-06-01T18:25:48Z" user="Alecs01" uid="1476146" lat="45.4954055" lon="9.1462215"/>
 <node id="3564127533" visible="true" version="1" changeset="31641694" timestamp="2015-06-01T18:25:48Z" user="Alecs01" uid="1476146" lat="45.4956243" lon="9.1459047"/>
 <node id="3564127534" visible="true" version="1" changeset="31641694" timestamp="2015-06-01T18:25:50Z" user="Alecs01" uid="1476146" lat="45.4956663" lon="9.1460870"/>
 <node id="3564127535" visible="true" version="1" changeset="31641694" timestamp="2015-06-01T18:25:50Z" user="Alecs01" uid="1476146" lat="45.4957300" lon="9.1458563"/>
 <node id="3564127593" visible="true" version="1" changeset="31641694" timestamp="2015-06-01T18:25:49Z" user="Alecs01" uid="1476146" lat="45.4956354" lon="9.1459528"/>
 <node id="3646646628" visible="true" version="2" changeset="49052083" timestamp="2017-05-28T18:36:38Z" user="fedc" uid="602784" lat="45.4954811" lon="9.1478989"/>
 <node id="3646646630" visible="true" version="1" changeset="32569671" timestamp="2015-07-11T19:39:43Z" user="rugamarcus" uid="95387" lat="45.4955110" lon="9.1482691">
  <tag k="natural" v="tree"/>
 </node>
 <node id="3646646631" visible="true" version="1" changeset="32569671" timestamp="2015-07-11T19:39:43Z" user="rugamarcus" uid="95387" lat="45.4954348" lon="9.1478639">
  <tag k="natural" v="tree"/>
 </node>
 <node id="3646646633" visible="true" version="1" changeset="32569671" timestamp="2015-07-11T19:39:43Z" user="rugamarcus" uid="95387" lat="45.4956115" lon="9.1457074">
  <tag k="addr:housenumber" v="11f"/>
  <tag k="addr:street" v="Via Gian Battista Casella"/>
 </node>
 <node id="3646646634" visible="true" version="5" changeset="131803828" timestamp="2023-01-28T11:23:10Z" user="f_gonella" uid="8716397" lat="45.4936123" lon="9.1491185"/>
 <node id="3646646635" visible="true" version="2" changeset="49052083" timestamp="2017-05-28T18:36:38Z" user="fedc" uid="602784" lat="45.4949218" lon="9.1481593"/>
 <node id="3646646640" visible="true" version="1" changeset="32569671" timestamp="2015-07-11T19:39:44Z" user="rugamarcus" uid="95387" lat="45.4959198" lon="9.1459933">
  <tag k="amenity" v="restaurant"/>
 </node>
 <node id="3646646643" visible="true" version="1" changeset="32569671" timestamp="2015-07-11T19:39:44Z" user="rugamarcus" uid="95387" lat="45.4958860" lon="9.1458658">
  <tag k="shop" v="hairdresser"/>
 </node>
 <node id="3646646645" visible="true" version="1" changeset="32569671" timestamp="2015-07-11T19:39:44Z" user="rugamarcus" uid="95387" lat="45.4951303" lon="9.1481455">
  <tag k="natural" v="tree"/>
 </node>
 <node id="3646646646" visible="true" version="7" changeset="153860141" timestamp="2024-07-12T15:06:45Z" user="VLD275" uid="17310249" lat="45.4960672" lon="9.1469741">
  <tag k="highway" v="crossing"/>
 </node>
 <node id="3646646647" visible="true" version="1" changeset="32569671" timestamp="2015-07-11T19:39:44Z" user="rugamarcus" uid="95387" lat="45.4956040" lon="9.1476627">
  <tag k="natural" v="tree"/>
 </node>
 <node id="3646646648" visible="true" version="2" changeset="49052083" timestamp="2017-05-28T18:36:38Z" user="fedc" uid="602784" lat="45.4959459" lon="9.1472444"/>
 <node id="3646646650" visible="true" version="1" changeset="32569671" timestamp="2015-07-11T19:39:44Z" user="rugamarcus" uid="95387" lat="45.4954206" lon="9.1483871">
  <tag k="natural" v="tree"/>
 </node>
 <node id="3646646651" visible="true" version="2" changeset="49052083" timestamp="2017-05-28T18:36:38Z" user="fedc" uid="602784" lat="45.4950893" lon="9.1484154"/>
 <node id="3646646652" visible="true" version="6" changeset="153860476" timestamp="2024-07-12T15:16:34Z" user="VLD275" uid="17310249" lat="45.4951755" lon="9.1477412">
  <tag k="highway" v="crossing"/>
 </node>
 <node id="3646648741" visible="true" version="1" changeset="32569671" timestamp="2015-07-11T19:41:33Z" user="rugamarcus" uid="95387" lat="45.4960110" lon="9.1456111"/>
 <node id="3646648742" visible="true" version="1" changeset="32569671" timestamp="2015-07-11T19:41:33Z" user="rugamarcus" uid="95387" lat="45.4962591" lon="9.1456460"/>
 <node id="3646648743" visible="true" version="1" changeset="32569671" timestamp="2015-07-11T19:41:33Z" user="rugamarcus" uid="95387" lat="45.4956030" lon="9.1468262"/>
 <node id="3646648744" visible="true" version="1" changeset="32569671" timestamp="2015-07-11T19:41:33Z" user="rugamarcus" uid="95387" lat="45.4958098" lon="9.1467028"/>
 <node id="3646648745" visible="true" version="1" changeset="32569671" timestamp="2015-07-11T19:41:33Z" user="rugamarcus" uid="95387" lat="45.4959602" lon="9.1465601"/>
 <node id="3646648746" visible="true" version="1" changeset="32569671" timestamp="2015-07-11T19:41:33Z" user="rugamarcus" uid="95387" lat="45.4959734" lon="9.1454690"/>
 <node id="3646648748" visible="true" version="1" changeset="32569671" timestamp="2015-07-11T19:41:33Z" user="rugamarcus" uid="95387" lat="45.4959734" lon="9.1456375"/>
 <node id="3646648749" visible="true" version="1" changeset="32569671" timestamp="2015-07-11T19:41:33Z" user="rugamarcus" uid="95387" lat="45.4961295" lon="9.1454636"/>
 <node id="3646648750" visible="true" version="1" changeset="32569671" timestamp="2015-07-11T19:41:33Z" user="rugamarcus" uid="95387" lat="45.4957365" lon="9.1469227"/>
 <node id="3646648751" visible="true" version="1" changeset="32569671" timestamp="2015-07-11T19:41:33Z" user="rugamarcus" uid="95387" lat="45.4957083" lon="9.1470112"/>
 <node id="3646648753" visible="true" version="1" changeset="32569671" timestamp="2015-07-11T19:41:33Z" user="rugamarcus" uid="95387" lat="45.4959179" lon="9.1465846">
  <tag k="barrier" v="gate"/>
 </node>
 <node id="3646648754" visible="true" version="1" changeset="32569671" timestamp="2015-07-11T19:41:33Z" user="rugamarcus" uid="95387" lat="45.4958399" lon="9.1457613"/>
 <node id="3646648756" visible="true" version="1" changeset="32569671" timestamp="2015-07-11T19:41:33Z" user="rugamarcus" uid="95387" lat="45.4956237" lon="9.1467242"/>
 <node id="3646648757" visible="true" version="1" changeset="32569671" timestamp="2015-07-11T19:41:33Z" user="rugamarcus" uid="95387" lat="45.4959875" lon="9.1456727"/>
 <node id="3646648758" visible="true" version="1" changeset="32569671" timestamp="2015-07-11T19:41:33Z" user="rugamarcus" uid="95387" lat="45.4962432" lon="9.1454527"/>
 <node id="3646648759" visible="true" version="1" changeset="32569671" timestamp="2015-07-11T19:41:34Z" user="rugamarcus" uid="95387" lat="45.4962291" lon="9.1453752"/>
 <node id="3646648760" visible="true" version="1" changeset="32569671" timestamp="2015-07-11T19:41:34Z" user="rugamarcus" uid="95387" lat="45.4958080" lon="9.1466344"/>
 <node id="3646648761" visible="true" version="1" changeset="32569671" timestamp="2015-07-11T19:41:34Z" user="rugamarcus" uid="95387" lat="45.4957563" lon="9.1468368"/>
 <node id="3646648762" visible="true" version="1" changeset="32569671" timestamp="2015-07-11T19:41:34Z" user="rugamarcus" uid="95387" lat="45.4955993" lon="9.1467645"/>
 <node id="3646648763" visible="true" version="1" changeset="32569671" timestamp="2015-07-11T19:41:34Z" user="rugamarcus" uid="95387" lat="45.4957910" lon="9.1467779"/>
 <node id="3646648764" visible="true" version="2" changeset="74757133" timestamp="2019-09-21T19:08:14Z" user="Alecs01" uid="1476146" lat="45.4961097" lon="9.1453937"/>
 <node id="3646648765" visible="true" version="1" changeset="32569671" timestamp="2015-07-11T19:41:34Z" user="rugamarcus" uid="95387" lat="45.4962197" lon="9.1454636"/>
 <node id="3646648767" visible="true" version="1" changeset="32569671" timestamp="2015-07-11T19:41:34Z" user="rugamarcus" uid="95387" lat="45.4956237" lon="9.1468584"/>
 <node id="3646648768" visible="true" version="1" changeset="32569671" timestamp="2015-07-11T19:41:34Z" user="rugamarcus" uid="95387" lat="45.4958108" lon="9.1467563"/>
 <node id="3713545130" visible="true" version="2" changeset="49009951" timestamp="2017-05-26T19:07:22Z" user="fedc" uid="602784" lat="45.4979589" lon="9.1487257"/>
 <node id="3713545134" visible="true" version="1" changeset="33569865" timestamp="2015-08-25T12:39:01Z" user="adirricor" uid="245439" lat="45.4979719" lon="9.1493924"/>
 <node id="3713545136" visible="true" version="1" changeset="33569865" timestamp="2015-08-25T12:39:01Z" user="adirricor" uid="245439" lat="45.4981683" lon="9.1492542"/>
 <node id="3713545137" visible="true" version="1" changeset="33569865" timestamp="2015-08-25T12:39:01Z" user="adirricor" uid="245439" lat="45.4974275" lon="9.1488919">
  <tag k="natural" v="tree"/>
 </node>
 <node id="3713545138" visible="true" version="1" changeset="33569865" timestamp="2015-08-25T12:39:01Z" user="adirricor" uid="245439" lat="45.4972969" lon="9.1480735"/>
 <node id="3713545153" visible="true" version="1" changeset="33569865" timestamp="2015-08-25T12:39:01Z" user="adirricor" uid="245439" lat="45.4981992" lon="9.1492402"/>
 <node id="3713545154" visible="true" version="1" changeset="33569865" timestamp="2015-08-25T12:39:01Z" user="adirricor" uid="245439" lat="45.4977234" lon="9.1495110">
  <tag k="highway" v="give_way"/>
 </node>
 <node id="3713545155" visible="true" version="2" changeset="49009951" timestamp="2017-05-26T19:07:22Z" user="fedc" uid="602784" lat="45.4980904" lon="9.1491772"/>
 <node id="3713545158" visible="true" version="1" changeset="33569865" timestamp="2015-08-25T12:39:01Z" user="adirricor" uid="245439" lat="45.4973521" lon="9.1482096"/>
 <node id="3713545160" visible="true" version="1" changeset="33569865" timestamp="2015-08-25T12:39:01Z" user="adirricor" uid="245439" lat="45.4973959" lon="9.1479918"/>
 <node id="3713545162" visible="true" version="1" changeset="33569865" timestamp="2015-08-25T12:39:01Z" user="adirricor" uid="245439" lat="45.4974933" lon="9.1490287">
  <tag k="natural" v="tree"/>
 </node>
 <node id="3713545164" visible="true" version="2" changeset="49009951" timestamp="2017-05-26T19:07:22Z" user="fedc" uid="602784" lat="45.4981354" lon="9.1491332"/>
 <node id="3713545165" visible="true" version="2" changeset="82854068" timestamp="2020-03-31T05:28:45Z" user="mcheck" uid="478872" lat="45.4974118" lon="9.1487185">
  <tag k="direction" v="backward"/>
  <tag k="highway" v="give_way"/>
 </node>
 <node id="3713545172" visible="true" version="2" changeset="49009951" timestamp="2017-05-26T19:07:22Z" user="fedc" uid="602784" lat="45.4981168" lon="9.1490886"/>
 <node id="3713545177" visible="true" version="1" changeset="33569865" timestamp="2015-08-25T12:39:02Z" user="adirricor" uid="245439" lat="45.4976968" lon="9.1494880"/>
 <node id="3713545182" visible="true" version="1" changeset="33569865" timestamp="2015-08-25T12:39:02Z" user="adirricor" uid="245439" lat="45.4971455" lon="9.1484161"/>
 <node id="3713545184" visible="true" version="2" changeset="49009951" timestamp="2017-05-26T19:07:22Z" user="fedc" uid="602784" lat="45.4977615" lon="9.1484120"/>
 <node id="3713545188" visible="true" version="2" changeset="52227229" timestamp="2017-09-20T22:59:40Z" user="fedc" uid="602784" lat="45.4971823" lon="9.1488256"/>
 <node id="3713545189" visible="true" version="1" changeset="33569865" timestamp="2015-08-25T12:39:02Z" user="adirricor" uid="245439" lat="45.4974510" lon="9.1481279"/>
 <node id="3713545191" visible="true" version="2" changeset="49009951" timestamp="2017-05-26T19:07:22Z" user="fedc" uid="602784" lat="45.4978012" lon="9.1483600"/>
 <node id="3713558260" visible="true" version="1" changeset="33570031" timestamp="2015-08-25T12:46:41Z" user="adirricor" uid="245439" lat="45.4973550" lon="9.1459954"/>
 <node id="3713558261" visible="true" version="1" changeset="33570031" timestamp="2015-08-25T12:46:41Z" user="adirricor" uid="245439" lat="45.4990510" lon="9.1463744"/>
 <node id="3713558262" visible="true" version="1" changeset="33570031" timestamp="2015-08-25T12:46:41Z" user="adirricor" uid="245439" lat="45.4990416" lon="9.1463972"/>
 <node id="3713558263" visible="true" version="2" changeset="49009951" timestamp="2017-05-26T19:07:22Z" user="fedc" uid="602784" lat="45.4976504" lon="9.1463865"/>
 <node id="3713558264" visible="true" version="1" changeset="33570031" timestamp="2015-08-25T12:46:41Z" user="adirricor" uid="245439" lat="45.4990529" lon="9.1463516"/>
 <node id="3713558267" visible="true" version="1" changeset="33570031" timestamp="2015-08-25T12:46:41Z" user="adirricor" uid="245439" lat="45.4990482" lon="9.1463265"/>
 <node id="3713558269" visible="true" version="1" changeset="33570031" timestamp="2015-08-25T12:46:41Z" user="adirricor" uid="245439" lat="45.4982069" lon="9.1474436"/>
 <node id="3713558270" visible="true" version="1" changeset="33570031" timestamp="2015-08-25T12:46:41Z" user="adirricor" uid="245439" lat="45.4971258" lon="9.1460632"/>
 <node id="3713558271" visible="true" version="1" changeset="33570031" timestamp="2015-08-25T12:46:41Z" user="adirricor" uid="245439" lat="45.4972734" lon="9.1460887"/>
 <node id="3713558274" visible="true" version="2" changeset="161585952" timestamp="2025-01-21T04:37:44Z" user="Saint_Vincent" uid="14728764" lat="45.4973662" lon="9.1465884"/>
 <node id="3713558275" visible="true" version="1" changeset="33570031" timestamp="2015-08-25T12:46:41Z" user="adirricor" uid="245439" lat="45.4972903" lon="9.1458817"/>
 <node id="4080219714" visible="true" version="2" changeset="49080694" timestamp="2017-05-29T17:49:15Z" user="fedc" uid="602784" lat="45.4934836" lon="9.1562232"/>
 <node id="4322669762" visible="true" version="1" changeset="41052719" timestamp="2016-07-27T04:21:46Z" user="fedc" uid="602784" lat="45.4972425" lon="9.1491089"/>
 <node id="4359209301" visible="true" version="3" changeset="143814384" timestamp="2023-11-09T09:48:44Z" user="b-jazz-bot" uid="9451067" lat="45.4971137" lon="9.1457489">
  <tag k="addr:city" v="Milano"/>
  <tag k="addr:country" v="IT"/>
  <tag k="addr:housenumber" v="63"/>
  <tag k="addr:street" v="Via Varesina"/>
  <tag k="fixme" v="posizione; aggiunto con maps.me"/>
  <tag k="name" v="Star Hostel"/>
  <tag k="tourism" v="hostel"/>
  <tag k="website" v="https://star-hostel.hotels-milan.info/it/"/>
 </node>
 <node id="4521078241" visible="true" version="1" changeset="43948323" timestamp="2016-11-25T17:12:58Z" user="Ramying" uid="668137" lat="45.4966341" lon="9.1466544"/>
 <node id="4576006128" visible="true" version="1" changeset="44716044" timestamp="2016-12-27T21:11:46Z" user="fedc" uid="602784" lat="45.4941306" lon="9.1573829"/>
 <node id="4576006129" visible="true" version="1" changeset="44716044" timestamp="2016-12-27T21:11:46Z" user="fedc" uid="602784" lat="45.4946692" lon="9.1566716"/>
 <node id="4576037628" visible="true" version="1" changeset="44716518" timestamp="2016-12-27T21:39:52Z" user="fedc" uid="602784" lat="45.4956652" lon="9.1553569"/>
 <node id="4879065423" visible="true" version="1" changeset="49009951" timestamp="2017-05-26T19:07:18Z" user="fedc" uid="602784" lat="45.4978798" lon="9.1481975"/>
 <node id="4879065425" visible="true" version="1" changeset="49009951" timestamp="2017-05-26T19:07:18Z" user="fedc" uid="602784" lat="45.4978227" lon="9.1482450"/>
 <node id="4879065426" visible="true" version="1" changeset="49009951" timestamp="2017-05-26T19:07:18Z" user="fedc" uid="602784" lat="45.4978603" lon="9.1483360"/>
 <node id="4879065427" visible="true" version="1" changeset="49009951" timestamp="2017-05-26T19:07:18Z" user="fedc" uid="602784" lat="45.4979180" lon="9.1482862"/>
 <node id="4879065428" visible="true" version="1" changeset="49009951" timestamp="2017-05-26T19:07:18Z" user="fedc" uid="602784" lat="45.4979176" lon="9.1484606"/>
 <node id="4879065429" visible="true" version="1" changeset="49009951" timestamp="2017-05-26T19:07:18Z" user="fedc" uid="602784" lat="45.4978642" lon="9.1485061"/>
 <node id="4879065430" visible="true" version="1" changeset="49009951" timestamp="2017-05-26T19:07:18Z" user="fedc" uid="602784" lat="45.4978158" lon="9.1483940"/>
 <node id="4879065431" visible="true" version="1" changeset="49009951" timestamp="2017-05-26T19:07:18Z" user="fedc" uid="602784" lat="45.4979099" lon="9.1484440"/>
 <node id="4879065476" visible="true" version="1" changeset="49009951" timestamp="2017-05-26T19:07:19Z" user="fedc" uid="602784" lat="45.4975648" lon="9.1464569"/>
 <node id="4879065477" visible="true" version="1" changeset="49009951" timestamp="2017-05-26T19:07:19Z" user="fedc" uid="602784" lat="45.4987408" lon="9.1467177"/>
 <node id="4879065478" visible="true" version="1" changeset="49009951" timestamp="2017-05-26T19:07:19Z" user="fedc" uid="602784" lat="45.4987869" lon="9.1467167"/>
 <node id="4879068936" visible="true" version="2" changeset="49051463" timestamp="2017-05-28T18:06:13Z" user="fedc" uid="602784" lat="45.4984912" lon="9.1507078"/>
 <node id="4879068939" visible="true" version="1" changeset="49010611" timestamp="2017-05-26T19:35:11Z" user="fedc" uid="602784" lat="45.4965992" lon="9.1465356"/>
 <node id="4879068940" visible="true" version="1" changeset="49010611" timestamp="2017-05-26T19:35:11Z" user="fedc" uid="602784" lat="45.5001297" lon="9.1474585"/>
 <node id="4879068941" visible="true" version="1" changeset="49010611" timestamp="2017-05-26T19:35:11Z" user="fedc" uid="602784" lat="45.4988703" lon="9.1502300"/>
 <node id="4879068942" visible="true" version="1" changeset="49010611" timestamp="2017-05-26T19:35:11Z" user="fedc" uid="602784" lat="45.4989312" lon="9.1501063"/>
 <node id="4879068943" visible="true" version="1" changeset="49010611" timestamp="2017-05-26T19:35:11Z" user="fedc" uid="602784" lat="45.4992139" lon="9.1494026"/>
 <node id="4879068944" visible="true" version="1" changeset="49010611" timestamp="2017-05-26T19:35:11Z" user="fedc" uid="602784" lat="45.4996431" lon="9.1484743"/>
 <node id="4879068945" visible="true" version="1" changeset="49010611" timestamp="2017-05-26T19:35:11Z" user="fedc" uid="602784" lat="45.4998837" lon="9.1479597"/>
 <node id="4879068946" visible="true" version="1" changeset="49010611" timestamp="2017-05-26T19:35:12Z" user="fedc" uid="602784" lat="45.5010299" lon="9.1455676"/>
 <node id="4879068953" visible="true" version="2" changeset="49051244" timestamp="2017-05-28T17:55:01Z" user="fedc" uid="602784" lat="45.4996862" lon="9.1430009"/>
 <node id="4879068968" visible="true" version="1" changeset="49010611" timestamp="2017-05-26T19:35:12Z" user="fedc" uid="602784" lat="45.4984861" lon="9.1443741"/>
 <node id="4879070032" visible="true" version="1" changeset="49010062" timestamp="2017-05-26T19:11:41Z" user="fedc" uid="602784" lat="45.4988839" lon="9.1462870"/>
 <node id="4879070038" visible="true" version="1" changeset="49010062" timestamp="2017-05-26T19:11:41Z" user="fedc" uid="602784" lat="45.4985556" lon="9.1463177"/>
 <node id="4879070044" visible="true" version="1" changeset="49010062" timestamp="2017-05-26T19:11:41Z" user="fedc" uid="602784" lat="45.4986127" lon="9.1464050"/>
 <node id="4879101670" visible="true" version="1" changeset="49010712" timestamp="2017-05-26T19:39:02Z" user="fedc" uid="602784" lat="45.4979509" lon="9.1493009"/>
 <node id="4879101671" visible="true" version="1" changeset="49010712" timestamp="2017-05-26T19:39:02Z" user="fedc" uid="602784" lat="45.4978760" lon="9.1493534"/>
 <node id="4879101672" visible="true" version="1" changeset="49010712" timestamp="2017-05-26T19:39:02Z" user="fedc" uid="602784" lat="45.4978504" lon="9.1493656"/>
 <node id="4879101673" visible="true" version="1" changeset="49010712" timestamp="2017-05-26T19:39:02Z" user="fedc" uid="602784" lat="45.4978247" lon="9.1493656"/>
 <node id="4879101674" visible="true" version="1" changeset="49010712" timestamp="2017-05-26T19:39:02Z" user="fedc" uid="602784" lat="45.4978070" lon="9.1493590"/>
 <node id="4879101675" visible="true" version="1" changeset="49010712" timestamp="2017-05-26T19:39:02Z" user="fedc" uid="602784" lat="45.4977860" lon="9.1493374"/>
 <node id="4879101676" visible="true" version="1" changeset="49010712" timestamp="2017-05-26T19:39:02Z" user="fedc" uid="602784" lat="45.4976428" lon="9.1489848"/>
 <node id="4879101677" visible="true" version="1" changeset="49010712" timestamp="2017-05-26T19:39:02Z" user="fedc" uid="602784" lat="45.4977027" lon="9.1489085"/>
 <node id="4879101678" visible="true" version="1" changeset="49010712" timestamp="2017-05-26T19:39:02Z" user="fedc" uid="602784" lat="45.4976566" lon="9.1486213"/>
 <node id="4879101679" visible="true" version="1" changeset="49010712" timestamp="2017-05-26T19:39:02Z" user="fedc" uid="602784" lat="45.4976532" lon="9.1486159"/>
 <node id="4879101680" visible="true" version="1" changeset="49010712" timestamp="2017-05-26T19:39:02Z" user="fedc" uid="602784" lat="45.4978391" lon="9.1488947"/>
 <node id="4879101681" visible="true" version="1" changeset="49010712" timestamp="2017-05-26T19:39:02Z" user="fedc" uid="602784" lat="45.4978422" lon="9.1488995"/>
 <node id="4879101682" visible="true" version="1" changeset="49010712" timestamp="2017-05-26T19:39:02Z" user="fedc" uid="602784" lat="45.4977429" lon="9.1486716"/>
 <node id="4879101683" visible="true" version="1" changeset="49010712" timestamp="2017-05-26T19:39:02Z" user="fedc" uid="602784" lat="45.4977477" lon="9.1486655"/>
 <node id="4879101684" visible="true" version="1" changeset="49010712" timestamp="2017-05-26T19:39:02Z" user="fedc" uid="602784" lat="45.4978264" lon="9.1487905"/>
 <node id="4879101685" visible="true" version="1" changeset="49010712" timestamp="2017-05-26T19:39:02Z" user="fedc" uid="602784" lat="45.4978098" lon="9.1487612"/>
 <node id="4879101686" visible="true" version="1" changeset="49010712" timestamp="2017-05-26T19:39:02Z" user="fedc" uid="602784" lat="45.4978325" lon="9.1487826"/>
 <node id="4879101687" visible="true" version="1" changeset="49010712" timestamp="2017-05-26T19:39:02Z" user="fedc" uid="602784" lat="45.4978145" lon="9.1487549"/>
 <node id="4881963651" visible="true" version="1" changeset="49051244" timestamp="2017-05-28T17:54:59Z" user="fedc" uid="602784" lat="45.5019046" lon="9.1437827"/>
 <node id="4881963652" visible="true" version="2" changeset="73469941" timestamp="2019-08-18T18:07:32Z" user="Alecs01" uid="1476146" lat="45.5015459" lon="9.1433746"/>
 <node id="4881963654" visible="true" version="2" changeset="73469941" timestamp="2019-08-18T18:07:32Z" user="Alecs01" uid="1476146" lat="45.5018121" lon="9.1430775"/>
 <node id="4881963655" visible="true" version="2" changeset="73469941" timestamp="2019-08-18T18:07:32Z" user="Alecs01" uid="1476146" lat="45.5015792" lon="9.1426560"/>
 <node id="4881963656" visible="true" version="2" changeset="73469941" timestamp="2019-08-18T18:07:32Z" user="Alecs01" uid="1476146" lat="45.5016507" lon="9.1425719"/>
 <node id="4881963657" visible="true" version="1" changeset="49051244" timestamp="2017-05-28T17:54:59Z" user="fedc" uid="602784" lat="45.5018330" lon="9.1423636"/>
 <node id="4881963658" visible="true" version="1" changeset="49051244" timestamp="2017-05-28T17:54:59Z" user="fedc" uid="602784" lat="45.5012099" lon="9.1412645"/>
 <node id="4881975371" visible="true" version="2" changeset="81780391" timestamp="2020-03-04T14:36:16Z" user="Cerrotorre1974" uid="576807" lat="45.4988130" lon="9.1512570"/>
 <node id="4881975373" visible="true" version="1" changeset="49051463" timestamp="2017-05-28T18:06:12Z" user="fedc" uid="602784" lat="45.4960738" lon="9.1470487"/>
 <node id="4881975374" visible="true" version="1" changeset="49051463" timestamp="2017-05-28T18:06:12Z" user="fedc" uid="602784" lat="45.4954374" lon="9.1475943"/>
 <node id="4881975375" visible="true" version="1" changeset="49051463" timestamp="2017-05-28T18:06:12Z" user="fedc" uid="602784" lat="45.4954329" lon="9.1477353"/>
 <node id="4881975376" visible="true" version="1" changeset="49051463" timestamp="2017-05-28T18:06:12Z" user="fedc" uid="602784" lat="45.4954310" lon="9.1477916"/>
 <node id="4881975377" visible="true" version="1" changeset="49051463" timestamp="2017-05-28T18:06:12Z" user="fedc" uid="602784" lat="45.4952975" lon="9.1479338"/>
 <node id="4881975378" visible="true" version="1" changeset="49051463" timestamp="2017-05-28T18:06:12Z" user="fedc" uid="602784" lat="45.4953285" lon="9.1480224"/>
 <node id="4881975379" visible="true" version="1" changeset="49051463" timestamp="2017-05-28T18:06:12Z" user="fedc" uid="602784" lat="45.4952279" lon="9.1481215"/>
 <node id="4881975380" visible="true" version="1" changeset="49051463" timestamp="2017-05-28T18:06:12Z" user="fedc" uid="602784" lat="45.4951399" lon="9.1480767"/>
 <node id="4881975381" visible="true" version="1" changeset="49051463" timestamp="2017-05-28T18:06:12Z" user="fedc" uid="602784" lat="45.4950615" lon="9.1481539"/>
 <node id="4881975382" visible="true" version="2" changeset="49052083" timestamp="2017-05-28T18:36:38Z" user="fedc" uid="602784" lat="45.4949849" lon="9.1480919"/>
 <node id="4881975383" visible="true" version="3" changeset="63210203" timestamp="2018-10-04T21:07:06Z" user="Cerrotorre1974" uid="576807" lat="45.4949157" lon="9.1481346"/>
 <node id="4881975384" visible="true" version="3" changeset="143643956" timestamp="2023-11-05T10:37:46Z" user="IlBano" uid="1720269" lat="45.4944382" lon="9.1485998"/>
 <node id="4881975385" visible="true" version="2" changeset="63210203" timestamp="2018-10-04T21:07:06Z" user="Cerrotorre1974" uid="576807" lat="45.4937533" lon="9.1491430"/>
 <node id="4881975386" visible="true" version="1" changeset="49051463" timestamp="2017-05-28T18:06:12Z" user="fedc" uid="602784" lat="45.4936423" lon="9.1491839"/>
 <node id="4881975387" visible="true" version="1" changeset="49051463" timestamp="2017-05-28T18:06:12Z" user="fedc" uid="602784" lat="45.4932350" lon="9.1500191"/>
 <node id="4881975388" visible="true" version="1" changeset="49051463" timestamp="2017-05-28T18:06:13Z" user="fedc" uid="602784" lat="45.4935705" lon="9.1492945"/>
 <node id="4881975389" visible="true" version="1" changeset="49051463" timestamp="2017-05-28T18:06:13Z" user="fedc" uid="602784" lat="45.4930013" lon="9.1505874"/>
 <node id="4881975390" visible="true" version="1" changeset="49051463" timestamp="2017-05-28T18:06:13Z" user="fedc" uid="602784" lat="45.4931581" lon="9.1501873"/>
 <node id="4881975392" visible="true" version="2" changeset="49080274" timestamp="2017-05-29T17:34:48Z" user="fedc" uid="602784" lat="45.4929101" lon="9.1508906"/>
 <node id="4882015509" visible="true" version="1" changeset="49052083" timestamp="2017-05-28T18:36:36Z" user="fedc" uid="602784" lat="45.4939609" lon="9.1499041"/>
 <node id="4882015510" visible="true" version="1" changeset="49052083" timestamp="2017-05-28T18:36:36Z" user="fedc" uid="602784" lat="45.4945006" lon="9.1491300"/>
 <node id="4882015511" visible="true" version="1" changeset="49052083" timestamp="2017-05-28T18:36:36Z" user="fedc" uid="602784" lat="45.4944957" lon="9.1491229"/>
 <node id="4882015512" visible="true" version="1" changeset="49052083" timestamp="2017-05-28T18:36:37Z" user="fedc" uid="602784" lat="45.4947426" lon="9.1488088"/>
 <node id="4882015513" visible="true" version="1" changeset="49052083" timestamp="2017-05-28T18:36:37Z" user="fedc" uid="602784" lat="45.4947390" lon="9.1488036"/>
 <node id="4882015514" visible="true" version="1" changeset="49052083" timestamp="2017-05-28T18:36:37Z" user="fedc" uid="602784" lat="45.4947036" lon="9.1484558"/>
 <node id="4882015515" visible="true" version="1" changeset="49052083" timestamp="2017-05-28T18:36:37Z" user="fedc" uid="602784" lat="45.4947062" lon="9.1484225"/>
 <node id="4882015516" visible="true" version="1" changeset="49052083" timestamp="2017-05-28T18:36:37Z" user="fedc" uid="602784" lat="45.4937522" lon="9.1491720"/>
 <node id="4882015517" visible="true" version="1" changeset="49052083" timestamp="2017-05-28T18:36:37Z" user="fedc" uid="602784" lat="45.4948223" lon="9.1482534"/>
 <node id="4882015519" visible="true" version="1" changeset="49052083" timestamp="2017-05-28T18:36:37Z" user="fedc" uid="602784" lat="45.4943018" lon="9.1487002"/>
 <node id="4882015520" visible="true" version="1" changeset="49052083" timestamp="2017-05-28T18:36:37Z" user="fedc" uid="602784" lat="45.4943270" lon="9.1487204"/>
 <node id="4882015721" visible="true" version="1" changeset="49052083" timestamp="2017-05-28T18:36:37Z" user="fedc" uid="602784" lat="45.4946533" lon="9.1483985"/>
 <node id="4882015722" visible="true" version="1" changeset="49052083" timestamp="2017-05-28T18:36:37Z" user="fedc" uid="602784" lat="45.4957484" lon="9.1475465"/>
 <node id="4882015723" visible="true" version="1" changeset="49052083" timestamp="2017-05-28T18:36:37Z" user="fedc" uid="602784" lat="45.4956899" lon="9.1476236"/>
 <node id="4882015724" visible="true" version="1" changeset="49052083" timestamp="2017-05-28T18:36:37Z" user="fedc" uid="602784" lat="45.4951526" lon="9.1483318"/>
 <node id="4882015725" visible="true" version="1" changeset="49052083" timestamp="2017-05-28T18:36:37Z" user="fedc" uid="602784" lat="45.4954221" lon="9.1479766"/>
 <node id="4882015726" visible="true" version="1" changeset="49052083" timestamp="2017-05-28T18:36:37Z" user="fedc" uid="602784" lat="45.4949209" lon="9.1481479"/>
 <node id="4882015727" visible="true" version="1" changeset="49052083" timestamp="2017-05-28T18:36:37Z" user="fedc" uid="602784" lat="45.4952105" lon="9.1482555"/>
 <node id="4882015728" visible="true" version="1" changeset="49052083" timestamp="2017-05-28T18:36:37Z" user="fedc" uid="602784" lat="45.4959572" lon="9.1501681"/>
 <node id="4883981567" visible="true" version="1" changeset="49080274" timestamp="2017-05-29T17:34:43Z" user="fedc" uid="602784" lat="45.4913271" lon="9.1532402"/>
 <node id="4883981568" visible="true" version="3" changeset="127375629" timestamp="2022-10-11T18:50:56Z" user="Emanuele Lorenzo Corti" uid="10893865" lat="45.4924292" lon="9.1518029">
  <tag k="name" v="Lovely Apartment Milano Portello"/>
 </node>
 <node id="4883981569" visible="true" version="1" changeset="49080274" timestamp="2017-05-29T17:34:43Z" user="fedc" uid="602784" lat="45.4925671" lon="9.1516182"/>
 <node id="4883981570" visible="true" version="1" changeset="49080274" timestamp="2017-05-29T17:34:43Z" user="fedc" uid="602784" lat="45.4926145" lon="9.1515430"/>
 <node id="4883981571" visible="true" version="1" changeset="49080274" timestamp="2017-05-29T17:34:43Z" user="fedc" uid="602784" lat="45.4928458" lon="9.1511104"/>
 <node id="4883981572" visible="true" version="1" changeset="49080274" timestamp="2017-05-29T17:34:43Z" user="fedc" uid="602784" lat="45.4928596" lon="9.1510792"/>
 <node id="4884006553" visible="true" version="2" changeset="63126936" timestamp="2018-10-02T14:44:05Z" user="Cerrotorre1974" uid="576807" lat="45.4934082" lon="9.1563240"/>
 <node id="4884006554" visible="true" version="2" changeset="63126936" timestamp="2018-10-02T14:44:05Z" user="Cerrotorre1974" uid="576807" lat="45.4932447" lon="9.1560679"/>
 <node id="4884006555" visible="true" version="1" changeset="49080694" timestamp="2017-05-29T17:49:14Z" user="fedc" uid="602784" lat="45.4933199" lon="9.1559750"/>
 <node id="4936121938" visible="true" version="1" changeset="49822857" timestamp="2017-06-25T20:58:41Z" user="fedc" uid="602784" lat="45.4951952" lon="9.1477700"/>
 <node id="4936121939" visible="true" version="1" changeset="49822857" timestamp="2017-06-25T20:58:41Z" user="fedc" uid="602784" lat="45.4960619" lon="9.1470221"/>
 <node id="4936121940" visible="true" version="1" changeset="49822857" timestamp="2017-06-25T20:58:41Z" user="fedc" uid="602784" lat="45.4966196" lon="9.1464788"/>
 <node id="4936121941" visible="true" version="1" changeset="49822857" timestamp="2017-06-25T20:58:41Z" user="fedc" uid="602784" lat="45.4984783" lon="9.1443613"/>
 <node id="4936121942" visible="true" version="1" changeset="49822857" timestamp="2017-06-25T20:58:41Z" user="fedc" uid="602784" lat="45.4989841" lon="9.1437882"/>
 <node id="4936121943" visible="true" version="1" changeset="49822857" timestamp="2017-06-25T20:58:41Z" user="fedc" uid="602784" lat="45.4996816" lon="9.1429934"/>
 <node id="4936121944" visible="true" version="1" changeset="49822857" timestamp="2017-06-25T20:58:41Z" user="fedc" uid="602784" lat="45.4987426" lon="9.1411854"/>
 <node id="4936121945" visible="true" version="1" changeset="49822857" timestamp="2017-06-25T20:58:41Z" user="fedc" uid="602784" lat="45.4968674" lon="9.1424903"/>
 <node id="4936121958" visible="true" version="1" changeset="49822857" timestamp="2017-06-25T20:58:41Z" user="fedc" uid="602784" lat="45.4941928" lon="9.1443620"/>
 <node id="4936121964" visible="true" version="2" changeset="74481056" timestamp="2019-09-14T18:38:30Z" user="Alecs01" uid="1476146" lat="45.4959132" lon="9.1460791"/>
 <node id="4936121965" visible="true" version="2" changeset="65318789" timestamp="2018-12-09T16:52:26Z" user="Alecs01" uid="1476146" lat="45.4946839" lon="9.1477022"/>
 <node id="4936121966" visible="true" version="2" changeset="65318789" timestamp="2018-12-09T16:52:26Z" user="Alecs01" uid="1476146" lat="45.4948038" lon="9.1480101"/>
 <node id="4936121967" visible="true" version="1" changeset="49822857" timestamp="2017-06-25T20:58:42Z" user="fedc" uid="602784" lat="45.4949496" lon="9.1478819"/>
 <node id="4936121968" visible="true" version="1" changeset="49822857" timestamp="2017-06-25T20:58:42Z" user="fedc" uid="602784" lat="45.4949084" lon="9.1477640"/>
 <node id="4936121969" visible="true" version="1" changeset="49822857" timestamp="2017-06-25T20:58:42Z" user="fedc" uid="602784" lat="45.4949135" lon="9.1477594"/>
 <node id="4936121970" visible="true" version="2" changeset="65318789" timestamp="2018-12-09T16:52:26Z" user="Alecs01" uid="1476146" lat="45.4948579" lon="9.1476009"/>
 <node id="4936121971" visible="true" version="2" changeset="65318789" timestamp="2018-12-09T16:52:26Z" user="Alecs01" uid="1476146" lat="45.4948410" lon="9.1476106"/>
 <node id="4936121972" visible="true" version="2" changeset="65318789" timestamp="2018-12-09T16:52:26Z" user="Alecs01" uid="1476146" lat="45.4948365" lon="9.1475947"/>
 <node id="4936121973" visible="true" version="1" changeset="49822857" timestamp="2017-06-25T20:58:42Z" user="fedc" uid="602784" lat="45.4951045" lon="9.1477454"/>
 <node id="4936121974" visible="true" version="1" changeset="49822857" timestamp="2017-06-25T20:58:42Z" user="fedc" uid="602784" lat="45.4950452" lon="9.1475452"/>
 <node id="4936121975" visible="true" version="1" changeset="49822857" timestamp="2017-06-25T20:58:42Z" user="fedc" uid="602784" lat="45.4949591" lon="9.1476029"/>
 <node id="4936121976" visible="true" version="1" changeset="49822857" timestamp="2017-06-25T20:58:42Z" user="fedc" uid="602784" lat="45.4949865" lon="9.1476933"/>
 <node id="5118464261" visible="true" version="2" changeset="52226763" timestamp="2017-09-20T22:44:52Z" user="fedc" uid="602784" lat="45.4944814" lon="9.1505915"/>
 <node id="5118464266" visible="true" version="1" changeset="52226346" timestamp="2017-09-20T22:31:03Z" user="fedc" uid="602784" lat="45.4952394" lon="9.1494747"/>
 <node id="5118464267" visible="true" version="1" changeset="52226346" timestamp="2017-09-20T22:31:03Z" user="fedc" uid="602784" lat="45.4951776" lon="9.1495543"/>
 <node id="5118464268" visible="true" version="1" changeset="52226346" timestamp="2017-09-20T22:31:03Z" user="fedc" uid="602784" lat="45.4952205" lon="9.1496201"/>
 <node id="5118464269" visible="true" version="1" changeset="52226346" timestamp="2017-09-20T22:31:03Z" user="fedc" uid="602784" lat="45.4952817" lon="9.1495390"/>
 <node id="5118464270" visible="true" version="1" changeset="52226346" timestamp="2017-09-20T22:31:03Z" user="fedc" uid="602784" lat="45.4950034" lon="9.1485284"/>
 <node id="5118464271" visible="true" version="1" changeset="52226346" timestamp="2017-09-20T22:31:03Z" user="fedc" uid="602784" lat="45.4954884" lon="9.1492667"/>
 <node id="5118464272" visible="true" version="1" changeset="52226346" timestamp="2017-09-20T22:31:03Z" user="fedc" uid="602784" lat="45.4953285" lon="9.1494769"/>
 <node id="5118464273" visible="true" version="1" changeset="52226346" timestamp="2017-09-20T22:31:03Z" user="fedc" uid="602784" lat="45.4952976" lon="9.1494295"/>
 <node id="5118464274" visible="true" version="1" changeset="52226346" timestamp="2017-09-20T22:31:03Z" user="fedc" uid="602784" lat="45.4953359" lon="9.1493788"/>
 <node id="5118464275" visible="true" version="1" changeset="52226346" timestamp="2017-09-20T22:31:03Z" user="fedc" uid="602784" lat="45.4953476" lon="9.1494515">
  <tag k="addr:city" v="Milano"/>
  <tag k="addr:housenumber" v="3"/>
  <tag k="addr:street" v="Via Privata Chiari"/>
 </node>
 <node id="5118464276" visible="true" version="1" changeset="52226346" timestamp="2017-09-20T22:31:03Z" user="fedc" uid="602784" lat="45.4948017" lon="9.1491197"/>
 <node id="5118464277" visible="true" version="1" changeset="52226346" timestamp="2017-09-20T22:31:03Z" user="fedc" uid="602784" lat="45.4950578" lon="9.1495173"/>
 <node id="5118464278" visible="true" version="1" changeset="52226346" timestamp="2017-09-20T22:31:03Z" user="fedc" uid="602784" lat="45.4951704" lon="9.1493697"/>
 <node id="5118464279" visible="true" version="1" changeset="52226346" timestamp="2017-09-20T22:31:03Z" user="fedc" uid="602784" lat="45.4951332" lon="9.1493120"/>
 <node id="5118464280" visible="true" version="1" changeset="52226346" timestamp="2017-09-20T22:31:03Z" user="fedc" uid="602784" lat="45.4951254" lon="9.1493221"/>
 <node id="5118464281" visible="true" version="1" changeset="52226346" timestamp="2017-09-20T22:31:03Z" user="fedc" uid="602784" lat="45.4948978" lon="9.1489688"/>
 <node id="5118464282" visible="true" version="1" changeset="52226346" timestamp="2017-09-20T22:31:03Z" user="fedc" uid="602784" lat="45.4948614" lon="9.1490166"/>
 <node id="5118464283" visible="true" version="1" changeset="52226346" timestamp="2017-09-20T22:31:03Z" user="fedc" uid="602784" lat="45.4948700" lon="9.1490301"/>
 <node id="5118464284" visible="true" version="1" changeset="52226346" timestamp="2017-09-20T22:31:03Z" user="fedc" uid="602784" lat="45.4951527" lon="9.1493929"/>
 <node id="5118464285" visible="true" version="1" changeset="52226346" timestamp="2017-09-20T22:31:03Z" user="fedc" uid="602784" lat="45.4952773" lon="9.1496189"/>
 <node id="5118464286" visible="true" version="1" changeset="52226346" timestamp="2017-09-20T22:31:03Z" user="fedc" uid="602784" lat="45.4951360" lon="9.1493755"/>
 <node id="5118464287" visible="true" version="1" changeset="52226346" timestamp="2017-09-20T22:31:04Z" user="fedc" uid="602784" lat="45.4951144" lon="9.1493662"/>
 <node id="5118464288" visible="true" version="1" changeset="52226346" timestamp="2017-09-20T22:31:04Z" user="fedc" uid="602784" lat="45.4950809" lon="9.1493647"/>
 <node id="5118464291" visible="true" version="1" changeset="52226346" timestamp="2017-09-20T22:31:04Z" user="fedc" uid="602784" lat="45.4954393" lon="9.1495386"/>
 <node id="5118464292" visible="true" version="1" changeset="52226346" timestamp="2017-09-20T22:31:04Z" user="fedc" uid="602784" lat="45.4952279" lon="9.1498174"/>
 <node id="5118464293" visible="true" version="1" changeset="52226346" timestamp="2017-09-20T22:31:04Z" user="fedc" uid="602784" lat="45.4955391" lon="9.1493439"/>
 <node id="5118486670" visible="true" version="1" changeset="52226763" timestamp="2017-09-20T22:44:50Z" user="fedc" uid="602784" lat="45.4951082" lon="9.1515617"/>
 <node id="5118486671" visible="true" version="1" changeset="52226763" timestamp="2017-09-20T22:44:50Z" user="fedc" uid="602784" lat="45.4950530" lon="9.1514762"/>
 <node id="5118486672" visible="true" version="1" changeset="52226763" timestamp="2017-09-20T22:44:50Z" user="fedc" uid="602784" lat="45.4952449" lon="9.1513817"/>
 <node id="5118486674" visible="true" version="1" changeset="52226763" timestamp="2017-09-20T22:44:51Z" user="fedc" uid="602784" lat="45.4950098" lon="9.1514094"/>
 <node id="5118486688" visible="true" version="1" changeset="52226763" timestamp="2017-09-20T22:44:51Z" user="fedc" uid="602784" lat="45.4950640" lon="9.1514932"/>
 <node id="5118486690" visible="true" version="1" changeset="52226763" timestamp="2017-09-20T22:44:51Z" user="fedc" uid="602784" lat="45.4949778" lon="9.1513599"/>
 <node id="5118486701" visible="true" version="1" changeset="52226763" timestamp="2017-09-20T22:44:51Z" user="fedc" uid="602784" lat="45.4948147" lon="9.1511076"/>
 <node id="5118486702" visible="true" version="1" changeset="52226763" timestamp="2017-09-20T22:44:51Z" user="fedc" uid="602784" lat="45.4940022" lon="9.1498498"/>
 <node id="5118486703" visible="true" version="1" changeset="52226763" timestamp="2017-09-20T22:44:51Z" user="fedc" uid="602784" lat="45.4945326" lon="9.1506708"/>
 <node id="5118500467" visible="true" version="1" changeset="52227229" timestamp="2017-09-20T22:59:38Z" user="fedc" uid="602784" lat="45.4958421" lon="9.1487991"/>
 <node id="5118500468" visible="true" version="1" changeset="52227229" timestamp="2017-09-20T22:59:38Z" user="fedc" uid="602784" lat="45.4958137" lon="9.1487557"/>
 <node id="5118500469" visible="true" version="1" changeset="52227229" timestamp="2017-09-20T22:59:38Z" user="fedc" uid="602784" lat="45.4958759" lon="9.1486734"/>
 <node id="5118500470" visible="true" version="1" changeset="52227229" timestamp="2017-09-20T22:59:38Z" user="fedc" uid="602784" lat="45.4958723" lon="9.1487588">
  <tag k="addr:city" v="Milano"/>
  <tag k="addr:housenumber" v="5"/>
  <tag k="addr:street" v="Via Privata Chiari"/>
 </node>
 <node id="5118500471" visible="true" version="1" changeset="52227229" timestamp="2017-09-20T22:59:38Z" user="fedc" uid="602784" lat="45.4956214" lon="9.1492350"/>
 <node id="5118500472" visible="true" version="1" changeset="52227229" timestamp="2017-09-20T22:59:38Z" user="fedc" uid="602784" lat="45.4955714" lon="9.1491580"/>
 <node id="5118500473" visible="true" version="1" changeset="52227229" timestamp="2017-09-20T22:59:38Z" user="fedc" uid="602784" lat="45.4965183" lon="9.1481208"/>
 <node id="5118500474" visible="true" version="1" changeset="52227229" timestamp="2017-09-20T22:59:38Z" user="fedc" uid="602784" lat="45.4957668" lon="9.1491083"/>
 <node id="5118500475" visible="true" version="1" changeset="52227229" timestamp="2017-09-20T22:59:38Z" user="fedc" uid="602784" lat="45.4959776" lon="9.1488313"/>
 <node id="5118500476" visible="true" version="1" changeset="52227229" timestamp="2017-09-20T22:59:38Z" user="fedc" uid="602784" lat="45.4963057" lon="9.1484002"/>
 <node id="5118500477" visible="true" version="1" changeset="52227229" timestamp="2017-09-20T22:59:38Z" user="fedc" uid="602784" lat="45.4964149" lon="9.1479608"/>
 <node id="5118500478" visible="true" version="1" changeset="52227229" timestamp="2017-09-20T22:59:38Z" user="fedc" uid="602784" lat="45.4963528" lon="9.1480449"/>
 <node id="5118500479" visible="true" version="1" changeset="52227229" timestamp="2017-09-20T22:59:38Z" user="fedc" uid="602784" lat="45.4963818" lon="9.1480896"/>
 <node id="5118500480" visible="true" version="1" changeset="52227229" timestamp="2017-09-20T22:59:38Z" user="fedc" uid="602784" lat="45.4964131" lon="9.1480482">
  <tag k="addr:city" v="Milano"/>
  <tag k="addr:housenumber" v="7"/>
  <tag k="addr:street" v="Via Privata Chiari"/>
 </node>
 <node id="5118500481" visible="true" version="1" changeset="52227229" timestamp="2017-09-20T22:59:38Z" user="fedc" uid="602784" lat="45.4970879" lon="9.1486812"/>
 <node id="5118500482" visible="true" version="1" changeset="52227229" timestamp="2017-09-20T22:59:38Z" user="fedc" uid="602784" lat="45.4966025" lon="9.1479391"/>
 <node id="5118500483" visible="true" version="1" changeset="52227229" timestamp="2017-09-20T22:59:38Z" user="fedc" uid="602784" lat="45.4965521" lon="9.1478620"/>
 <node id="5118500484" visible="true" version="1" changeset="52227229" timestamp="2017-09-20T22:59:38Z" user="fedc" uid="602784" lat="45.4960785" lon="9.1471379"/>
 <node id="5118500485" visible="true" version="1" changeset="52227229" timestamp="2017-09-20T22:59:38Z" user="fedc" uid="602784" lat="45.4961429" lon="9.1470816"/>
 <node id="5118500486" visible="true" version="1" changeset="52227229" timestamp="2017-09-20T22:59:38Z" user="fedc" uid="602784" lat="45.4962052" lon="9.1471768"/>
 <node id="5118500487" visible="true" version="1" changeset="52227229" timestamp="2017-09-20T22:59:38Z" user="fedc" uid="602784" lat="45.4962763" lon="9.1471185"/>
 <node id="5118500488" visible="true" version="1" changeset="52227229" timestamp="2017-09-20T22:59:38Z" user="fedc" uid="602784" lat="45.4963475" lon="9.1472949"/>
 <node id="5118500489" visible="true" version="1" changeset="52227229" timestamp="2017-09-20T22:59:38Z" user="fedc" uid="602784" lat="45.4963063" lon="9.1473311"/>
 <node id="5118500490" visible="true" version="1" changeset="52227229" timestamp="2017-09-20T22:59:38Z" user="fedc" uid="602784" lat="45.4963330" lon="9.1472587"/>
 <node id="5118500491" visible="true" version="1" changeset="52227229" timestamp="2017-09-20T22:59:38Z" user="fedc" uid="602784" lat="45.4964657" lon="9.1469633"/>
 <node id="5118500492" visible="true" version="1" changeset="52227229" timestamp="2017-09-20T22:59:38Z" user="fedc" uid="602784" lat="45.4964842" lon="9.1468846"/>
 <node id="5118500493" visible="true" version="1" changeset="52227229" timestamp="2017-09-20T22:59:38Z" user="fedc" uid="602784" lat="45.4966454" lon="9.1472893"/>
 <node id="5118500494" visible="true" version="1" changeset="52227229" timestamp="2017-09-20T22:59:38Z" user="fedc" uid="602784" lat="45.4966094" lon="9.1473203"/>
 <node id="5118500495" visible="true" version="1" changeset="52227229" timestamp="2017-09-20T22:59:38Z" user="fedc" uid="602784" lat="45.4965421" lon="9.1471529"/>
 <node id="5118500496" visible="true" version="1" changeset="52227229" timestamp="2017-09-20T22:59:38Z" user="fedc" uid="602784" lat="45.4963527" lon="9.1473076"/>
 <node id="5118500497" visible="true" version="1" changeset="52227229" timestamp="2017-09-20T22:59:38Z" user="fedc" uid="602784" lat="45.4964464" lon="9.1469152"/>
 <node id="5118500498" visible="true" version="1" changeset="52227229" timestamp="2017-09-20T22:59:38Z" user="fedc" uid="602784" lat="45.4965653" lon="9.1467125"/>
 <node id="5118500499" visible="true" version="1" changeset="52227229" timestamp="2017-09-20T22:59:38Z" user="fedc" uid="602784" lat="45.4967489" lon="9.1480070"/>
 <node id="5118500500" visible="true" version="1" changeset="52227229" timestamp="2017-09-20T22:59:38Z" user="fedc" uid="602784" lat="45.4966941" lon="9.1480791"/>
 <node id="5118500501" visible="true" version="3" changeset="131802778" timestamp="2023-01-28T10:46:45Z" user="f_gonella" uid="8716397" lat="45.4967203" lon="9.1480586"/>
 <node id="5118500502" visible="true" version="1" changeset="52227229" timestamp="2017-09-20T22:59:39Z" user="fedc" uid="602784" lat="45.4970068" lon="9.1478132"/>
 <node id="5118500504" visible="true" version="1" changeset="52227229" timestamp="2017-09-20T22:59:39Z" user="fedc" uid="602784" lat="45.4963148" lon="9.1469314">
  <tag k="addr:city" v="Milano"/>
  <tag k="addr:housenumber" v="46"/>
  <tag k="addr:street" v="Via Varesina"/>
 </node>
 <node id="5118500505" visible="true" version="1" changeset="52227229" timestamp="2017-09-20T22:59:39Z" user="fedc" uid="602784" lat="45.4968891" lon="9.1490858"/>
 <node id="5118500506" visible="true" version="1" changeset="52227229" timestamp="2017-09-20T22:59:39Z" user="fedc" uid="602784" lat="45.4968162" lon="9.1491827"/>
 <node id="5118511676" visible="true" version="2" changeset="63126936" timestamp="2018-10-02T14:44:05Z" user="Cerrotorre1974" uid="576807" lat="45.4951416" lon="9.1560492"/>
 <node id="5149299524" visible="true" version="1" changeset="52648418" timestamp="2017-10-05T09:16:39Z" user="Alice H" uid="6460974" lat="45.4971665" lon="9.1456940">
  <tag k="addr:housenumber" v="61"/>
  <tag k="addr:postcode" v="20156"/>
  <tag k="addr:street" v="Via Varesina"/>
  <tag k="amenity" v="restaurant"/>
  <tag k="name" v="L'immagine Bistrot Ristorante"/>
  <tag k="opening_hours" v="Mo-Sa 19:00-00:00"/>
  <tag k="phone" v="+39 02 3926 4564"/>
  <tag k="website" v="http://www.limmaginebistrot.it/"/>
 </node>
 <node id="5894735118" visible="true" version="1" changeset="62429022" timestamp="2018-09-09T16:47:08Z" user="Alecs01" uid="1476146" lat="45.4946178" lon="9.1461316">
  <tag k="addr:city" v="Milano"/>
  <tag k="addr:country" v="IT"/>
  <tag k="addr:housenumber" v="17"/>
  <tag k="addr:postcode" v="20156"/>
  <tag k="addr:street" v="Via Marcantonio dal Re"/>
 </node>
 <node id="5939850062" visible="true" version="4" changeset="117850944" timestamp="2022-02-25T14:14:46Z" user="Balaabirami" uid="8350372" lat="45.4987922" lon="9.1512915">
  <tag k="barrier" v="kerb"/>
  <tag k="kerb" v="lowered"/>
  <tag k="tactile_paving" v="no"/>
 </node>
 <node id="5939850129" visible="true" version="3" changeset="106900555" timestamp="2021-06-24T12:38:48Z" user="Pollux17" uid="5479911" lat="45.4991088" lon="9.1493428"/>
 <node id="5939850131" visible="true" version="2" changeset="126737310" timestamp="2022-09-28T11:50:58Z" user="Balaabirami" uid="8350372" lat="45.4978069" lon="9.1497270">
  <tag k="barrier" v="kerb"/>
  <tag k="kerb" v="lowered"/>
  <tag k="tactile_paving" v="no"/>
 </node>
 <node id="5939850132" visible="true" version="2" changeset="126737310" timestamp="2022-09-28T11:50:58Z" user="Balaabirami" uid="8350372" lat="45.4978800" lon="9.1496324"/>
 <node id="5939850133" visible="true" version="2" changeset="126737310" timestamp="2022-09-28T11:50:58Z" user="Balaabirami" uid="8350372" lat="45.4978868" lon="9.1495963"/>
 <node id="5939850134" visible="true" version="1" changeset="63050546" timestamp="2018-09-29T23:17:04Z" user="Cerrotorre1974" uid="576807" lat="45.4977990" lon="9.1493715"/>
 <node id="5948896266" visible="true" version="1" changeset="63126936" timestamp="2018-10-02T14:44:00Z" user="Cerrotorre1974" uid="576807" lat="45.4964211" lon="9.1500504"/>
 <node id="5948896269" visible="true" version="1" changeset="63126936" timestamp="2018-10-02T14:44:00Z" user="Cerrotorre1974" uid="576807" lat="45.4964832" lon="9.1500611"/>
 <node id="5948896270" visible="true" version="1" changeset="63126936" timestamp="2018-10-02T14:44:00Z" user="Cerrotorre1974" uid="576807" lat="45.4971468" lon="9.1491049"/>
 <node id="5948896271" visible="true" version="1" changeset="63126936" timestamp="2018-10-02T14:44:00Z" user="Cerrotorre1974" uid="576807" lat="45.4971534" lon="9.1491156"/>
 <node id="5948896272" visible="true" version="1" changeset="63126936" timestamp="2018-10-02T14:44:00Z" user="Cerrotorre1974" uid="576807" lat="45.4971760" lon="9.1491183"/>
 <node id="5948896273" visible="true" version="1" changeset="63126936" timestamp="2018-10-02T14:44:00Z" user="Cerrotorre1974" uid="576807" lat="45.4971760" lon="9.1491505"/>
 <node id="5948896274" visible="true" version="1" changeset="63126936" timestamp="2018-10-02T14:44:00Z" user="Cerrotorre1974" uid="576807" lat="45.4972559" lon="9.1489534"/>
 <node id="5948896275" visible="true" version="1" changeset="63126936" timestamp="2018-10-02T14:44:00Z" user="Cerrotorre1974" uid="576807" lat="45.4972596" lon="9.1490003"/>
 <node id="5948896276" visible="true" version="1" changeset="63126936" timestamp="2018-10-02T14:44:00Z" user="Cerrotorre1974" uid="576807" lat="45.4972192" lon="9.1490580"/>
 <node id="5948896277" visible="true" version="1" changeset="63126936" timestamp="2018-10-02T14:44:00Z" user="Cerrotorre1974" uid="576807" lat="45.4971882" lon="9.1490513"/>
 <node id="5948896278" visible="true" version="1" changeset="63126936" timestamp="2018-10-02T14:44:00Z" user="Cerrotorre1974" uid="576807" lat="45.4971130" lon="9.1490151"/>
 <node id="5948896279" visible="true" version="1" changeset="63126936" timestamp="2018-10-02T14:44:00Z" user="Cerrotorre1974" uid="576807" lat="45.4970904" lon="9.1490110"/>
 <node id="5948896280" visible="true" version="1" changeset="63126936" timestamp="2018-10-02T14:44:00Z" user="Cerrotorre1974" uid="576807" lat="45.4970331" lon="9.1490875"/>
 <node id="5948896281" visible="true" version="1" changeset="63126936" timestamp="2018-10-02T14:44:00Z" user="Cerrotorre1974" uid="576807" lat="45.4970359" lon="9.1491170"/>
 <node id="5948896282" visible="true" version="1" changeset="63126936" timestamp="2018-10-02T14:44:00Z" user="Cerrotorre1974" uid="576807" lat="45.4964296" lon="9.1499136"/>
 <node id="5948896283" visible="true" version="1" changeset="63126936" timestamp="2018-10-02T14:44:00Z" user="Cerrotorre1974" uid="576807" lat="45.4964258" lon="9.1498841"/>
 <node id="5948896284" visible="true" version="1" changeset="63126936" timestamp="2018-10-02T14:44:00Z" user="Cerrotorre1974" uid="576807" lat="45.4968799" lon="9.1492752"/>
 <node id="5948896885" visible="true" version="1" changeset="63126936" timestamp="2018-10-02T14:44:00Z" user="Cerrotorre1974" uid="576807" lat="45.4969081" lon="9.1492819"/>
 <node id="5948896886" visible="true" version="1" changeset="63126936" timestamp="2018-10-02T14:44:00Z" user="Cerrotorre1974" uid="576807" lat="45.4975276" lon="9.1491773"/>
 <node id="5948896887" visible="true" version="1" changeset="63126936" timestamp="2018-10-02T14:44:00Z" user="Cerrotorre1974" uid="576807" lat="45.4975558" lon="9.1492243"/>
 <node id="5948896888" visible="true" version="1" changeset="63126936" timestamp="2018-10-02T14:44:00Z" user="Cerrotorre1974" uid="576807" lat="45.4976065" lon="9.1492122"/>
 <node id="5948896889" visible="true" version="1" changeset="63126936" timestamp="2018-10-02T14:44:00Z" user="Cerrotorre1974" uid="576807" lat="45.4975821" lon="9.1491559"/>
 <node id="5948896890" visible="true" version="1" changeset="63126936" timestamp="2018-10-02T14:44:00Z" user="Cerrotorre1974" uid="576807" lat="45.4973508" lon="9.1489024"/>
 <node id="5948896891" visible="true" version="1" changeset="63126936" timestamp="2018-10-02T14:44:00Z" user="Cerrotorre1974" uid="576807" lat="45.4974665" lon="9.1491036"/>
 <node id="5948896892" visible="true" version="1" changeset="63126936" timestamp="2018-10-02T14:44:00Z" user="Cerrotorre1974" uid="576807" lat="45.4976488" lon="9.1494724"/>
 <node id="5948896893" visible="true" version="1" changeset="63126936" timestamp="2018-10-02T14:44:00Z" user="Cerrotorre1974" uid="576807" lat="45.4976582" lon="9.1494576"/>
 <node id="5948896894" visible="true" version="1" changeset="63126936" timestamp="2018-10-02T14:44:00Z" user="Cerrotorre1974" uid="576807" lat="45.4976939" lon="9.1495153"/>
 <node id="5948896895" visible="true" version="1" changeset="63126936" timestamp="2018-10-02T14:44:00Z" user="Cerrotorre1974" uid="576807" lat="45.4976864" lon="9.1495314"/>
 <node id="5948896896" visible="true" version="1" changeset="63126936" timestamp="2018-10-02T14:44:00Z" user="Cerrotorre1974" uid="576807" lat="45.4973405" lon="9.1489641"/>
 <node id="5948896897" visible="true" version="1" changeset="63126936" timestamp="2018-10-02T14:44:00Z" user="Cerrotorre1974" uid="576807" lat="45.4973348" lon="9.1489963"/>
 <node id="5948896898" visible="true" version="3" changeset="131803828" timestamp="2023-01-28T11:23:10Z" user="f_gonella" uid="8716397" lat="45.4972581" lon="9.1488937">
  <tag k="highway" v="crossing"/>
 </node>
 <node id="5948896899" visible="true" version="2" changeset="126737208" timestamp="2022-09-28T11:48:12Z" user="Balaabirami" uid="8350372" lat="45.4972874" lon="9.1489391">
  <tag k="barrier" v="kerb"/>
  <tag k="kerb" v="lowered"/>
  <tag k="tactile_paving" v="no"/>
 </node>
 <node id="5948896900" visible="true" version="3" changeset="126737208" timestamp="2022-09-28T11:48:12Z" user="Balaabirami" uid="8350372" lat="45.4973512" lon="9.1486345"/>
 <node id="5948896901" visible="true" version="2" changeset="126737208" timestamp="2022-09-28T11:48:12Z" user="Balaabirami" uid="8350372" lat="45.4974369" lon="9.1485670">
  <tag k="barrier" v="kerb"/>
  <tag k="kerb" v="lowered"/>
  <tag k="tactile_paving" v="no"/>
 </node>
 <node id="5948896924" visible="true" version="2" changeset="117803623" timestamp="2022-02-24T09:30:13Z" user="Balaabirami" uid="8350372" lat="45.4934201" lon="9.1563332"/>
 <node id="5948896938" visible="true" version="1" changeset="63126936" timestamp="2018-10-02T14:44:01Z" user="Cerrotorre1974" uid="576807" lat="45.4950718" lon="9.1561414"/>
 <node id="5955577690" visible="true" version="1" changeset="63210203" timestamp="2018-10-04T21:07:01Z" user="Cerrotorre1974" uid="576807" lat="45.4974034" lon="9.1491003"/>
 <node id="5955578187" visible="true" version="1" changeset="63210203" timestamp="2018-10-04T21:07:02Z" user="Cerrotorre1974" uid="576807" lat="45.4941734" lon="9.1487825"/>
 <node id="5955578188" visible="true" version="6" changeset="131803828" timestamp="2023-01-28T11:23:10Z" user="f_gonella" uid="8716397" lat="45.4943924" lon="9.1485079">
  <tag k="crossing" v="marked"/>
  <tag k="highway" v="crossing"/>
  <tag k="mapillary" v="4026689547413493"/>
  <tag k="survey:date" v="2020-06-15"/>
  <tag k="wheelchair" v="yes"/>
 </node>
 <node id="5955578193" visible="true" version="1" changeset="63210203" timestamp="2018-10-04T21:07:02Z" user="Cerrotorre1974" uid="576807" lat="45.4944431" lon="9.1485297"/>
 <node id="5955578194" visible="true" version="1" changeset="63210203" timestamp="2018-10-04T21:07:02Z" user="Cerrotorre1974" uid="576807" lat="45.4944619" lon="9.1485418"/>
 <node id="5955578195" visible="true" version="1" changeset="63210203" timestamp="2018-10-04T21:07:02Z" user="Cerrotorre1974" uid="576807" lat="45.4945522" lon="9.1484653"/>
 <node id="5955578196" visible="true" version="1" changeset="63210203" timestamp="2018-10-04T21:07:02Z" user="Cerrotorre1974" uid="576807" lat="45.4945559" lon="9.1484358"/>
 <node id="5955578197" visible="true" version="1" changeset="63210203" timestamp="2018-10-04T21:07:02Z" user="Cerrotorre1974" uid="576807" lat="45.4946061" lon="9.1484305"/>
 <node id="5955578198" visible="true" version="1" changeset="63210203" timestamp="2018-10-04T21:07:02Z" user="Cerrotorre1974" uid="576807" lat="45.4949185" lon="9.1480380"/>
 <node id="6111077908" visible="true" version="1" changeset="65098828" timestamp="2018-12-02T16:54:16Z" user="Alecs01" uid="1476146" lat="45.4953335" lon="9.1557948"/>
 <node id="6111077910" visible="true" version="1" changeset="65098828" timestamp="2018-12-02T16:54:16Z" user="Alecs01" uid="1476146" lat="45.4955121" lon="9.1555590"/>
 <node id="6126722446" visible="true" version="1" changeset="65318789" timestamp="2018-12-09T16:52:25Z" user="Alecs01" uid="1476146" lat="45.4944386" lon="9.1478175"/>
 <node id="6126722450" visible="true" version="1" changeset="65318789" timestamp="2018-12-09T16:52:25Z" user="Alecs01" uid="1476146" lat="45.4944855" lon="9.1478028"/>
 <node id="6126722451" visible="true" version="1" changeset="65318789" timestamp="2018-12-09T16:52:25Z" user="Alecs01" uid="1476146" lat="45.4945415" lon="9.1479408"/>
 <node id="6126722452" visible="true" version="1" changeset="65318789" timestamp="2018-12-09T16:52:25Z" user="Alecs01" uid="1476146" lat="45.4945019" lon="9.1479735"/>
 <node id="6126722453" visible="true" version="1" changeset="65318789" timestamp="2018-12-09T16:52:25Z" user="Alecs01" uid="1476146" lat="45.4945333" lon="9.1477634"/>
 <node id="6126722454" visible="true" version="1" changeset="65318789" timestamp="2018-12-09T16:52:25Z" user="Alecs01" uid="1476146" lat="45.4946291" lon="9.1480225"/>
 <node id="6126722455" visible="true" version="1" changeset="65318789" timestamp="2018-12-09T16:52:25Z" user="Alecs01" uid="1476146" lat="45.4945494" lon="9.1480998"/>
 <node id="6126722456" visible="true" version="1" changeset="65318789" timestamp="2018-12-09T16:52:25Z" user="Alecs01" uid="1476146" lat="45.4947118" lon="9.1481110"/>
 <node id="6126722457" visible="true" version="1" changeset="65318789" timestamp="2018-12-09T16:52:25Z" user="Alecs01" uid="1476146" lat="45.4947670" lon="9.1476437"/>
 <node id="6126722458" visible="true" version="1" changeset="65318789" timestamp="2018-12-09T16:52:25Z" user="Alecs01" uid="1476146" lat="45.4946516" lon="9.1473037"/>
 <node id="6126722459" visible="true" version="1" changeset="65318789" timestamp="2018-12-09T16:52:25Z" user="Alecs01" uid="1476146" lat="45.4946065" lon="9.1473412"/>
 <node id="6126722460" visible="true" version="1" changeset="65318789" timestamp="2018-12-09T16:52:25Z" user="Alecs01" uid="1476146" lat="45.4945670" lon="9.1472313"/>
 <node id="6126722461" visible="true" version="1" changeset="65318789" timestamp="2018-12-09T16:52:25Z" user="Alecs01" uid="1476146" lat="45.4943677" lon="9.1473627"/>
 <node id="6126722462" visible="true" version="1" changeset="65318789" timestamp="2018-12-09T16:52:25Z" user="Alecs01" uid="1476146" lat="45.4944580" lon="9.1476390"/>
 <node id="6126722463" visible="true" version="1" changeset="65318789" timestamp="2018-12-09T16:52:25Z" user="Alecs01" uid="1476146" lat="45.4943809" lon="9.1476792"/>
 <node id="6126722464" visible="true" version="1" changeset="65318789" timestamp="2018-12-09T16:52:25Z" user="Alecs01" uid="1476146" lat="45.4944459" lon="9.1478354"/>
 <node id="6126722465" visible="true" version="1" changeset="65318789" timestamp="2018-12-09T16:52:25Z" user="Alecs01" uid="1476146" lat="45.4945670" lon="9.1477355"/>
 <node id="6126722466" visible="true" version="1" changeset="65318789" timestamp="2018-12-09T16:52:25Z" user="Alecs01" uid="1476146" lat="45.4944674" lon="9.1474485"/>
 <node id="6126722467" visible="true" version="1" changeset="65318789" timestamp="2018-12-09T16:52:25Z" user="Alecs01" uid="1476146" lat="45.4945633" lon="9.1473949"/>
 <node id="6126722468" visible="true" version="1" changeset="65318789" timestamp="2018-12-09T16:52:25Z" user="Alecs01" uid="1476146" lat="45.4947005" lon="9.1469483"/>
 <node id="6126722469" visible="true" version="1" changeset="65318789" timestamp="2018-12-09T16:52:25Z" user="Alecs01" uid="1476146" lat="45.4946526" lon="9.1468169"/>
 <node id="6126722470" visible="true" version="1" changeset="65318789" timestamp="2018-12-09T16:52:25Z" user="Alecs01" uid="1476146" lat="45.4945360" lon="9.1468920"/>
 <node id="6126722471" visible="true" version="1" changeset="65318789" timestamp="2018-12-09T16:52:25Z" user="Alecs01" uid="1476146" lat="45.4944826" lon="9.1467198"/>
 <node id="6126722472" visible="true" version="1" changeset="65318789" timestamp="2018-12-09T16:52:25Z" user="Alecs01" uid="1476146" lat="45.4945510" lon="9.1472085"/>
 <node id="6126722473" visible="true" version="1" changeset="65318789" timestamp="2018-12-09T16:52:25Z" user="Alecs01" uid="1476146" lat="45.4946756" lon="9.1466567"/>
 <node id="6126722474" visible="true" version="1" changeset="65318789" timestamp="2018-12-09T16:52:25Z" user="Alecs01" uid="1476146" lat="45.4947519" lon="9.1469219"/>
 <node id="6126722475" visible="true" version="1" changeset="65318789" timestamp="2018-12-09T16:52:25Z" user="Alecs01" uid="1476146" lat="45.4948467" lon="9.1468664"/>
 <node id="6126722476" visible="true" version="1" changeset="65318789" timestamp="2018-12-09T16:52:25Z" user="Alecs01" uid="1476146" lat="45.4947704" lon="9.1466013"/>
 <node id="6126722477" visible="true" version="1" changeset="65318789" timestamp="2018-12-09T16:52:25Z" user="Alecs01" uid="1476146" lat="45.4947801" lon="9.1470569"/>
 <node id="6126722478" visible="true" version="1" changeset="65318789" timestamp="2018-12-09T16:52:25Z" user="Alecs01" uid="1476146" lat="45.4948904" lon="9.1469895"/>
 <node id="6126722479" visible="true" version="1" changeset="65318789" timestamp="2018-12-09T16:52:25Z" user="Alecs01" uid="1476146" lat="45.4948165" lon="9.1475233"/>
 <node id="6126722480" visible="true" version="1" changeset="65318789" timestamp="2018-12-09T16:52:25Z" user="Alecs01" uid="1476146" lat="45.4948817" lon="9.1474861"/>
 <node id="6126722481" visible="true" version="1" changeset="65318789" timestamp="2018-12-09T16:52:25Z" user="Alecs01" uid="1476146" lat="45.4948865" lon="9.1475032"/>
 <node id="6126722482" visible="true" version="1" changeset="65318789" timestamp="2018-12-09T16:52:25Z" user="Alecs01" uid="1476146" lat="45.4949081" lon="9.1474909"/>
 <node id="6126722483" visible="true" version="1" changeset="65318789" timestamp="2018-12-09T16:52:25Z" user="Alecs01" uid="1476146" lat="45.4948263" lon="9.1472109"/>
 <node id="6126722484" visible="true" version="1" changeset="65318789" timestamp="2018-12-09T16:52:25Z" user="Alecs01" uid="1476146" lat="45.4949366" lon="9.1471435"/>
 <node id="6126723085" visible="true" version="1" changeset="65318789" timestamp="2018-12-09T16:52:25Z" user="Alecs01" uid="1476146" lat="45.4950342" lon="9.1475003"/>
 <node id="6324268013" visible="true" version="2" changeset="88094299" timestamp="2020-07-16T15:27:15Z" user="Alecs01" uid="1476146" lat="45.4955787" lon="9.1453186">
  <tag k="addr:city" v="Milano"/>
  <tag k="addr:housenumber" v="15"/>
  <tag k="addr:street" v="Via Gian Battista Casella"/>
 </node>
 <node id="6324268014" visible="true" version="2" changeset="67902094" timestamp="2019-03-07T22:28:03Z" user="rugamarcus" uid="95387" lat="45.4957836" lon="9.1455375"/>
 <node id="6324268015" visible="true" version="2" changeset="67902094" timestamp="2019-03-07T22:28:03Z" user="rugamarcus" uid="95387" lat="45.4959186" lon="9.1454700"/>
 <node id="6324268017" visible="true" version="2" changeset="67902094" timestamp="2019-03-07T22:28:03Z" user="rugamarcus" uid="95387" lat="45.4959718" lon="9.1456864"/>
 <node id="6324298831" visible="true" version="3" changeset="107348372" timestamp="2021-07-03T10:47:00Z" user="rugamarcus" uid="95387" lat="45.4957585" lon="9.1454440">
  <tag k="addr:city" v="Milano"/>
  <tag k="addr:housenumber" v="16"/>
  <tag k="addr:street" v="Via Gian Battista Casella"/>
 </node>
 <node id="6324298832" visible="true" version="3" changeset="107348372" timestamp="2021-07-03T10:47:00Z" user="rugamarcus" uid="95387" lat="45.4957122" lon="9.1452390">
  <tag k="addr:city" v="Milano"/>
  <tag k="addr:housenumber" v="18"/>
  <tag k="addr:street" v="Via Gian Battista Casella"/>
 </node>
 <node id="6324298991" visible="true" version="2" changeset="83965147" timestamp="2020-04-22T23:22:02Z" user="mcheck" uid="478872" lat="45.4957516" lon="9.1460294">
  <tag k="addr:city" v="Milano"/>
  <tag k="addr:housenumber" v="7"/>
  <tag k="addr:street" v="Via Gian Battista Casella"/>
 </node>
 <node id="6324304058" visible="true" version="4" changeset="126926264" timestamp="2022-10-03T09:31:59Z" user="Balaabirami" uid="8350372" lat="45.4961152" lon="9.1469231"/>
 <node id="6324304060" visible="true" version="5" changeset="126941116" timestamp="2022-10-03T14:22:14Z" user="Balaabirami" uid="8350372" lat="45.4989676" lon="9.1437665"/>
 <node id="6324304061" visible="true" version="4" changeset="126926264" timestamp="2022-10-03T09:31:59Z" user="Balaabirami" uid="8350372" lat="45.4969744" lon="9.1460084"/>
 <node id="6324304065" visible="true" version="4" changeset="126926264" timestamp="2022-10-03T09:31:59Z" user="Balaabirami" uid="8350372" lat="45.4948028" lon="9.1480764"/>
 <node id="6324304066" visible="true" version="4" changeset="126926264" timestamp="2022-10-03T09:31:59Z" user="Balaabirami" uid="8350372" lat="45.4958463" lon="9.1471805"/>
 <node id="6324304070" visible="true" version="4" changeset="126926264" timestamp="2022-10-03T09:31:59Z" user="Balaabirami" uid="8350372" lat="45.4943328" lon="9.1484868"/>
 <node id="6324304071" visible="true" version="4" changeset="126926264" timestamp="2022-10-03T09:31:59Z" user="Balaabirami" uid="8350372" lat="45.4984462" lon="9.1443452"/>
 <node id="6324304073" visible="true" version="5" changeset="126926264" timestamp="2022-10-03T09:31:59Z" user="Balaabirami" uid="8350372" lat="45.4996710" lon="9.1429694"/>
 <node id="6324304074" visible="true" version="5" changeset="131803828" timestamp="2023-01-28T11:23:10Z" user="f_gonella" uid="8716397" lat="45.4937043" lon="9.1490338"/>
 <node id="6324304077" visible="true" version="4" changeset="126926264" timestamp="2022-10-03T09:31:59Z" user="Balaabirami" uid="8350372" lat="45.4965608" lon="9.1464751"/>
 <node id="6450953763" visible="true" version="1" changeset="69919690" timestamp="2019-05-06T02:15:34Z" user="dvvuyyur" uid="9634896" lat="45.4968468" lon="9.1452196"/>
 <node id="6450953764" visible="true" version="1" changeset="69919690" timestamp="2019-05-06T02:15:34Z" user="dvvuyyur" uid="9634896" lat="45.4966982" lon="9.1453618"/>
 <node id="6450953765" visible="true" version="1" changeset="69919690" timestamp="2019-05-06T02:15:34Z" user="dvvuyyur" uid="9634896" lat="45.4966879" lon="9.1448596">
  <tag k="barrier" v="gate"/>
 </node>
 <node id="6721504878" visible="true" version="1" changeset="73469941" timestamp="2019-08-18T18:07:32Z" user="Alecs01" uid="1476146" lat="45.5017606" lon="9.1429842"/>
 <node id="6721504883" visible="true" version="1" changeset="73469941" timestamp="2019-08-18T18:07:32Z" user="Alecs01" uid="1476146" lat="45.5017207" lon="9.1424919"/>
 <node id="6721504884" visible="true" version="1" changeset="73469941" timestamp="2019-08-18T18:07:32Z" user="Alecs01" uid="1476146" lat="45.5017972" lon="9.1424045"/>
 <node id="6795771505" visible="true" version="1" changeset="74481056" timestamp="2019-09-14T18:14:09Z" user="Alecs01" uid="1476146" lat="45.4951222" lon="9.1460904"/>
 <node id="6795771506" visible="true" version="1" changeset="74481056" timestamp="2019-09-14T18:14:09Z" user="Alecs01" uid="1476146" lat="45.4948119" lon="9.1462828"/>
 <node id="6795771507" visible="true" version="1" changeset="74481056" timestamp="2019-09-14T18:14:09Z" user="Alecs01" uid="1476146" lat="45.4949101" lon="9.1458685"/>
 <node id="6795771508" visible="true" version="1" changeset="74481056" timestamp="2019-09-14T18:14:09Z" user="Alecs01" uid="1476146" lat="45.4948875" lon="9.1457931"/>
 <node id="6795771509" visible="true" version="1" changeset="74481056" timestamp="2019-09-14T18:14:09Z" user="Alecs01" uid="1476146" lat="45.4948028" lon="9.1458447"/>
 <node id="6795771510" visible="true" version="1" changeset="74481056" timestamp="2019-09-14T18:14:09Z" user="Alecs01" uid="1476146" lat="45.4948254" lon="9.1459201"/>
 <node id="6795771511" visible="true" version="1" changeset="74481056" timestamp="2019-09-14T18:14:09Z" user="Alecs01" uid="1476146" lat="45.4954255" lon="9.1470632"/>
 <node id="6795771512" visible="true" version="1" changeset="74481056" timestamp="2019-09-14T18:14:09Z" user="Alecs01" uid="1476146" lat="45.4955986" lon="9.1469518"/>
 <node id="6795771513" visible="true" version="1" changeset="74481056" timestamp="2019-09-14T18:14:09Z" user="Alecs01" uid="1476146" lat="45.4948965" lon="9.1465758"/>
 <node id="6795771514" visible="true" version="1" changeset="74481056" timestamp="2019-09-14T18:14:09Z" user="Alecs01" uid="1476146" lat="45.4958501" lon="9.1468357"/>
 <node id="6795771515" visible="true" version="1" changeset="74481056" timestamp="2019-09-14T18:14:09Z" user="Alecs01" uid="1476146" lat="45.4956778" lon="9.1472277"/>
 <node id="6795771516" visible="true" version="1" changeset="74481056" timestamp="2019-09-14T18:14:09Z" user="Alecs01" uid="1476146" lat="45.4954773" lon="9.1472480"/>
 <node id="6795771517" visible="true" version="1" changeset="74481056" timestamp="2019-09-14T18:14:09Z" user="Alecs01" uid="1476146" lat="45.4951004" lon="9.1472600"/>
 <node id="6795771518" visible="true" version="1" changeset="74481056" timestamp="2019-09-14T18:14:09Z" user="Alecs01" uid="1476146" lat="45.4949844" lon="9.1468707"/>
 <node id="6795771519" visible="true" version="1" changeset="74481056" timestamp="2019-09-14T18:14:09Z" user="Alecs01" uid="1476146" lat="45.4955125" lon="9.1454334"/>
 <node id="6795771520" visible="true" version="1" changeset="74481056" timestamp="2019-09-14T18:14:09Z" user="Alecs01" uid="1476146" lat="45.4954119" lon="9.1450317"/>
 <node id="6795771521" visible="true" version="1" changeset="74481056" timestamp="2019-09-14T18:14:09Z" user="Alecs01" uid="1476146" lat="45.4952138" lon="9.1456649"/>
 <node id="6795771522" visible="true" version="1" changeset="74481056" timestamp="2019-09-14T18:14:09Z" user="Alecs01" uid="1476146" lat="45.4954751" lon="9.1455388"/>
 <node id="6795771523" visible="true" version="1" changeset="74481056" timestamp="2019-09-14T18:14:09Z" user="Alecs01" uid="1476146" lat="45.4954620" lon="9.1454691"/>
 <node id="6795771540" visible="true" version="1" changeset="74481056" timestamp="2019-09-14T18:14:09Z" user="Alecs01" uid="1476146" lat="45.4958757" lon="9.1445036"/>
 <node id="6795771565" visible="true" version="1" changeset="74481056" timestamp="2019-09-14T18:14:09Z" user="Alecs01" uid="1476146" lat="45.4961144" lon="9.1451552">
  <tag k="natural" v="tree"/>
 </node>
 <node id="6795771566" visible="true" version="1" changeset="74481056" timestamp="2019-09-14T18:14:09Z" user="Alecs01" uid="1476146" lat="45.4959470" lon="9.1450775">
  <tag k="natural" v="tree"/>
 </node>
 <node id="6795771567" visible="true" version="1" changeset="74481056" timestamp="2019-09-14T18:14:09Z" user="Alecs01" uid="1476146" lat="45.4959903" lon="9.1449219">
  <tag k="natural" v="tree"/>
 </node>
 <node id="6795771568" visible="true" version="1" changeset="74481056" timestamp="2019-09-14T18:14:09Z" user="Alecs01" uid="1476146" lat="45.4947437" lon="9.1449782">
  <tag k="natural" v="tree"/>
 </node>
 <node id="6795771570" visible="true" version="1" changeset="74481056" timestamp="2019-09-14T18:14:09Z" user="Alecs01" uid="1476146" lat="45.4950822" lon="9.1448092">
  <tag k="natural" v="tree"/>
 </node>
 <node id="6795771571" visible="true" version="1" changeset="74481056" timestamp="2019-09-14T18:14:09Z" user="Alecs01" uid="1476146" lat="45.4955890" lon="9.1445978"/>
 <node id="6795771572" visible="true" version="1" changeset="74481056" timestamp="2019-09-14T18:14:09Z" user="Alecs01" uid="1476146" lat="45.4950653" lon="9.1450319">
  <tag k="natural" v="tree"/>
 </node>
 <node id="6795771573" visible="true" version="1" changeset="74481056" timestamp="2019-09-14T18:14:09Z" user="Alecs01" uid="1476146" lat="45.4946541" lon="9.1451327"/>
 <node id="6795771574" visible="true" version="1" changeset="74481056" timestamp="2019-09-14T18:14:09Z" user="Alecs01" uid="1476146" lat="45.4946745" lon="9.1452024"/>
 <node id="6795771575" visible="true" version="1" changeset="74481056" timestamp="2019-09-14T18:14:09Z" user="Alecs01" uid="1476146" lat="45.4947676" lon="9.1451470"/>
 <node id="6795771576" visible="true" version="1" changeset="74481056" timestamp="2019-09-14T18:14:09Z" user="Alecs01" uid="1476146" lat="45.4947472" lon="9.1450773"/>
 <node id="6795771618" visible="true" version="1" changeset="74481056" timestamp="2019-09-14T17:59:49Z" user="Alecs01" uid="1476146" lat="45.4945915" lon="9.1455281"/>
 <node id="6795771619" visible="true" version="1" changeset="74481056" timestamp="2019-09-14T17:59:49Z" user="Alecs01" uid="1476146" lat="45.4946930" lon="9.1454557"/>
 <node id="6795771620" visible="true" version="1" changeset="74481056" timestamp="2019-09-14T17:59:49Z" user="Alecs01" uid="1476146" lat="45.4949769" lon="9.1445420"/>
 <node id="6795771622" visible="true" version="1" changeset="74481056" timestamp="2019-09-14T17:59:49Z" user="Alecs01" uid="1476146" lat="45.4949119" lon="9.1443150"/>
 <node id="6795771627" visible="true" version="1" changeset="74481056" timestamp="2019-09-14T17:59:49Z" user="Alecs01" uid="1476146" lat="45.4947225" lon="9.1442583"/>
 <node id="6795771628" visible="true" version="1" changeset="74481056" timestamp="2019-09-14T17:59:49Z" user="Alecs01" uid="1476146" lat="45.4947381" lon="9.1442889"/>
 <node id="6795771629" visible="true" version="1" changeset="74481056" timestamp="2019-09-14T17:59:49Z" user="Alecs01" uid="1476146" lat="45.4944786" lon="9.1444766"/>
 <node id="6795771630" visible="true" version="1" changeset="74481056" timestamp="2019-09-14T17:59:49Z" user="Alecs01" uid="1476146" lat="45.4945426" lon="9.1446698"/>
 <node id="6795771631" visible="true" version="1" changeset="74481056" timestamp="2019-09-14T17:59:49Z" user="Alecs01" uid="1476146" lat="45.4947475" lon="9.1445437"/>
 <node id="6795771632" visible="true" version="1" changeset="74481056" timestamp="2019-09-14T17:59:49Z" user="Alecs01" uid="1476146" lat="45.4948829" lon="9.1449755"/>
 <node id="6795771633" visible="true" version="1" changeset="74481056" timestamp="2019-09-14T17:59:49Z" user="Alecs01" uid="1476146" lat="45.4950258" lon="9.1449058"/>
 <node id="6795771634" visible="true" version="1" changeset="74481056" timestamp="2019-09-14T17:59:49Z" user="Alecs01" uid="1476146" lat="45.4950126" lon="9.1448387"/>
 <node id="6795771635" visible="true" version="1" changeset="74481056" timestamp="2019-09-14T17:59:49Z" user="Alecs01" uid="1476146" lat="45.4950521" lon="9.1448173"/>
 <node id="6795788409" visible="true" version="1" changeset="74481056" timestamp="2019-09-14T18:38:26Z" user="Alecs01" uid="1476146" lat="45.4973609" lon="9.1473785"/>
 <node id="6795788410" visible="true" version="1" changeset="74481056" timestamp="2019-09-14T18:38:26Z" user="Alecs01" uid="1476146" lat="45.4975270" lon="9.1477940"/>
 <node id="6795788411" visible="true" version="1" changeset="74481056" timestamp="2019-09-14T18:38:26Z" user="Alecs01" uid="1476146" lat="45.4975770" lon="9.1477532"/>
 <node id="6795788412" visible="true" version="1" changeset="74481056" timestamp="2019-09-14T18:38:26Z" user="Alecs01" uid="1476146" lat="45.4974110" lon="9.1473378"/>
 <node id="6795788413" visible="true" version="1" changeset="74481056" timestamp="2019-09-14T18:38:26Z" user="Alecs01" uid="1476146" lat="45.4972509" lon="9.1474833"/>
 <node id="6795788414" visible="true" version="1" changeset="74481056" timestamp="2019-09-14T18:38:26Z" user="Alecs01" uid="1476146" lat="45.4974056" lon="9.1478676"/>
 <node id="6795788415" visible="true" version="1" changeset="74481056" timestamp="2019-09-14T18:38:26Z" user="Alecs01" uid="1476146" lat="45.4974718" lon="9.1478134"/>
 <node id="6795788416" visible="true" version="1" changeset="74481056" timestamp="2019-09-14T18:38:26Z" user="Alecs01" uid="1476146" lat="45.4973171" lon="9.1474291"/>
 <node id="6795788417" visible="true" version="1" changeset="74481056" timestamp="2019-09-14T18:38:26Z" user="Alecs01" uid="1476146" lat="45.4974610" lon="9.1479396"/>
 <node id="6795788418" visible="true" version="1" changeset="74481056" timestamp="2019-09-14T18:38:26Z" user="Alecs01" uid="1476146" lat="45.4974857" lon="9.1480071"/>
 <node id="6795788419" visible="true" version="1" changeset="74481056" timestamp="2019-09-14T18:38:26Z" user="Alecs01" uid="1476146" lat="45.4975644" lon="9.1479485"/>
 <node id="6795788420" visible="true" version="1" changeset="74481056" timestamp="2019-09-14T18:38:26Z" user="Alecs01" uid="1476146" lat="45.4975397" lon="9.1478810"/>
 <node id="6795788421" visible="true" version="2" changeset="161585952" timestamp="2025-01-21T04:37:44Z" user="Saint_Vincent" uid="14728764" lat="45.4973081" lon="9.1466354"/>
 <node id="6795788422" visible="true" version="2" changeset="161585952" timestamp="2025-01-21T04:37:44Z" user="Saint_Vincent" uid="14728764" lat="45.4974763" lon="9.1470594"/>
 <node id="6795788423" visible="true" version="2" changeset="161585952" timestamp="2025-01-21T04:37:44Z" user="Saint_Vincent" uid="14728764" lat="45.4975474" lon="9.1470020"/>
 <node id="6795788424" visible="true" version="2" changeset="161585952" timestamp="2025-01-21T04:37:44Z" user="Saint_Vincent" uid="14728764" lat="45.4974113" lon="9.1466589"/>
 <node id="6795788425" visible="true" version="2" changeset="161585952" timestamp="2025-01-21T04:37:44Z" user="Saint_Vincent" uid="14728764" lat="45.4974725" lon="9.1466095"/>
 <node id="6795788426" visible="true" version="2" changeset="161585952" timestamp="2025-01-21T04:37:44Z" user="Saint_Vincent" uid="14728764" lat="45.4976030" lon="9.1469386"/>
 <node id="6795788427" visible="true" version="2" changeset="161585952" timestamp="2025-01-21T04:37:44Z" user="Saint_Vincent" uid="14728764" lat="45.4976599" lon="9.1468927"/>
 <node id="6795788428" visible="true" version="2" changeset="161585952" timestamp="2025-01-21T04:37:44Z" user="Saint_Vincent" uid="14728764" lat="45.4974972" lon="9.1464827"/>
 <node id="6795788429" visible="true" version="1" changeset="74481056" timestamp="2019-09-14T18:38:26Z" user="Alecs01" uid="1476146" lat="45.4978848" lon="9.1472813"/>
 <node id="6795788430" visible="true" version="1" changeset="74481056" timestamp="2019-09-14T18:38:26Z" user="Alecs01" uid="1476146" lat="45.4978143" lon="9.1473743"/>
 <node id="6795788431" visible="true" version="1" changeset="74481056" timestamp="2019-09-14T18:38:26Z" user="Alecs01" uid="1476146" lat="45.4976971" lon="9.1471933"/>
 <node id="6795788432" visible="true" version="1" changeset="74481056" timestamp="2019-09-14T18:38:26Z" user="Alecs01" uid="1476146" lat="45.4977676" lon="9.1471003"/>
 <node id="6795788433" visible="true" version="1" changeset="74481056" timestamp="2019-09-14T18:38:26Z" user="Alecs01" uid="1476146" lat="45.4979980" lon="9.1471361"/>
 <node id="6795788434" visible="true" version="1" changeset="74481056" timestamp="2019-09-14T18:38:26Z" user="Alecs01" uid="1476146" lat="45.4979498" lon="9.1472027"/>
 <node id="6795788435" visible="true" version="1" changeset="74481056" timestamp="2019-09-14T18:38:26Z" user="Alecs01" uid="1476146" lat="45.4977625" lon="9.1469268"/>
 <node id="6795788436" visible="true" version="1" changeset="74481056" timestamp="2019-09-14T18:38:26Z" user="Alecs01" uid="1476146" lat="45.4978107" lon="9.1468602"/>
 <node id="6795788441" visible="true" version="1" changeset="74481056" timestamp="2019-09-14T18:38:26Z" user="Alecs01" uid="1476146" lat="45.4978069" lon="9.1474335"/>
 <node id="6795788442" visible="true" version="1" changeset="74481056" timestamp="2019-09-14T18:38:26Z" user="Alecs01" uid="1476146" lat="45.4979049" lon="9.1475893"/>
 <node id="6795788443" visible="true" version="1" changeset="74481056" timestamp="2019-09-14T18:38:26Z" user="Alecs01" uid="1476146" lat="45.4980880" lon="9.1473549"/>
 <node id="6795788444" visible="true" version="1" changeset="74481056" timestamp="2019-09-14T18:38:26Z" user="Alecs01" uid="1476146" lat="45.4979900" lon="9.1471991"/>
 <node id="6795788445" visible="true" version="1" changeset="74481056" timestamp="2019-09-14T18:38:26Z" user="Alecs01" uid="1476146" lat="45.4974866" lon="9.1471321"/>
 <node id="6795788446" visible="true" version="1" changeset="74481056" timestamp="2019-09-14T18:38:26Z" user="Alecs01" uid="1476146" lat="45.4975319" lon="9.1472472"/>
 <node id="6795788447" visible="true" version="1" changeset="74481056" timestamp="2019-09-14T18:38:26Z" user="Alecs01" uid="1476146" lat="45.4975020" lon="9.1472712"/>
 <node id="6795788448" visible="true" version="1" changeset="74481056" timestamp="2019-09-14T18:38:26Z" user="Alecs01" uid="1476146" lat="45.4976885" lon="9.1477443"/>
 <node id="6795788449" visible="true" version="1" changeset="74481056" timestamp="2019-09-14T18:38:26Z" user="Alecs01" uid="1476146" lat="45.4977793" lon="9.1476714"/>
 <node id="6795788450" visible="true" version="1" changeset="74481056" timestamp="2019-09-14T18:38:26Z" user="Alecs01" uid="1476146" lat="45.4975475" lon="9.1470832"/>
 <node id="6795788451" visible="true" version="1" changeset="74481056" timestamp="2019-09-14T18:38:26Z" user="Alecs01" uid="1476146" lat="45.4975526" lon="9.1478750"/>
 <node id="6795788452" visible="true" version="1" changeset="74481056" timestamp="2019-09-14T18:38:26Z" user="Alecs01" uid="1476146" lat="45.4976015" lon="9.1480064"/>
 <node id="6795788453" visible="true" version="1" changeset="74481056" timestamp="2019-09-14T18:38:26Z" user="Alecs01" uid="1476146" lat="45.4977350" lon="9.1478884"/>
 <node id="6795788454" visible="true" version="1" changeset="74481056" timestamp="2019-09-14T18:38:26Z" user="Alecs01" uid="1476146" lat="45.4976824" lon="9.1477597"/>
 <node id="6795788455" visible="true" version="1" changeset="74481056" timestamp="2019-09-14T18:38:26Z" user="Alecs01" uid="1476146" lat="45.4970900" lon="9.1476243"/>
 <node id="6795788456" visible="true" version="1" changeset="74481056" timestamp="2019-09-14T18:38:26Z" user="Alecs01" uid="1476146" lat="45.4972057" lon="9.1479150"/>
 <node id="6795788457" visible="true" version="1" changeset="74481056" timestamp="2019-09-14T18:38:26Z" user="Alecs01" uid="1476146" lat="45.4973065" lon="9.1478334"/>
 <node id="6795788458" visible="true" version="1" changeset="74481056" timestamp="2019-09-14T18:38:26Z" user="Alecs01" uid="1476146" lat="45.4971908" lon="9.1475426"/>
 <node id="6795788459" visible="true" version="1" changeset="74481056" timestamp="2019-09-14T18:38:26Z" user="Alecs01" uid="1476146" lat="45.4960121" lon="9.1460273"/>
 <node id="6795788460" visible="true" version="1" changeset="74481056" timestamp="2019-09-14T18:38:26Z" user="Alecs01" uid="1476146" lat="45.4961355" lon="9.1465426"/>
 <node id="6795788461" visible="true" version="1" changeset="74481056" timestamp="2019-09-14T18:38:26Z" user="Alecs01" uid="1476146" lat="45.4960444" lon="9.1466013"/>
 <node id="6795788462" visible="true" version="1" changeset="74481056" timestamp="2019-09-14T18:38:26Z" user="Alecs01" uid="1476146" lat="45.4959930" lon="9.1463942"/>
 <node id="6795788463" visible="true" version="1" changeset="74481056" timestamp="2019-09-14T18:38:26Z" user="Alecs01" uid="1476146" lat="45.4960886" lon="9.1463467"/>
 <node id="6795788473" visible="true" version="1" changeset="74481056" timestamp="2019-09-14T18:38:26Z" user="Alecs01" uid="1476146" lat="45.4967440" lon="9.1450719"/>
 <node id="6795788474" visible="true" version="1" changeset="74481056" timestamp="2019-09-14T18:38:26Z" user="Alecs01" uid="1476146" lat="45.4965962" lon="9.1452008"/>
 <node id="6795788476" visible="true" version="1" changeset="74481056" timestamp="2019-09-14T18:38:26Z" user="Alecs01" uid="1476146" lat="45.4978501" lon="9.1443645"/>
 <node id="6814460478" visible="true" version="1" changeset="74757133" timestamp="2019-09-21T19:12:43Z" user="Alecs01" uid="1476146" lat="45.4981569" lon="9.1459698"/>
 <node id="6814460484" visible="true" version="1" changeset="74757133" timestamp="2019-09-21T19:12:43Z" user="Alecs01" uid="1476146" lat="45.4978554" lon="9.1452298"/>
 <node id="6814471146" visible="true" version="1" changeset="74757133" timestamp="2019-09-21T19:08:14Z" user="Alecs01" uid="1476146" lat="45.4975122" lon="9.1449326"/>
 <node id="6814471147" visible="true" version="1" changeset="74757133" timestamp="2019-09-21T19:08:14Z" user="Alecs01" uid="1476146" lat="45.4975573" lon="9.1448830"/>
 <node id="6814471148" visible="true" version="1" changeset="74757133" timestamp="2019-09-21T19:08:14Z" user="Alecs01" uid="1476146" lat="45.4971080" lon="9.1454047"/>
 <node id="6814471149" visible="true" version="1" changeset="74757133" timestamp="2019-09-21T19:08:14Z" user="Alecs01" uid="1476146" lat="45.4976651" lon="9.1451727"/>
 <node id="6814471150" visible="true" version="1" changeset="74757133" timestamp="2019-09-21T19:08:14Z" user="Alecs01" uid="1476146" lat="45.4978846" lon="9.1449259"/>
 <node id="6814471151" visible="true" version="1" changeset="74757133" timestamp="2019-09-21T19:08:14Z" user="Alecs01" uid="1476146" lat="45.4982090" lon="9.1445612"/>
 <node id="6814471152" visible="true" version="1" changeset="74757133" timestamp="2019-09-21T19:08:14Z" user="Alecs01" uid="1476146" lat="45.4981671" lon="9.1444787"/>
 <node id="6814471155" visible="true" version="1" changeset="74757133" timestamp="2019-09-21T19:08:14Z" user="Alecs01" uid="1476146" lat="45.4963586" lon="9.1458236"/>
 <node id="6814471156" visible="true" version="1" changeset="74757133" timestamp="2019-09-21T19:08:14Z" user="Alecs01" uid="1476146" lat="45.4963268" lon="9.1457427"/>
 <node id="6814471157" visible="true" version="1" changeset="74757133" timestamp="2019-09-21T19:08:14Z" user="Alecs01" uid="1476146" lat="45.4963701" lon="9.1457078"/>
 <node id="6814471158" visible="true" version="1" changeset="74757133" timestamp="2019-09-21T19:08:14Z" user="Alecs01" uid="1476146" lat="45.4963569" lon="9.1456595"/>
 <node id="6814471159" visible="true" version="1" changeset="74757133" timestamp="2019-09-21T19:08:14Z" user="Alecs01" uid="1476146" lat="45.4963907" lon="9.1456407"/>
 <node id="6814471160" visible="true" version="1" changeset="74757133" timestamp="2019-09-21T19:08:14Z" user="Alecs01" uid="1476146" lat="45.4963647" lon="9.1455729"/>
 <node id="6814471161" visible="true" version="1" changeset="74757133" timestamp="2019-09-21T19:08:14Z" user="Alecs01" uid="1476146" lat="45.4965694" lon="9.1452223"/>
 <node id="6814471162" visible="true" version="1" changeset="74757133" timestamp="2019-09-21T19:08:14Z" user="Alecs01" uid="1476146" lat="45.4964528" lon="9.1455227"/>
 <node id="6814471163" visible="true" version="1" changeset="74757133" timestamp="2019-09-21T19:08:14Z" user="Alecs01" uid="1476146" lat="45.4964810" lon="9.1456112"/>
 <node id="6814471164" visible="true" version="1" changeset="74757133" timestamp="2019-09-21T19:08:14Z" user="Alecs01" uid="1476146" lat="45.4964490" lon="9.1456354"/>
 <node id="6814471165" visible="true" version="1" changeset="74757133" timestamp="2019-09-21T19:08:14Z" user="Alecs01" uid="1476146" lat="45.4964321" lon="9.1453323"/>
 <node id="6814471166" visible="true" version="1" changeset="74757133" timestamp="2019-09-21T19:08:14Z" user="Alecs01" uid="1476146" lat="45.4963531" lon="9.1453832"/>
 <node id="6814471167" visible="true" version="1" changeset="74757133" timestamp="2019-09-21T19:08:14Z" user="Alecs01" uid="1476146" lat="45.4963983" lon="9.1455549"/>
 <node id="6814471168" visible="true" version="1" changeset="74757133" timestamp="2019-09-21T19:08:14Z" user="Alecs01" uid="1476146" lat="45.4963080" lon="9.1456032"/>
 <node id="6814471169" visible="true" version="1" changeset="74757133" timestamp="2019-09-21T19:08:14Z" user="Alecs01" uid="1476146" lat="45.4962704" lon="9.1454449"/>
 <node id="6814471172" visible="true" version="1" changeset="74757133" timestamp="2019-09-21T19:08:14Z" user="Alecs01" uid="1476146" lat="45.4967097" lon="9.1453928"/>
 <node id="6814471173" visible="true" version="1" changeset="74757133" timestamp="2019-09-21T19:08:14Z" user="Alecs01" uid="1476146" lat="45.4967455" lon="9.1454662"/>
 <node id="6814471174" visible="true" version="1" changeset="74757133" timestamp="2019-09-21T19:08:14Z" user="Alecs01" uid="1476146" lat="45.4968604" lon="9.1453522"/>
 <node id="6814471175" visible="true" version="1" changeset="74757133" timestamp="2019-09-21T19:08:14Z" user="Alecs01" uid="1476146" lat="45.4968247" lon="9.1452788"/>
 <node id="6814471176" visible="true" version="1" changeset="74757133" timestamp="2019-09-21T19:08:14Z" user="Alecs01" uid="1476146" lat="45.4966634" lon="9.1453403"/>
 <node id="6814471177" visible="true" version="1" changeset="74757133" timestamp="2019-09-21T19:08:14Z" user="Alecs01" uid="1476146" lat="45.4968025" lon="9.1452035"/>
 <node id="6814471178" visible="true" version="1" changeset="74757133" timestamp="2019-09-21T19:08:14Z" user="Alecs01" uid="1476146" lat="45.4964001" lon="9.1452518"/>
 <node id="6814471179" visible="true" version="1" changeset="74757133" timestamp="2019-09-21T19:08:14Z" user="Alecs01" uid="1476146" lat="45.4963719" lon="9.1451928"/>
 <node id="6814471180" visible="true" version="1" changeset="74757133" timestamp="2019-09-21T19:08:14Z" user="Alecs01" uid="1476146" lat="45.4968787" lon="9.1458389"/>
 <node id="6814471181" visible="true" version="1" changeset="74757133" timestamp="2019-09-21T19:08:14Z" user="Alecs01" uid="1476146" lat="45.4967943" lon="9.1459458"/>
 <node id="6814471182" visible="true" version="1" changeset="74757133" timestamp="2019-09-21T19:08:14Z" user="Alecs01" uid="1476146" lat="45.4967649" lon="9.1458985"/>
 <node id="6814471183" visible="true" version="1" changeset="74757133" timestamp="2019-09-21T19:08:14Z" user="Alecs01" uid="1476146" lat="45.4968492" lon="9.1457916"/>
 <node id="6814471184" visible="true" version="1" changeset="74757133" timestamp="2019-09-21T19:08:14Z" user="Alecs01" uid="1476146" lat="45.4966276" lon="9.1457427"/>
 <node id="6814486785" visible="true" version="1" changeset="74757133" timestamp="2019-09-21T19:08:14Z" user="Alecs01" uid="1476146" lat="45.4965976" lon="9.1456944"/>
 <node id="6814486786" visible="true" version="1" changeset="74757133" timestamp="2019-09-21T19:08:14Z" user="Alecs01" uid="1476146" lat="45.4965054" lon="9.1457748"/>
 <node id="6814486787" visible="true" version="1" changeset="74757133" timestamp="2019-09-21T19:08:14Z" user="Alecs01" uid="1476146" lat="45.4965336" lon="9.1458258"/>
 <node id="6814486788" visible="true" version="1" changeset="74757133" timestamp="2019-09-21T19:08:14Z" user="Alecs01" uid="1476146" lat="45.4965844" lon="9.1457856"/>
 <node id="6814486789" visible="true" version="1" changeset="74757133" timestamp="2019-09-21T19:08:14Z" user="Alecs01" uid="1476146" lat="45.4966427" lon="9.1458982"/>
 <node id="6814486790" visible="true" version="1" changeset="74757133" timestamp="2019-09-21T19:08:14Z" user="Alecs01" uid="1476146" lat="45.4968156" lon="9.1457400"/>
 <node id="6814486791" visible="true" version="1" changeset="74757133" timestamp="2019-09-21T19:08:14Z" user="Alecs01" uid="1476146" lat="45.4967630" lon="9.1456246"/>
 <node id="6814486792" visible="true" version="1" changeset="74757133" timestamp="2019-09-21T19:08:14Z" user="Alecs01" uid="1476146" lat="45.4959872" lon="9.1458881"/>
 <node id="6814486793" visible="true" version="1" changeset="74757133" timestamp="2019-09-21T19:08:14Z" user="Alecs01" uid="1476146" lat="45.4961426" lon="9.1458124"/>
 <node id="6814486794" visible="true" version="1" changeset="74757133" timestamp="2019-09-21T19:08:14Z" user="Alecs01" uid="1476146" lat="45.4961538" lon="9.1458660"/>
 <node id="6814486795" visible="true" version="1" changeset="74757133" timestamp="2019-09-21T19:08:14Z" user="Alecs01" uid="1476146" lat="45.4960542" lon="9.1459975"/>
 <node id="6814486796" visible="true" version="1" changeset="74757133" timestamp="2019-09-21T19:08:14Z" user="Alecs01" uid="1476146" lat="45.4962043" lon="9.1456715"/>
 <node id="6814486797" visible="true" version="1" changeset="74757133" timestamp="2019-09-21T19:08:14Z" user="Alecs01" uid="1476146" lat="45.4976904" lon="9.1459280"/>
 <node id="6814486798" visible="true" version="1" changeset="74757133" timestamp="2019-09-21T19:08:14Z" user="Alecs01" uid="1476146" lat="45.4974151" lon="9.1454538"/>
 <node id="6814486811" visible="true" version="1" changeset="74757133" timestamp="2019-09-21T19:08:14Z" user="Alecs01" uid="1476146" lat="45.4965778" lon="9.1444077"/>
 <node id="6814486812" visible="true" version="1" changeset="74757133" timestamp="2019-09-21T19:08:14Z" user="Alecs01" uid="1476146" lat="45.4969506" lon="9.1459760"/>
 <node id="6814486813" visible="true" version="1" changeset="74757133" timestamp="2019-09-21T19:08:14Z" user="Alecs01" uid="1476146" lat="45.4968979" lon="9.1458698"/>
 <node id="6814486814" visible="true" version="1" changeset="74757133" timestamp="2019-09-21T19:08:14Z" user="Alecs01" uid="1476146" lat="45.4964753" lon="9.1458768"/>
 <node id="6814486815" visible="true" version="1" changeset="74757133" timestamp="2019-09-21T19:08:14Z" user="Alecs01" uid="1476146" lat="45.4962779" lon="9.1458929"/>
 <node id="6814486816" visible="true" version="1" changeset="74757133" timestamp="2019-09-21T19:08:14Z" user="Alecs01" uid="1476146" lat="45.4965299" lon="9.1458892"/>
 <node id="6814486817" visible="true" version="1" changeset="74757133" timestamp="2019-09-21T19:08:14Z" user="Alecs01" uid="1476146" lat="45.4964622" lon="9.1457346"/>
 <node id="6814489885" visible="true" version="2" changeset="132931417" timestamp="2023-02-23T15:18:27Z" user="aa30mom" uid="13840929" lat="45.4979208" lon="9.1453569"/>
 <node id="6828658256" visible="true" version="2" changeset="137465295" timestamp="2023-06-18T03:20:31Z" user="Graptemys" uid="1884235" lat="45.4949530" lon="9.1466583">
  <tag k="amenity" v="restaurant"/>
  <tag k="cuisine" v="nepalese;indian"/>
  <tag k="name" v="Himalaya"/>
 </node>
 <node id="7263909587" visible="true" version="2" changeset="117850944" timestamp="2022-02-25T14:14:46Z" user="Balaabirami" uid="8350372" lat="45.4976579" lon="9.1527620"/>
 <node id="7264066160" visible="true" version="5" changeset="126467266" timestamp="2022-09-21T17:07:29Z" user="woodpeck_repair" uid="145231" lat="45.4990967" lon="9.1494003">
  <tag k="crossing" v="zebra"/>
  <tag k="highway" v="crossing"/>
 </node>
 <node id="7264066161" visible="true" version="1" changeset="81782851" timestamp="2020-03-04T15:53:47Z" user="Cerrotorre1974" uid="576807" lat="45.4991621" lon="9.1494123">
  <tag k="highway" v="stop"/>
 </node>
 <node id="7294905792" visible="true" version="2" changeset="126926002" timestamp="2022-10-03T09:26:16Z" user="Balaabirami" uid="8350372" lat="45.4982129" lon="9.1448019"/>
 <node id="7294905794" visible="true" version="2" changeset="126736842" timestamp="2022-09-28T11:38:32Z" user="Balaabirami" uid="8350372" lat="45.4966535" lon="9.1465974">
  <tag k="barrier" v="kerb"/>
  <tag k="kerb" v="lowered"/>
  <tag k="tactile_paving" v="no"/>
 </node>
 <node id="7294905795" visible="true" version="3" changeset="131802778" timestamp="2023-01-28T10:46:45Z" user="f_gonella" uid="8716397" lat="45.4965765" lon="9.1466719"/>
 <node id="7294905796" visible="true" version="3" changeset="126736856" timestamp="2022-09-28T11:38:48Z" user="Balaabirami" uid="8350372" lat="45.4966566" lon="9.1465349">
  <tag k="barrier" v="kerb"/>
  <tag k="kerb" v="lowered"/>
  <tag k="tactile_paving" v="no"/>
 </node>
 <node id="7294905797" visible="true" version="3" changeset="126736856" timestamp="2022-09-28T11:38:48Z" user="Balaabirami" uid="8350372" lat="45.4965963" lon="9.1464145">
  <tag k="barrier" v="kerb"/>
  <tag k="kerb" v="lowered"/>
  <tag k="tactile_paving" v="no"/>
 </node>
 <node id="7294905798" visible="true" version="2" changeset="126736842" timestamp="2022-09-28T11:38:32Z" user="Balaabirami" uid="8350372" lat="45.4965709" lon="9.1466578"/>
 <node id="7294905799" visible="true" version="3" changeset="126736856" timestamp="2022-09-28T11:38:48Z" user="Balaabirami" uid="8350372" lat="45.4965005" lon="9.1465093"/>
 <node id="7294905800" visible="true" version="2" changeset="82854068" timestamp="2020-03-31T05:28:45Z" user="mcheck" uid="478872" lat="45.4966066" lon="9.1465860">
  <tag k="direction" v="backward"/>
  <tag k="highway" v="give_way"/>
 </node>
 <node id="7294905801" visible="true" version="2" changeset="126736842" timestamp="2022-09-28T11:38:32Z" user="Balaabirami" uid="8350372" lat="45.4960881" lon="9.1468798">
  <tag k="barrier" v="kerb"/>
  <tag k="kerb" v="lowered"/>
  <tag k="tactile_paving" v="no"/>
 </node>
 <node id="7294905802" visible="true" version="2" changeset="126736842" timestamp="2022-09-28T11:38:32Z" user="Balaabirami" uid="8350372" lat="45.4960217" lon="9.1469411">
  <tag k="barrier" v="kerb"/>
  <tag k="kerb" v="lowered"/>
  <tag k="tactile_paving" v="no"/>
 </node>
 <node id="7294905803" visible="true" version="2" changeset="126926264" timestamp="2022-10-03T09:31:59Z" user="Balaabirami" uid="8350372" lat="45.4952861" lon="9.1478002">
  <tag k="barrier" v="kerb"/>
  <tag k="kerb" v="lowered"/>
  <tag k="tactile_paving" v="no"/>
 </node>
 <node id="7294905804" visible="true" version="2" changeset="126926264" timestamp="2022-10-03T09:31:59Z" user="Balaabirami" uid="8350372" lat="45.4952491" lon="9.1477019">
  <tag k="barrier" v="kerb"/>
  <tag k="kerb" v="flush"/>
  <tag k="tactile_paving" v="no"/>
 </node>
 <node id="7294905805" visible="true" version="3" changeset="126926264" timestamp="2022-10-03T09:31:59Z" user="Balaabirami" uid="8350372" lat="45.4952004" lon="9.1476873">
  <tag k="barrier" v="kerb"/>
  <tag k="kerb" v="lowered"/>
  <tag k="tactile_paving" v="no"/>
 </node>
 <node id="7294905806" visible="true" version="3" changeset="126926264" timestamp="2022-10-03T09:31:59Z" user="Balaabirami" uid="8350372" lat="45.4951340" lon="9.1477409">
  <tag k="barrier" v="kerb"/>
  <tag k="kerb" v="lowered"/>
  <tag k="tactile_paving" v="no"/>
 </node>
 <node id="7294905807" visible="true" version="2" changeset="131803828" timestamp="2023-01-28T11:23:10Z" user="f_gonella" uid="8716397" lat="45.4951785" lon="9.1477493">
  <tag k="highway" v="give_way"/>
 </node>
 <node id="7294905808" visible="true" version="2" changeset="126926264" timestamp="2022-10-03T09:31:59Z" user="Balaabirami" uid="8350372" lat="45.4949101" lon="9.1481303">
  <tag k="barrier" v="kerb"/>
  <tag k="kerb" v="lowered"/>
  <tag k="tactile_paving" v="no"/>
 </node>
 <node id="7294905809" visible="true" version="2" changeset="126926264" timestamp="2022-10-03T09:31:59Z" user="Balaabirami" uid="8350372" lat="45.4948575" lon="9.1480093">
  <tag k="barrier" v="kerb"/>
  <tag k="kerb" v="flush"/>
  <tag k="tactile_paving" v="no"/>
 </node>
 <node id="7294905810" visible="true" version="5" changeset="151666800" timestamp="2024-05-22T09:59:03Z" user="nu99et" uid="20905165" lat="45.4948858" lon="9.1480746">
  <tag k="crossing" v="marked"/>
  <tag k="crossing:island" v="no"/>
  <tag k="highway" v="crossing"/>
  <tag k="tactile_paving" v="no"/>
 </node>
 <node id="7294905811" visible="true" version="2" changeset="126926264" timestamp="2022-10-03T09:31:59Z" user="Balaabirami" uid="8350372" lat="45.4949015" lon="9.1481723">
  <tag k="barrier" v="kerb"/>
  <tag k="kerb" v="lowered"/>
  <tag k="tactile_paving" v="no"/>
 </node>
 <node id="7294905812" visible="true" version="2" changeset="126926264" timestamp="2022-10-03T09:31:59Z" user="Balaabirami" uid="8350372" lat="45.4948411" lon="9.1482335">
  <tag k="barrier" v="kerb"/>
  <tag k="kerb" v="lowered"/>
  <tag k="tactile_paving" v="no"/>
 </node>
 <node id="7294905813" visible="true" version="3" changeset="131803828" timestamp="2023-01-28T11:23:10Z" user="f_gonella" uid="8716397" lat="45.4948581" lon="9.1481729">
  <tag k="direction" v="forward"/>
  <tag k="highway" v="give_way"/>
 </node>
 <node id="7294905827" visible="true" version="2" changeset="126734208" timestamp="2022-09-28T10:36:13Z" user="Balaabirami" uid="8350372" lat="45.4942645" lon="9.1510363"/>
 <node id="7294905828" visible="true" version="2" changeset="126734208" timestamp="2022-09-28T10:36:13Z" user="Balaabirami" uid="8350372" lat="45.4942352" lon="9.1509381"/>
 <node id="7824038788" visible="true" version="1" changeset="89590898" timestamp="2020-08-18T18:34:16Z" user="471u" uid="11657990" lat="45.4963525" lon="9.1465580">
  <tag k="name:en" v="T market"/>
  <tag k="shop" v="variety_store"/>
 </node>
 <node id="7824038789" visible="true" version="1" changeset="89590898" timestamp="2020-08-18T18:34:18Z" user="471u" uid="11657990" lat="45.4954118" lon="9.1474556">
  <tag k="name" v="Parrucchiere"/>
  <tag k="name:en" v="Xin Hua"/>
  <tag k="shop" v="hairdresser"/>
 </node>
 <node id="7824038886" visible="true" version="1" changeset="89590898" timestamp="2020-08-18T18:34:17Z" user="471u" uid="11657990" lat="45.4956869" lon="9.1471326">
  <tag k="amenity" v="pub"/>
  <tag k="name" v="Caffetteria 2000"/>
 </node>
 <node id="7824038986" visible="true" version="1" changeset="89590898" timestamp="2020-08-18T18:34:16Z" user="471u" uid="11657990" lat="45.4957748" lon="9.1470703">
  <tag k="shop" v="copyshop"/>
 </node>
 <node id="7824039086" visible="true" version="1" changeset="89590898" timestamp="2020-08-18T18:34:18Z" user="471u" uid="11657990" lat="45.4952798" lon="9.1475776">
  <tag k="shop" v="variety_store"/>
 </node>
 <node id="8192145803" visible="true" version="2" changeset="126926264" timestamp="2022-10-03T09:31:59Z" user="Balaabirami" uid="8350372" lat="45.4961023" lon="9.1470966"/>
 <node id="8192145805" visible="true" version="1" changeset="95251646" timestamp="2020-12-03T22:37:56Z" user="rugamarcus" uid="95387" lat="45.4961888" lon="9.1470125"/>
 <node id="8192172260" visible="true" version="1" changeset="95251646" timestamp="2020-12-03T22:31:11Z" user="rugamarcus" uid="95387" lat="45.4972464" lon="9.1486136">
  <tag k="natural" v="tree"/>
 </node>
 <node id="8192172261" visible="true" version="1" changeset="95251646" timestamp="2020-12-03T22:31:11Z" user="rugamarcus" uid="95387" lat="45.4971694" lon="9.1483937">
  <tag k="natural" v="tree"/>
 </node>
 <node id="8192172262" visible="true" version="1" changeset="95251646" timestamp="2020-12-03T22:31:11Z" user="rugamarcus" uid="95387" lat="45.4970058" lon="9.1483455">
  <tag k="amenity" v="waste_basket"/>
 </node>
 <node id="8192172263" visible="true" version="1" changeset="95251646" timestamp="2020-12-03T22:31:11Z" user="rugamarcus" uid="95387" lat="45.4973329" lon="9.1485413">
  <tag k="amenity" v="waste_basket"/>
 </node>
 <node id="8192172264" visible="true" version="1" changeset="95251646" timestamp="2020-12-03T22:31:11Z" user="rugamarcus" uid="95387" lat="45.4970866" lon="9.1483965">
  <tag k="amenity" v="bench"/>
 </node>
 <node id="8192172265" visible="true" version="1" changeset="95251646" timestamp="2020-12-03T22:31:11Z" user="rugamarcus" uid="95387" lat="45.4972708" lon="9.1485895">
  <tag k="natural" v="tree"/>
 </node>
 <node id="8192172266" visible="true" version="1" changeset="95251646" timestamp="2020-12-03T22:31:11Z" user="rugamarcus" uid="95387" lat="45.4972464" lon="9.1485546">
  <tag k="natural" v="tree"/>
 </node>
 <node id="8192172267" visible="true" version="1" changeset="95251646" timestamp="2020-12-03T22:31:11Z" user="rugamarcus" uid="95387" lat="45.4970321" lon="9.1483831">
  <tag k="amenity" v="bench"/>
 </node>
 <node id="8192172268" visible="true" version="1" changeset="95251646" timestamp="2020-12-03T22:31:11Z" user="rugamarcus" uid="95387" lat="45.4971543" lon="9.1483321">
  <tag k="amenity" v="bench"/>
 </node>
 <node id="8192172269" visible="true" version="1" changeset="95251646" timestamp="2020-12-03T22:31:11Z" user="rugamarcus" uid="95387" lat="45.4970960" lon="9.1485574">
  <tag k="amenity" v="waste_basket"/>
 </node>
 <node id="8192172270" visible="true" version="1" changeset="95251646" timestamp="2020-12-03T22:31:11Z" user="rugamarcus" uid="95387" lat="45.4971938" lon="9.1484206">
  <tag k="amenity" v="waste_basket"/>
 </node>
 <node id="8192172271" visible="true" version="1" changeset="95251646" timestamp="2020-12-03T22:31:11Z" user="rugamarcus" uid="95387" lat="45.4971186" lon="9.1481309">
  <tag k="amenity" v="bench"/>
 </node>
 <node id="8192172272" visible="true" version="1" changeset="95251646" timestamp="2020-12-03T22:31:11Z" user="rugamarcus" uid="95387" lat="45.4971298" lon="9.1482436">
  <tag k="amenity" v="bench"/>
 </node>
 <node id="8192204169" visible="true" version="1" changeset="95251646" timestamp="2020-12-03T22:36:51Z" user="rugamarcus" uid="95387" lat="45.4970105" lon="9.1478291">
  <tag k="natural" v="tree"/>
 </node>
 <node id="8192213225" visible="true" version="2" changeset="131802778" timestamp="2023-01-28T10:46:45Z" user="f_gonella" uid="8716397" lat="45.4971264" lon="9.1483699"/>
 <node id="8192213227" visible="true" version="1" changeset="95251646" timestamp="2020-12-03T22:36:11Z" user="rugamarcus" uid="95387" lat="45.4970011" lon="9.1479431">
  <tag k="natural" v="tree"/>
 </node>
 <node id="8192213228" visible="true" version="2" changeset="131802778" timestamp="2023-01-28T10:46:45Z" user="f_gonella" uid="8716397" lat="45.4970085" lon="9.1482440"/>
 <node id="8192213229" visible="true" version="1" changeset="95251646" timestamp="2020-12-03T22:36:11Z" user="rugamarcus" uid="95387" lat="45.4969635" lon="9.1481739">
  <tag k="amenity" v="waste_basket"/>
 </node>
 <node id="8192213230" visible="true" version="2" changeset="131802778" timestamp="2023-01-28T10:46:45Z" user="f_gonella" uid="8716397" lat="45.4970648" lon="9.1481713"/>
 <node id="8192213231" visible="true" version="1" changeset="95251646" timestamp="2020-12-03T22:36:11Z" user="rugamarcus" uid="95387" lat="45.4969804" lon="9.1481041">
  <tag k="amenity" v="bench"/>
 </node>
 <node id="8192213232" visible="true" version="1" changeset="95251646" timestamp="2020-12-03T22:36:11Z" user="rugamarcus" uid="95387" lat="45.4970246" lon="9.1479432"/>
 <node id="8192213233" visible="true" version="1" changeset="95251646" timestamp="2020-12-03T22:36:11Z" user="rugamarcus" uid="95387" lat="45.4967877" lon="9.1480397">
  <tag k="natural" v="tree"/>
 </node>
 <node id="8192213234" visible="true" version="1" changeset="95251646" timestamp="2020-12-03T22:36:11Z" user="rugamarcus" uid="95387" lat="45.4969456" lon="9.1481417">
  <tag k="amenity" v="bench"/>
 </node>
 <node id="8192213235" visible="true" version="1" changeset="95251646" timestamp="2020-12-03T22:36:11Z" user="rugamarcus" uid="95387" lat="45.4970490" lon="9.1484339">
  <tag k="natural" v="tree"/>
 </node>
 <node id="8192213236" visible="true" version="1" changeset="95251646" timestamp="2020-12-03T22:36:11Z" user="rugamarcus" uid="95387" lat="45.4968412" lon="9.1481658">
  <tag k="amenity" v="waste_basket"/>
 </node>
 <node id="8192213237" visible="true" version="1" changeset="95251646" timestamp="2020-12-03T22:36:11Z" user="rugamarcus" uid="95387" lat="45.4969569" lon="9.1480692">
  <tag k="natural" v="tree"/>
 </node>
 <node id="8192213238" visible="true" version="1" changeset="95251646" timestamp="2020-12-03T22:36:11Z" user="rugamarcus" uid="95387" lat="45.4970286" lon="9.1480165"/>
 <node id="8192213240" visible="true" version="1" changeset="95251646" timestamp="2020-12-03T22:36:11Z" user="rugamarcus" uid="95387" lat="45.4969183" lon="9.1481014">
  <tag k="natural" v="tree"/>
 </node>
 <node id="8192213241" visible="true" version="1" changeset="95251646" timestamp="2020-12-03T22:36:11Z" user="rugamarcus" uid="95387" lat="45.4968545" lon="9.1480383">
  <tag k="natural" v="tree"/>
 </node>
 <node id="8192213242" visible="true" version="1" changeset="95251646" timestamp="2020-12-03T22:36:11Z" user="rugamarcus" uid="95387" lat="45.4970152" lon="9.1480196">
  <tag k="natural" v="tree"/>
 </node>
 <node id="8192213243" visible="true" version="1" changeset="95251646" timestamp="2020-12-03T22:36:11Z" user="rugamarcus" uid="95387" lat="45.4970105" lon="9.1480706">
  <tag k="amenity" v="bench"/>
 </node>
 <node id="8192213245" visible="true" version="1" changeset="95251646" timestamp="2020-12-03T22:36:11Z" user="rugamarcus" uid="95387" lat="45.4971281" lon="9.1484500">
  <tag k="natural" v="tree"/>
 </node>
 <node id="8192213246" visible="true" version="1" changeset="95251646" timestamp="2020-12-03T22:36:11Z" user="rugamarcus" uid="95387" lat="45.4969908" lon="9.1483776">
  <tag k="natural" v="tree"/>
 </node>
 <node id="8804958818" visible="true" version="1" changeset="105854636" timestamp="2021-06-04T18:11:54Z" user="fedc" uid="602784" lat="45.4965527" lon="9.1500199"/>
 <node id="8804958819" visible="true" version="1" changeset="105854636" timestamp="2021-06-04T18:11:54Z" user="fedc" uid="602784" lat="45.4973127" lon="9.1511835"/>
 <node id="8889814900" visible="true" version="1" changeset="107348372" timestamp="2021-07-03T10:47:00Z" user="rugamarcus" uid="95387" lat="45.4958842" lon="9.1453470"/>
 <node id="8889814901" visible="true" version="1" changeset="107348372" timestamp="2021-07-03T10:47:00Z" user="rugamarcus" uid="95387" lat="45.4958583" lon="9.1452557"/>
 <node id="8889814902" visible="true" version="1" changeset="107348372" timestamp="2021-07-03T10:47:00Z" user="rugamarcus" uid="95387" lat="45.4957303" lon="9.1453180"/>
 <node id="8889814903" visible="true" version="1" changeset="107348372" timestamp="2021-07-03T10:47:00Z" user="rugamarcus" uid="95387" lat="45.4957530" lon="9.1454183"/>
 <node id="8889814904" visible="true" version="1" changeset="107348372" timestamp="2021-07-03T10:47:00Z" user="rugamarcus" uid="95387" lat="45.4958027" lon="9.1454711"/>
 <node id="8889814905" visible="true" version="1" changeset="107348372" timestamp="2021-07-03T10:47:00Z" user="rugamarcus" uid="95387" lat="45.4957729" lon="9.1454870"/>
 <node id="8889814906" visible="true" version="1" changeset="107348372" timestamp="2021-07-03T10:47:00Z" user="rugamarcus" uid="95387" lat="45.4958154" lon="9.1455216"/>
 <node id="8889814907" visible="true" version="1" changeset="107348372" timestamp="2021-07-03T10:47:00Z" user="rugamarcus" uid="95387" lat="45.4958891" lon="9.1453589"/>
 <node id="8889814908" visible="true" version="1" changeset="107348372" timestamp="2021-07-03T10:47:00Z" user="rugamarcus" uid="95387" lat="45.4958959" lon="9.1454814"/>
 <node id="8889814909" visible="true" version="1" changeset="107348372" timestamp="2021-07-03T10:47:00Z" user="rugamarcus" uid="95387" lat="45.4958627" lon="9.1453701"/>
 <node id="9195275783" visible="true" version="1" changeset="112867299" timestamp="2021-10-23T09:36:26Z" user="Alecs01" uid="1476146" lat="45.4971390" lon="9.1488406">
  <tag k="addr:city" v="Milano"/>
  <tag k="addr:housenumber" v="13"/>
  <tag k="addr:postcode" v="20155"/>
  <tag k="addr:street" v="Via Jacopino da Tradate"/>
  <tag k="amenity" v="ice_cream"/>
  <tag k="phone" v="+39 02 39214155"/>
 </node>
 <node id="9395166541" visible="true" version="1" changeset="115809676" timestamp="2022-01-05T19:13:05Z" user="dega180" uid="454306" lat="45.4959888" lon="9.1431929">
  <tag k="direction" v="backward"/>
  <tag k="highway" v="give_way"/>
 </node>
 <node id="9530141590" visible="true" version="1" changeset="117774496" timestamp="2022-02-23T14:55:49Z" user="Balaabirami" uid="8350372" lat="45.4934977" lon="9.1483638"/>
 <node id="9530141591" visible="true" version="1" changeset="117774496" timestamp="2022-02-23T14:55:49Z" user="Balaabirami" uid="8350372" lat="45.4934163" lon="9.1481278"/>
 <node id="9530141592" visible="true" version="1" changeset="117774496" timestamp="2022-02-23T14:55:49Z" user="Balaabirami" uid="8350372" lat="45.4934276" lon="9.1480829"/>
 <node id="9530141593" visible="true" version="1" changeset="117774496" timestamp="2022-02-23T14:55:49Z" user="Balaabirami" uid="8350372" lat="45.4935512" lon="9.1479944"/>
 <node id="9530163365" visible="true" version="1" changeset="117774808" timestamp="2022-02-23T15:03:31Z" user="Balaabirami" uid="8350372" lat="45.4939780" lon="9.1475257"/>
 <node id="9530163366" visible="true" version="2" changeset="131803828" timestamp="2023-01-28T11:23:10Z" user="f_gonella" uid="8716397" lat="45.4942613" lon="9.1474489"/>
 <node id="9530163367" visible="true" version="1" changeset="117774808" timestamp="2022-02-23T15:03:31Z" user="Balaabirami" uid="8350372" lat="45.4941092" lon="9.1473064"/>
 <node id="9530163368" visible="true" version="1" changeset="117774808" timestamp="2022-02-23T15:03:31Z" user="Balaabirami" uid="8350372" lat="45.4940833" lon="9.1473158"/>
 <node id="9530163369" visible="true" version="1" changeset="117774808" timestamp="2022-02-23T15:03:31Z" user="Balaabirami" uid="8350372" lat="45.4938507" lon="9.1477114"/>
 <node id="9534770531" visible="true" version="1" changeset="117851052" timestamp="2022-02-25T14:17:35Z" user="Balaabirami" uid="8350372" lat="45.4989481" lon="9.1493100"/>
 <node id="10058217492" visible="true" version="1" changeset="126734037" timestamp="2022-09-28T10:31:11Z" user="Balaabirami" uid="8350372" lat="45.4936995" lon="9.1490206"/>
 <node id="10058217493" visible="true" version="1" changeset="126734037" timestamp="2022-09-28T10:31:11Z" user="Balaabirami" uid="8350372" lat="45.4944199" lon="9.1507135"/>
 <node id="10058217495" visible="true" version="1" changeset="126734037" timestamp="2022-09-28T10:31:11Z" user="Balaabirami" uid="8350372" lat="45.4942220" lon="9.1509347"/>
 <node id="10058217496" visible="true" version="1" changeset="126734037" timestamp="2022-09-28T10:31:11Z" user="Balaabirami" uid="8350372" lat="45.4937433" lon="9.1492312"/>
 <node id="10058217497" visible="true" version="1" changeset="126734037" timestamp="2022-09-28T10:31:11Z" user="Balaabirami" uid="8350372" lat="45.4937480" lon="9.1491544"/>
 <node id="10058217498" visible="true" version="1" changeset="126734037" timestamp="2022-09-28T10:31:11Z" user="Balaabirami" uid="8350372" lat="45.4939968" lon="9.1489372"/>
 <node id="10058264229" visible="true" version="1" changeset="126734037" timestamp="2022-09-28T10:31:11Z" user="Balaabirami" uid="8350372" lat="45.4951245" lon="9.1477485"/>
 <node id="10058264230" visible="true" version="1" changeset="126734037" timestamp="2022-09-28T10:31:11Z" user="Balaabirami" uid="8350372" lat="45.4941778" lon="9.1445263"/>
 <node id="10058264231" visible="true" version="2" changeset="144925820" timestamp="2023-12-09T07:27:54Z" user="bbgg" uid="4126696" lat="45.4941435" lon="9.1445042"/>
 <node id="10058264236" visible="true" version="1" changeset="126734037" timestamp="2022-09-28T10:31:11Z" user="Balaabirami" uid="8350372" lat="45.4936859" lon="9.1490116"/>
 <node id="10058275225" visible="true" version="1" changeset="126734208" timestamp="2022-09-28T10:36:13Z" user="Balaabirami" uid="8350372" lat="45.4957788" lon="9.1507182"/>
 <node id="10058275226" visible="true" version="1" changeset="126734208" timestamp="2022-09-28T10:36:13Z" user="Balaabirami" uid="8350372" lat="45.4946479" lon="9.1522356"/>
 <node id="10058275227" visible="true" version="1" changeset="126734208" timestamp="2022-09-28T10:36:13Z" user="Balaabirami" uid="8350372" lat="45.4945868" lon="9.1522309"/>
 <node id="10058275228" visible="true" version="1" changeset="126734208" timestamp="2022-09-28T10:36:13Z" user="Balaabirami" uid="8350372" lat="45.4942568" lon="9.1510662"/>
 <node id="10058275229" visible="true" version="1" changeset="126734208" timestamp="2022-09-28T10:36:13Z" user="Balaabirami" uid="8350372" lat="45.4945066" lon="9.1507111"/>
 <node id="10058407985" visible="true" version="1" changeset="126737208" timestamp="2022-09-28T11:48:12Z" user="Balaabirami" uid="8350372" lat="45.4972361" lon="9.1488597">
  <tag k="barrier" v="kerb"/>
  <tag k="kerb" v="lowered"/>
  <tag k="tactile_paving" v="no"/>
 </node>
 <node id="10058407986" visible="true" version="1" changeset="126737208" timestamp="2022-09-28T11:48:12Z" user="Balaabirami" uid="8350372" lat="45.4973670" lon="9.1486220">
  <tag k="barrier" v="kerb"/>
  <tag k="kerb" v="lowered"/>
  <tag k="tactile_paving" v="no"/>
 </node>
 <node id="10058407987" visible="true" version="1" changeset="126737208" timestamp="2022-09-28T11:48:12Z" user="Balaabirami" uid="8350372" lat="45.4974549" lon="9.1485528"/>
 <node id="10058407988" visible="true" version="1" changeset="126737208" timestamp="2022-09-28T11:48:12Z" user="Balaabirami" uid="8350372" lat="45.4974314" lon="9.1491745"/>
 <node id="10058407989" visible="true" version="1" changeset="126737208" timestamp="2022-09-28T11:48:12Z" user="Balaabirami" uid="8350372" lat="45.4973148" lon="9.1489814"/>
 <node id="10058407990" visible="true" version="1" changeset="126737208" timestamp="2022-09-28T11:48:12Z" user="Balaabirami" uid="8350372" lat="45.4961891" lon="9.1505230"/>
 <node id="10058407991" visible="true" version="1" changeset="126737208" timestamp="2022-09-28T11:48:12Z" user="Balaabirami" uid="8350372" lat="45.4967508" lon="9.1513793"/>
 <node id="10058407994" visible="true" version="1" changeset="126737208" timestamp="2022-09-28T11:48:12Z" user="Balaabirami" uid="8350372" lat="45.4973416" lon="9.1486810"/>
 <node id="10058410796" visible="true" version="2" changeset="126736856" timestamp="2022-09-28T11:38:48Z" user="Balaabirami" uid="8350372" lat="45.4966214" lon="9.1464646">
  <tag k="barrier" v="kerb"/>
  <tag k="kerb" v="flush"/>
  <tag k="tactile_paving" v="no"/>
 </node>
 <node id="10058410797" visible="true" version="2" changeset="126736856" timestamp="2022-09-28T11:38:48Z" user="Balaabirami" uid="8350372" lat="45.4966119" lon="9.1464457">
  <tag k="barrier" v="kerb"/>
  <tag k="kerb" v="flush"/>
  <tag k="tactile_paving" v="no"/>
 </node>
 <node id="10058410798" visible="true" version="2" changeset="126736856" timestamp="2022-09-28T11:38:48Z" user="Balaabirami" uid="8350372" lat="45.4965917" lon="9.1464054"/>
 <node id="10058410799" visible="true" version="1" changeset="126736842" timestamp="2022-09-28T11:38:32Z" user="Balaabirami" uid="8350372" lat="45.4974267" lon="9.1456944"/>
 <node id="10058410800" visible="true" version="3" changeset="126926002" timestamp="2022-10-03T09:26:16Z" user="Balaabirami" uid="8350372" lat="45.4974314" lon="9.1454590"/>
 <node id="10058410801" visible="true" version="1" changeset="126736842" timestamp="2022-09-28T11:38:32Z" user="Balaabirami" uid="8350372" lat="45.4968918" lon="9.1471441"/>
 <node id="10058410802" visible="true" version="1" changeset="126736842" timestamp="2022-09-28T11:38:32Z" user="Balaabirami" uid="8350372" lat="45.4966664" lon="9.1465849"/>
 <node id="10058410803" visible="true" version="1" changeset="126736842" timestamp="2022-09-28T11:38:32Z" user="Balaabirami" uid="8350372" lat="45.4966702" lon="9.1465621"/>
 <node id="10058410804" visible="true" version="1" changeset="126736842" timestamp="2022-09-28T11:38:32Z" user="Balaabirami" uid="8350372" lat="45.4969379" lon="9.1462697"/>
 <node id="10058410805" visible="true" version="1" changeset="126736842" timestamp="2022-09-28T11:38:32Z" user="Balaabirami" uid="8350372" lat="45.4965865" lon="9.1466624">
  <tag k="barrier" v="kerb"/>
  <tag k="kerb" v="lowered"/>
  <tag k="tactile_paving" v="no"/>
 </node>
 <node id="10058410806" visible="true" version="2" changeset="126736856" timestamp="2022-09-28T11:38:48Z" user="Balaabirami" uid="8350372" lat="45.4965065" lon="9.1465219">
  <tag k="barrier" v="kerb"/>
  <tag k="kerb" v="lowered"/>
  <tag k="tactile_paving" v="no"/>
 </node>
 <node id="10058410807" visible="true" version="2" changeset="126736856" timestamp="2022-09-28T11:38:48Z" user="Balaabirami" uid="8350372" lat="45.4965168" lon="9.1465437">
  <tag k="barrier" v="kerb"/>
  <tag k="kerb" v="flush"/>
  <tag k="tactile_paving" v="no"/>
 </node>
 <node id="10058410808" visible="true" version="2" changeset="126736856" timestamp="2022-09-28T11:38:48Z" user="Balaabirami" uid="8350372" lat="45.4965258" lon="9.1465628">
  <tag k="barrier" v="kerb"/>
  <tag k="kerb" v="flush"/>
  <tag k="tactile_paving" v="no"/>
 </node>
 <node id="10058410809" visible="true" version="2" changeset="126736856" timestamp="2022-09-28T11:38:48Z" user="Balaabirami" uid="8350372" lat="45.4965638" lon="9.1466429">
  <tag k="barrier" v="kerb"/>
  <tag k="kerb" v="lowered"/>
  <tag k="tactile_paving" v="no"/>
 </node>
 <node id="10058410810" visible="true" version="2" changeset="126736856" timestamp="2022-09-28T11:38:48Z" user="Balaabirami" uid="8350372" lat="45.4964979" lon="9.1465040"/>
 <node id="10058410811" visible="true" version="2" changeset="126926264" timestamp="2022-10-03T09:31:59Z" user="Balaabirami" uid="8350372" lat="45.4961839" lon="9.1470001">
  <tag k="barrier" v="kerb"/>
  <tag k="kerb" v="lowered"/>
  <tag k="tactile_paving" v="no"/>
 </node>
 <node id="10058410812" visible="true" version="2" changeset="126926264" timestamp="2022-10-03T09:31:59Z" user="Balaabirami" uid="8350372" lat="45.4961527" lon="9.1469216">
  <tag k="barrier" v="kerb"/>
  <tag k="kerb" v="lowered"/>
  <tag k="tactile_paving" v="no"/>
 </node>
 <node id="10058410813" visible="true" version="2" changeset="126926264" timestamp="2022-10-03T09:31:59Z" user="Balaabirami" uid="8350372" lat="45.4961464" lon="9.1469058">
  <tag k="barrier" v="kerb"/>
  <tag k="kerb" v="flush"/>
  <tag k="tactile_paving" v="no"/>
 </node>
 <node id="10058410814" visible="true" version="2" changeset="126926264" timestamp="2022-10-03T09:31:59Z" user="Balaabirami" uid="8350372" lat="45.4961363" lon="9.1468804">
  <tag k="barrier" v="kerb"/>
  <tag k="kerb" v="flush"/>
  <tag k="tactile_paving" v="no"/>
 </node>
 <node id="10058410815" visible="true" version="6" changeset="151666800" timestamp="2024-05-22T09:58:58Z" user="nu99et" uid="20905165" lat="45.4961613" lon="9.1469432">
  <tag k="crossing:island" v="no"/>
  <tag k="crossing:markings" v="yes"/>
  <tag k="crossing:signals" v="no"/>
  <tag k="highway" v="crossing"/>
  <tag k="tactile_paving" v="no"/>
 </node>
 <node id="10058410816" visible="true" version="1" changeset="126736842" timestamp="2022-09-28T11:38:32Z" user="Balaabirami" uid="8350372" lat="45.4960117" lon="9.1469504"/>
 <node id="10058417517" visible="true" version="2" changeset="126736856" timestamp="2022-09-28T11:38:48Z" user="Balaabirami" uid="8350372" lat="45.4961046" lon="9.1468666"/>
 <node id="10058417518" visible="true" version="1" changeset="126736842" timestamp="2022-09-28T11:38:32Z" user="Balaabirami" uid="8350372" lat="45.4952181" lon="9.1476730"/>
 <node id="10058417519" visible="true" version="1" changeset="126736842" timestamp="2022-09-28T11:38:32Z" user="Balaabirami" uid="8350372" lat="45.4960067" lon="9.1469872"/>
 <node id="10058417520" visible="true" version="1" changeset="126736842" timestamp="2022-09-28T11:38:32Z" user="Balaabirami" uid="8350372" lat="45.4960159" lon="9.1469674"/>
 <node id="10058417521" visible="true" version="2" changeset="126736856" timestamp="2022-09-28T11:38:48Z" user="Balaabirami" uid="8350372" lat="45.4965638" lon="9.1464360"/>
 <node id="10058417522" visible="true" version="2" changeset="126736856" timestamp="2022-09-28T11:38:48Z" user="Balaabirami" uid="8350372" lat="45.4961327" lon="9.1468712"/>
 <node id="10058417523" visible="true" version="3" changeset="126925735" timestamp="2022-10-03T09:21:13Z" user="Balaabirami" uid="8350372" lat="45.4953224" lon="9.1437172"/>
 <node id="10058417524" visible="true" version="3" changeset="126925735" timestamp="2022-10-03T09:21:13Z" user="Balaabirami" uid="8350372" lat="45.4953450" lon="9.1436435"/>
 <node id="10058417526" visible="true" version="1" changeset="126736842" timestamp="2022-09-28T11:38:32Z" user="Balaabirami" uid="8350372" lat="45.4958164" lon="9.1461624"/>
 <node id="10058417527" visible="true" version="1" changeset="126736842" timestamp="2022-09-28T11:38:32Z" user="Balaabirami" uid="8350372" lat="45.4952359" lon="9.1437799"/>
 <node id="10058417528" visible="true" version="3" changeset="131803828" timestamp="2023-01-28T11:23:10Z" user="f_gonella" uid="8716397" lat="45.4951970" lon="9.1437573"/>
 <node id="10058417529" visible="true" version="1" changeset="126736842" timestamp="2022-09-28T11:38:32Z" user="Balaabirami" uid="8350372" lat="45.4947231" lon="9.1460484"/>
 <node id="10058417530" visible="true" version="1" changeset="126736842" timestamp="2022-09-28T11:38:32Z" user="Balaabirami" uid="8350372" lat="45.4942657" lon="9.1444646"/>
 <node id="10058417531" visible="true" version="1" changeset="126736842" timestamp="2022-09-28T11:38:32Z" user="Balaabirami" uid="8350372" lat="45.4942845" lon="9.1443969"/>
 <node id="10058417532" visible="true" version="1" changeset="126736842" timestamp="2022-09-28T11:38:32Z" user="Balaabirami" uid="8350372" lat="45.4946037" lon="9.1441762"/>
 <node id="10058430383" visible="true" version="1" changeset="126737310" timestamp="2022-09-28T11:50:58Z" user="Balaabirami" uid="8350372" lat="45.4971792" lon="9.1513917"/>
 <node id="10058430384" visible="true" version="1" changeset="126737310" timestamp="2022-09-28T11:50:58Z" user="Balaabirami" uid="8350372" lat="45.4980816" lon="9.1502002"/>
 <node id="10058430385" visible="true" version="1" changeset="126737310" timestamp="2022-09-28T11:50:58Z" user="Balaabirami" uid="8350372" lat="45.4980812" lon="9.1501800"/>
 <node id="10058430386" visible="true" version="2" changeset="138338681" timestamp="2023-07-10T13:35:29Z" user="Balaabirami" uid="8350372" lat="45.4978138" lon="9.1494094">
  <tag k="barrier" v="kerb"/>
  <tag k="kerb" v="raised"/>
  <tag k="tactile_paving" v="no"/>
 </node>
 <node id="10058430387" visible="true" version="2" changeset="138338681" timestamp="2023-07-10T13:35:29Z" user="Balaabirami" uid="8350372" lat="45.4978755" lon="9.1496382">
  <tag k="barrier" v="kerb"/>
  <tag k="kerb" v="raised"/>
  <tag k="tactile_paving" v="no"/>
 </node>
 <node id="10058430388" visible="true" version="2" changeset="138338681" timestamp="2023-07-10T13:35:29Z" user="Balaabirami" uid="8350372" lat="45.4978835" lon="9.1495879">
  <tag k="barrier" v="kerb"/>
  <tag k="kerb" v="raised"/>
  <tag k="tactile_paving" v="no"/>
 </node>
 <node id="10058430389" visible="true" version="1" changeset="126737310" timestamp="2022-09-28T11:50:58Z" user="Balaabirami" uid="8350372" lat="45.4977972" lon="9.1497396"/>
 <node id="10058430390" visible="true" version="1" changeset="126737310" timestamp="2022-09-28T11:50:58Z" user="Balaabirami" uid="8350372" lat="45.4980048" lon="9.1500697"/>
 <node id="10058430393" visible="true" version="1" changeset="126737310" timestamp="2022-09-28T11:50:58Z" user="Balaabirami" uid="8350372" lat="45.4977665" lon="9.1496909"/>
 <node id="10072411406" visible="true" version="1" changeset="126925632" timestamp="2022-10-03T09:19:10Z" user="Balaabirami" uid="8350372" lat="45.4970756" lon="9.1429230"/>
 <node id="10072411407" visible="true" version="1" changeset="126925632" timestamp="2022-10-03T09:19:10Z" user="Balaabirami" uid="8350372" lat="45.4969402" lon="9.1425361"/>
 <node id="10072411408" visible="true" version="2" changeset="126941218" timestamp="2022-10-03T14:25:00Z" user="Balaabirami" uid="8350372" lat="45.4972245" lon="9.1423399"/>
 <node id="10072411409" visible="true" version="1" changeset="126925632" timestamp="2022-10-03T09:19:10Z" user="Balaabirami" uid="8350372" lat="45.4972673" lon="9.1423430"/>
 <node id="10072411410" visible="true" version="1" changeset="126925632" timestamp="2022-10-03T09:19:10Z" user="Balaabirami" uid="8350372" lat="45.4976598" lon="9.1430470"/>
 <node id="10072469957" visible="true" version="1" changeset="126926264" timestamp="2022-10-03T09:31:59Z" user="Balaabirami" uid="8350372" lat="45.4952539" lon="9.1477147">
  <tag k="barrier" v="kerb"/>
  <tag k="kerb" v="lowered"/>
  <tag k="tactile_paving" v="no"/>
 </node>
 <node id="10072469958" visible="true" version="1" changeset="126926264" timestamp="2022-10-03T09:31:59Z" user="Balaabirami" uid="8350372" lat="45.4952389" lon="9.1476749">
  <tag k="barrier" v="kerb"/>
  <tag k="kerb" v="flush"/>
  <tag k="tactile_paving" v="no"/>
 </node>
 <node id="10072469959" visible="true" version="1" changeset="126926264" timestamp="2022-10-03T09:31:59Z" user="Balaabirami" uid="8350372" lat="45.4952992" lon="9.1478347"/>
 <node id="10072469960" visible="true" version="1" changeset="126926264" timestamp="2022-10-03T09:31:59Z" user="Balaabirami" uid="8350372" lat="45.4952332" lon="9.1476599"/>
 <node id="10072469961" visible="true" version="1" changeset="126926264" timestamp="2022-10-03T09:31:59Z" user="Balaabirami" uid="8350372" lat="45.4952252" lon="9.1476997"/>
 <node id="10072469962" visible="true" version="1" changeset="126926264" timestamp="2022-10-03T09:31:59Z" user="Balaabirami" uid="8350372" lat="45.4951329" lon="9.1477795"/>
 <node id="10072469963" visible="true" version="1" changeset="126926264" timestamp="2022-10-03T09:31:59Z" user="Balaabirami" uid="8350372" lat="45.4948695" lon="9.1480369">
  <tag k="barrier" v="kerb"/>
  <tag k="kerb" v="flush"/>
  <tag k="tactile_paving" v="no"/>
 </node>
 <node id="10072469964" visible="true" version="1" changeset="126926264" timestamp="2022-10-03T09:31:59Z" user="Balaabirami" uid="8350372" lat="45.4948769" lon="9.1480540">
  <tag k="barrier" v="kerb"/>
  <tag k="kerb" v="lowered"/>
  <tag k="tactile_paving" v="no"/>
 </node>
 <node id="10072469967" visible="true" version="1" changeset="126926264" timestamp="2022-10-03T09:31:59Z" user="Balaabirami" uid="8350372" lat="45.4943607" lon="9.1484303"/>
 <node id="10072469968" visible="true" version="1" changeset="126926264" timestamp="2022-10-03T09:31:59Z" user="Balaabirami" uid="8350372" lat="45.4944202" lon="9.1485770"/>
 <node id="10072469969" visible="true" version="1" changeset="126926264" timestamp="2022-10-03T09:31:59Z" user="Balaabirami" uid="8350372" lat="45.4948504" lon="9.1479932"/>
 <node id="10072469970" visible="true" version="1" changeset="126926264" timestamp="2022-10-03T09:31:59Z" user="Balaabirami" uid="8350372" lat="45.4948349" lon="9.1482398"/>
 <node id="10072469971" visible="true" version="1" changeset="126926264" timestamp="2022-10-03T09:31:59Z" user="Balaabirami" uid="8350372" lat="45.4948213" lon="9.1482358"/>
 <node id="10072469972" visible="true" version="1" changeset="126926264" timestamp="2022-10-03T09:31:59Z" user="Balaabirami" uid="8350372" lat="45.4950171" lon="9.1485140"/>
 <node id="10072469973" visible="true" version="1" changeset="126926264" timestamp="2022-10-03T09:31:59Z" user="Balaabirami" uid="8350372" lat="45.4950620" lon="9.1484014"/>
 <node id="10072469974" visible="true" version="1" changeset="126926264" timestamp="2022-10-03T09:31:59Z" user="Balaabirami" uid="8350372" lat="45.4949099" lon="9.1481637"/>
 <node id="10072469975" visible="true" version="1" changeset="126926264" timestamp="2022-10-03T09:31:59Z" user="Balaabirami" uid="8350372" lat="45.4949158" lon="9.1481432"/>
 <node id="10072469976" visible="true" version="1" changeset="126926264" timestamp="2022-10-03T09:31:59Z" user="Balaabirami" uid="8350372" lat="45.4953957" lon="9.1477570"/>
 <node id="10072469977" visible="true" version="2" changeset="143021018" timestamp="2023-10-23T14:19:27Z" user="Balaabirami" uid="8350372" lat="45.4958582" lon="9.1473104"/>
 <node id="10072481477" visible="true" version="1" changeset="126926002" timestamp="2022-10-03T09:26:16Z" user="Balaabirami" uid="8350372" lat="45.4983859" lon="9.1443834"/>
 <node id="10072481478" visible="true" version="1" changeset="126926002" timestamp="2022-10-03T09:26:16Z" user="Balaabirami" uid="8350372" lat="45.4983949" lon="9.1443513"/>
 <node id="10072481479" visible="true" version="1" changeset="126926002" timestamp="2022-10-03T09:26:16Z" user="Balaabirami" uid="8350372" lat="45.4979165" lon="9.1435077"/>
 <node id="10072878283" visible="true" version="1" changeset="126935729" timestamp="2022-10-03T12:31:21Z" user="Balaabirami" uid="8350372" lat="45.4959434" lon="9.1505036"/>
 <node id="10072878285" visible="true" version="2" changeset="131803828" timestamp="2023-01-28T11:23:10Z" user="f_gonella" uid="8716397" lat="45.4961999" lon="9.1505030"/>
 <node id="10072878286" visible="true" version="1" changeset="126935729" timestamp="2022-10-03T12:31:21Z" user="Balaabirami" uid="8350372" lat="45.4960815" lon="9.1503236"/>
 <node id="10072878287" visible="true" version="4" changeset="151666800" timestamp="2024-05-22T09:59:08Z" user="nu99et" uid="20905165" lat="45.4955214" lon="9.1492875">
  <tag k="crossing:markings" v="no"/>
  <tag k="crossing:signals" v="no"/>
  <tag k="highway" v="crossing"/>
  <tag k="tactile_paving" v="no"/>
 </node>
 <node id="10072878288" visible="true" version="5" changeset="151666800" timestamp="2024-05-22T09:59:07Z" user="nu99et" uid="20905165" lat="45.4955860" lon="9.1492013">
  <tag k="crossing:island" v="no"/>
  <tag k="crossing:markings" v="no"/>
  <tag k="crossing:signals" v="no"/>
  <tag k="highway" v="crossing"/>
  <tag k="tactile_paving" v="no"/>
 </node>
 <node id="10072878289" visible="true" version="1" changeset="126935729" timestamp="2022-10-03T12:31:21Z" user="Balaabirami" uid="8350372" lat="45.4955533" lon="9.1493389">
  <tag k="barrier" v="kerb"/>
  <tag k="kerb" v="raised"/>
  <tag k="tactile_paving" v="no"/>
 </node>
 <node id="10072878290" visible="true" version="1" changeset="126935729" timestamp="2022-10-03T12:31:21Z" user="Balaabirami" uid="8350372" lat="45.4955112" lon="9.1492708">
  <tag k="barrier" v="kerb"/>
  <tag k="kerb" v="raised"/>
  <tag k="tactile_paving" v="no"/>
 </node>
 <node id="10072878291" visible="true" version="1" changeset="126935729" timestamp="2022-10-03T12:31:21Z" user="Balaabirami" uid="8350372" lat="45.4956172" lon="9.1492468">
  <tag k="barrier" v="kerb"/>
  <tag k="kerb" v="raised"/>
  <tag k="tactile_paving" v="no"/>
 </node>
 <node id="10072878292" visible="true" version="1" changeset="126935729" timestamp="2022-10-03T12:31:21Z" user="Balaabirami" uid="8350372" lat="45.4955749" lon="9.1491851">
  <tag k="barrier" v="kerb"/>
  <tag k="kerb" v="raised"/>
  <tag k="tactile_paving" v="no"/>
 </node>
 <node id="10072878293" visible="true" version="1" changeset="126935729" timestamp="2022-10-03T12:31:21Z" user="Balaabirami" uid="8350372" lat="45.4961413" lon="9.1502457"/>
 <node id="10072878294" visible="true" version="1" changeset="126935729" timestamp="2022-10-03T12:31:21Z" user="Balaabirami" uid="8350372" lat="45.4955640" lon="9.1493563"/>
 <node id="10072878295" visible="true" version="1" changeset="126935729" timestamp="2022-10-03T12:31:21Z" user="Balaabirami" uid="8350372" lat="45.4955010" lon="9.1492543"/>
 <node id="10072878296" visible="true" version="2" changeset="147215228" timestamp="2024-02-08T12:15:07Z" user="marco_camagni" uid="1965370" lat="45.4962243" lon="9.1501798"/>
 <node id="10072878297" visible="true" version="1" changeset="126935729" timestamp="2022-10-03T12:31:21Z" user="Balaabirami" uid="8350372" lat="45.4956316" lon="9.1492677"/>
 <node id="10072878298" visible="true" version="1" changeset="126935729" timestamp="2022-10-03T12:31:21Z" user="Balaabirami" uid="8350372" lat="45.4955677" lon="9.1491745"/>
 <node id="10072890180" visible="true" version="1" changeset="126937263" timestamp="2022-10-03T12:54:54Z" user="Balaabirami" uid="8350372" lat="45.4969261" lon="9.1516543"/>
 <node id="10072890192" visible="true" version="1" changeset="126937263" timestamp="2022-10-03T12:54:54Z" user="Balaabirami" uid="8350372" lat="45.4969524" lon="9.1516931"/>
 <node id="10073065596" visible="true" version="1" changeset="126941481" timestamp="2022-10-03T14:29:24Z" user="Balaabirami" uid="8350372" lat="45.4969405" lon="9.1425597"/>
 <node id="10073066010" visible="true" version="1" changeset="126942277" timestamp="2022-10-03T14:48:45Z" user="Balaabirami" uid="8350372" lat="45.4979635" lon="9.1435906"/>
 <node id="10073066012" visible="true" version="1" changeset="126942277" timestamp="2022-10-03T14:48:45Z" user="Balaabirami" uid="8350372" lat="45.4978969" lon="9.1434725"/>
 <node id="10073066013" visible="true" version="1" changeset="126942277" timestamp="2022-10-03T14:48:45Z" user="Balaabirami" uid="8350372" lat="45.4974474" lon="9.1439791"/>
 <node id="10086938200" visible="true" version="1" changeset="127247893" timestamp="2022-10-09T13:15:03Z" user="Emanuele Lorenzo Corti" uid="10893865" lat="45.4981223" lon="9.1416208"/>
 <node id="10086954881" visible="true" version="1" changeset="127247069" timestamp="2022-10-09T13:00:21Z" user="Emanuele Lorenzo Corti" uid="10893865" lat="45.5089561" lon="9.1324235"/>
 <node id="10223211055" visible="true" version="2" changeset="131803828" timestamp="2023-01-28T11:23:10Z" user="f_gonella" uid="8716397" lat="45.4955680" lon="9.1474756">
  <tag k="bus" v="yes"/>
  <tag k="name" v="Via Varesina - Via Dal Re"/>
  <tag k="public_transport" v="stop_position"/>
  <tag k="ref" v="10719"/>
 </node>
 <node id="10223211056" visible="true" version="1" changeset="129467362" timestamp="2022-11-28T09:27:54Z" user="aa30mom" uid="13840929" lat="45.4980065" lon="9.1449106">
  <tag k="bus" v="yes"/>
  <tag k="name" v="Via Varesina - Via Mola"/>
  <tag k="public_transport" v="stop_position"/>
  <tag k="ref" v="10715"/>
 </node>
 <node id="10576441089" visible="true" version="1" changeset="131604658" timestamp="2023-01-23T12:00:51Z" user="JanzoJanzo" uid="18303544" lat="45.4912308" lon="9.1619119"/>
 <node id="10576441090" visible="true" version="1" changeset="131604658" timestamp="2023-01-23T12:00:51Z" user="JanzoJanzo" uid="18303544" lat="45.4884746" lon="9.1574792"/>
 <node id="10576441091" visible="true" version="1" changeset="131604658" timestamp="2023-01-23T12:00:51Z" user="JanzoJanzo" uid="18303544" lat="45.4882824" lon="9.1576153"/>
 <node id="10576441092" visible="true" version="1" changeset="131604658" timestamp="2023-01-23T12:00:51Z" user="JanzoJanzo" uid="18303544" lat="45.4880792" lon="9.1577010"/>
 <node id="10576441093" visible="true" version="1" changeset="131604658" timestamp="2023-01-23T12:00:51Z" user="JanzoJanzo" uid="18303544" lat="45.4878106" lon="9.1577319"/>
 <node id="10576441094" visible="true" version="1" changeset="131604658" timestamp="2023-01-23T12:00:51Z" user="JanzoJanzo" uid="18303544" lat="45.4875575" lon="9.1576513"/>
 <node id="10576441095" visible="true" version="1" changeset="131604658" timestamp="2023-01-23T12:00:51Z" user="JanzoJanzo" uid="18303544" lat="45.4874142" lon="9.1575537"/>
 <node id="10576441096" visible="true" version="1" changeset="131604658" timestamp="2023-01-23T12:00:51Z" user="JanzoJanzo" uid="18303544" lat="45.4873163" lon="9.1574494"/>
 <node id="10576441097" visible="true" version="2" changeset="168790846" timestamp="2025-07-11T11:23:11Z" user="f_gonella" uid="8716397" lat="45.4871189" lon="9.1571663"/>
 <node id="10576441098" visible="true" version="2" changeset="168790846" timestamp="2025-07-11T11:23:11Z" user="f_gonella" uid="8716397" lat="45.4869565" lon="9.1565861"/>
 <node id="10576441099" visible="true" version="1" changeset="131604658" timestamp="2023-01-23T12:00:51Z" user="JanzoJanzo" uid="18303544" lat="45.4869417" lon="9.1563755"/>
 <node id="10576441100" visible="true" version="1" changeset="131604658" timestamp="2023-01-23T12:00:51Z" user="JanzoJanzo" uid="18303544" lat="45.4869854" lon="9.1559467"/>
 <node id="10576441101" visible="true" version="1" changeset="131604658" timestamp="2023-01-23T12:00:51Z" user="JanzoJanzo" uid="18303544" lat="45.4871050" lon="9.1555807"/>
 <node id="10576441102" visible="true" version="1" changeset="131604658" timestamp="2023-01-23T12:00:51Z" user="JanzoJanzo" uid="18303544" lat="45.4872635" lon="9.1553345"/>
 <node id="10576441103" visible="true" version="1" changeset="131604658" timestamp="2023-01-23T12:00:51Z" user="JanzoJanzo" uid="18303544" lat="45.4874901" lon="9.1551080"/>
 <node id="10576441104" visible="true" version="1" changeset="131604658" timestamp="2023-01-23T12:00:51Z" user="JanzoJanzo" uid="18303544" lat="45.4876522" lon="9.1550333"/>
 <node id="10576441105" visible="true" version="1" changeset="131604658" timestamp="2023-01-23T12:00:51Z" user="JanzoJanzo" uid="18303544" lat="45.4879165" lon="9.1549863"/>
 <node id="10576441106" visible="true" version="1" changeset="131604658" timestamp="2023-01-23T12:00:51Z" user="JanzoJanzo" uid="18303544" lat="45.4881177" lon="9.1550213"/>
 <node id="10576441107" visible="true" version="1" changeset="131604658" timestamp="2023-01-23T12:00:51Z" user="JanzoJanzo" uid="18303544" lat="45.4882185" lon="9.1550633"/>
 <node id="10576441108" visible="true" version="1" changeset="131604658" timestamp="2023-01-23T12:00:51Z" user="JanzoJanzo" uid="18303544" lat="45.4889333" lon="9.1534706"/>
 <node id="10576441109" visible="true" version="1" changeset="131604658" timestamp="2023-01-23T12:00:51Z" user="JanzoJanzo" uid="18303544" lat="45.4878113" lon="9.1517587"/>
 <node id="10576441110" visible="true" version="1" changeset="131604658" timestamp="2023-01-23T12:00:51Z" user="JanzoJanzo" uid="18303544" lat="45.4869042" lon="9.1503748"/>
 <node id="10576441111" visible="true" version="1" changeset="131604658" timestamp="2023-01-23T12:00:51Z" user="JanzoJanzo" uid="18303544" lat="45.4910833" lon="9.1469133"/>
 <node id="10576441112" visible="true" version="1" changeset="131604658" timestamp="2023-01-23T12:00:51Z" user="JanzoJanzo" uid="18303544" lat="45.4909891" lon="9.1466205"/>
 <node id="10576441113" visible="true" version="1" changeset="131604658" timestamp="2023-01-23T12:00:51Z" user="JanzoJanzo" uid="18303544" lat="45.4909262" lon="9.1462508"/>
 <node id="10576441114" visible="true" version="1" changeset="131604658" timestamp="2023-01-23T12:00:51Z" user="JanzoJanzo" uid="18303544" lat="45.4908975" lon="9.1458510"/>
 <node id="10576441115" visible="true" version="1" changeset="131604658" timestamp="2023-01-23T12:00:51Z" user="JanzoJanzo" uid="18303544" lat="45.4909272" lon="9.1454015"/>
 <node id="10576441116" visible="true" version="1" changeset="131604658" timestamp="2023-01-23T12:00:51Z" user="JanzoJanzo" uid="18303544" lat="45.4909586" lon="9.1451747"/>
 <node id="10576441117" visible="true" version="1" changeset="131604658" timestamp="2023-01-23T12:00:51Z" user="JanzoJanzo" uid="18303544" lat="45.4910147" lon="9.1449289"/>
 <node id="10576441118" visible="true" version="1" changeset="131604658" timestamp="2023-01-23T12:00:51Z" user="JanzoJanzo" uid="18303544" lat="45.4911268" lon="9.1445656"/>
 <node id="10576441119" visible="true" version="1" changeset="131604658" timestamp="2023-01-23T12:00:51Z" user="JanzoJanzo" uid="18303544" lat="45.4935835" lon="9.1371314"/>
 <node id="10576441120" visible="true" version="1" changeset="131604658" timestamp="2023-01-23T12:00:51Z" user="JanzoJanzo" uid="18303544" lat="45.4948699" lon="9.1415671"/>
 <node id="10576441121" visible="true" version="1" changeset="131604658" timestamp="2023-01-23T12:00:51Z" user="JanzoJanzo" uid="18303544" lat="45.4953047" lon="9.1433820"/>
 <node id="10576441122" visible="true" version="1" changeset="131604658" timestamp="2023-01-23T12:00:51Z" user="JanzoJanzo" uid="18303544" lat="45.4968839" lon="9.1422718"/>
 <node id="10576441123" visible="true" version="1" changeset="131604658" timestamp="2023-01-23T12:00:51Z" user="JanzoJanzo" uid="18303544" lat="45.4979181" lon="9.1452571"/>
 <node id="10576441124" visible="true" version="1" changeset="131604658" timestamp="2023-01-23T12:00:51Z" user="JanzoJanzo" uid="18303544" lat="45.4988837" lon="9.1511801"/>
 <node id="10576441125" visible="true" version="1" changeset="131604658" timestamp="2023-01-23T12:00:51Z" user="JanzoJanzo" uid="18303544" lat="45.4958847" lon="9.1556694"/>
 <node id="10576441126" visible="true" version="1" changeset="131604658" timestamp="2023-01-23T12:00:51Z" user="JanzoJanzo" uid="18303544" lat="45.4967582" lon="9.1466099"/>
 <node id="10576441127" visible="true" version="1" changeset="131604658" timestamp="2023-01-23T12:00:51Z" user="JanzoJanzo" uid="18303544" lat="45.4980020" lon="9.1496331"/>
 <node id="10576441128" visible="true" version="1" changeset="131604658" timestamp="2023-01-23T12:00:51Z" user="JanzoJanzo" uid="18303544" lat="45.4935957" lon="9.1589103"/>
 <node id="10576441129" visible="true" version="1" changeset="131604658" timestamp="2023-01-23T12:00:51Z" user="JanzoJanzo" uid="18303544" lat="45.4924824" lon="9.1603589"/>
 <node id="10581270559" visible="true" version="1" changeset="131688880" timestamp="2023-01-25T10:37:30Z" user="Balaabirami" uid="8350372" lat="45.4978652" lon="9.1493965"/>
 <node id="10581270560" visible="true" version="1" changeset="131688880" timestamp="2023-01-25T10:37:30Z" user="Balaabirami" uid="8350372" lat="45.4979417" lon="9.1493443"/>
 <node id="10581270561" visible="true" version="1" changeset="131688880" timestamp="2023-01-25T10:37:30Z" user="Balaabirami" uid="8350372" lat="45.4980255" lon="9.1492845"/>
 <node id="10581270562" visible="true" version="1" changeset="131688880" timestamp="2023-01-25T10:37:30Z" user="Balaabirami" uid="8350372" lat="45.4982144" lon="9.1491692"/>
 <node id="10588696655" visible="true" version="1" changeset="131802778" timestamp="2023-01-28T10:46:45Z" user="f_gonella" uid="8716397" lat="45.4970334" lon="9.1480575"/>
 <node id="10588696656" visible="true" version="1" changeset="131802778" timestamp="2023-01-28T10:46:45Z" user="f_gonella" uid="8716397" lat="45.4969254" lon="9.1481642"/>
 <node id="10588696657" visible="true" version="1" changeset="131802778" timestamp="2023-01-28T10:46:45Z" user="f_gonella" uid="8716397" lat="45.4953815" lon="9.1477684">
  <tag k="highway" v="crossing"/>
 </node>
 <node id="10588696658" visible="true" version="3" changeset="151666800" timestamp="2024-05-22T09:59:03Z" user="nu99et" uid="20905165" lat="45.4950353" lon="9.1480471">
  <tag k="crossing:markings" v="no"/>
  <tag k="highway" v="crossing"/>
  <tag k="tactile_paving" v="no"/>
 </node>
 <node id="10588696659" visible="true" version="1" changeset="131802778" timestamp="2023-01-28T10:46:45Z" user="f_gonella" uid="8716397" lat="45.4975338" lon="9.1487405"/>
 <node id="10588696660" visible="true" version="1" changeset="131802778" timestamp="2023-01-28T10:46:45Z" user="f_gonella" uid="8716397" lat="45.4976172" lon="9.1489390"/>
 <node id="10588748663" visible="true" version="1" changeset="131803828" timestamp="2023-01-28T11:23:10Z" user="f_gonella" uid="8716397" lat="45.4962741" lon="9.1503659"/>
 <node id="10588748664" visible="true" version="1" changeset="131803828" timestamp="2023-01-28T11:23:10Z" user="f_gonella" uid="8716397" lat="45.4952427" lon="9.1476850"/>
 <node id="10588748665" visible="true" version="1" changeset="131803828" timestamp="2023-01-28T11:23:10Z" user="f_gonella" uid="8716397" lat="45.4948631" lon="9.1480222"/>
 <node id="10588748666" visible="true" version="1" changeset="131803828" timestamp="2023-01-28T11:23:10Z" user="f_gonella" uid="8716397" lat="45.4961424" lon="9.1468957"/>
 <node id="10588748667" visible="true" version="1" changeset="131803828" timestamp="2023-01-28T11:23:10Z" user="f_gonella" uid="8716397" lat="45.4959985" lon="9.1469943"/>
 <node id="10588748668" visible="true" version="1" changeset="131803828" timestamp="2023-01-28T11:23:10Z" user="f_gonella" uid="8716397" lat="45.4960561" lon="9.1471403"/>
 <node id="10588748669" visible="true" version="1" changeset="131803828" timestamp="2023-01-28T11:23:10Z" user="f_gonella" uid="8716397" lat="45.4960112" lon="9.1470264"/>
 <node id="10588748670" visible="true" version="1" changeset="131803828" timestamp="2023-01-28T11:23:10Z" user="f_gonella" uid="8716397" lat="45.4936765" lon="9.1489791"/>
 <node id="10588748672" visible="true" version="3" changeset="151666800" timestamp="2024-05-22T09:59:11Z" user="nu99et" uid="20905165" lat="45.4961225" lon="9.1503855">
  <tag k="crossing" v="uncontrolled"/>
  <tag k="crossing:island" v="no"/>
  <tag k="highway" v="crossing"/>
  <tag k="tactile_paving" v="no"/>
 </node>
 <node id="10588748676" visible="true" version="1" changeset="131803828" timestamp="2023-01-28T11:23:10Z" user="f_gonella" uid="8716397" lat="45.4959198" lon="9.1465798">
  <tag k="highway" v="crossing"/>
 </node>
 <node id="10588748677" visible="true" version="1" changeset="131803828" timestamp="2023-01-28T11:23:10Z" user="f_gonella" uid="8716397" lat="45.4957406" lon="9.1458514"/>
 <node id="10588748685" visible="true" version="1" changeset="131803828" timestamp="2023-01-28T11:23:10Z" user="f_gonella" uid="8716397" lat="45.4943704" lon="9.1484540"/>
 <node id="10588748692" visible="true" version="1" changeset="131803828" timestamp="2023-01-28T11:23:10Z" user="f_gonella" uid="8716397" lat="45.4990212" lon="9.1437057"/>
 <node id="10588748695" visible="true" version="1" changeset="131803828" timestamp="2023-01-28T11:23:10Z" user="f_gonella" uid="8716397" lat="45.4996184" lon="9.1430290"/>
 <node id="10588748696" visible="true" version="1" changeset="131803828" timestamp="2023-01-28T11:23:10Z" user="f_gonella" uid="8716397" lat="45.4983961" lon="9.1444018"/>
 <node id="10588748697" visible="true" version="1" changeset="131803828" timestamp="2023-01-28T11:23:10Z" user="f_gonella" uid="8716397" lat="45.4966029" lon="9.1464276"/>
 <node id="10588748698" visible="true" version="1" changeset="131803828" timestamp="2023-01-28T11:23:10Z" user="f_gonella" uid="8716397" lat="45.4965090" lon="9.1465272"/>
 <node id="10602272346" visible="true" version="1" changeset="132018068" timestamp="2023-02-02T20:29:09Z" user="Rita Pampaloni" uid="447242" lat="45.4977427" lon="9.1455722">
  <tag k="amenity" v="social_facility"/>
  <tag k="name" v="Mamme a scuola"/>
 </node>
 <node id="10648454729" visible="true" version="1" changeset="132400802" timestamp="2023-02-11T11:49:52Z" user="Emanuele Lorenzo Corti" uid="10893865" lat="45.4828794" lon="9.1634883"/>
 <node id="10688601899" visible="true" version="1" changeset="132931417" timestamp="2023-02-23T15:18:27Z" user="aa30mom" uid="13840929" lat="45.4970260" lon="9.1461818">
  <tag k="addr:city" v="Milano"/>
  <tag k="addr:housenumber" v="56"/>
  <tag k="addr:postcode" v="20156"/>
  <tag k="addr:street" v="Via Varesina"/>
  <tag k="entrance" v="yes"/>
 </node>
 <node id="10688601900" visible="true" version="1" changeset="132931417" timestamp="2023-02-23T15:18:27Z" user="aa30mom" uid="13840929" lat="45.4968890" lon="9.1463407">
  <tag k="addr:city" v="Milano"/>
  <tag k="addr:housenumber" v="54"/>
  <tag k="addr:postcode" v="20156"/>
  <tag k="addr:street" v="Via Varesina"/>
  <tag k="entrance" v="yes"/>
 </node>
 <node id="10688601901" visible="true" version="1" changeset="132931417" timestamp="2023-02-23T15:18:27Z" user="aa30mom" uid="13840929" lat="45.4968739" lon="9.1463589"/>
 <node id="10688601902" visible="true" version="1" changeset="132931417" timestamp="2023-02-23T15:18:27Z" user="aa30mom" uid="13840929" lat="45.4968273" lon="9.1464418">
  <tag k="addr:city" v="Milano"/>
  <tag k="addr:housenumber" v="52"/>
  <tag k="addr:postcode" v="20156"/>
  <tag k="addr:street" v="Via Varesina"/>
  <tag k="entrance" v="yes"/>
 </node>
 <node id="10688601903" visible="true" version="1" changeset="132931417" timestamp="2023-02-23T15:18:27Z" user="aa30mom" uid="13840929" lat="45.4977077" lon="9.1457011"/>
 <node id="10688601904" visible="true" version="1" changeset="132931417" timestamp="2023-02-23T15:18:27Z" user="aa30mom" uid="13840929" lat="45.4976861" lon="9.1456904"/>
 <node id="10688603805" visible="true" version="1" changeset="132931417" timestamp="2023-02-23T15:18:27Z" user="aa30mom" uid="13840929" lat="45.4976419" lon="9.1456394"/>
 <node id="10688603806" visible="true" version="1" changeset="132931417" timestamp="2023-02-23T15:18:27Z" user="aa30mom" uid="13840929" lat="45.4976025" lon="9.1455898"/>
 <node id="10688603807" visible="true" version="1" changeset="132931417" timestamp="2023-02-23T15:18:27Z" user="aa30mom" uid="13840929" lat="45.4975870" lon="9.1455471"/>
 <node id="10688603808" visible="true" version="1" changeset="132931417" timestamp="2023-02-23T15:18:27Z" user="aa30mom" uid="13840929" lat="45.4975716" lon="9.1455660">
  <tag k="addr:city" v="Milano"/>
  <tag k="addr:housenumber" v="66"/>
  <tag k="addr:postcode" v="20156"/>
  <tag k="addr:street" v="Via Varesina"/>
  <tag k="entrance" v="yes"/>
 </node>
 <node id="10773307305" visible="true" version="1" changeset="134303011" timestamp="2023-03-30T12:34:32Z" user="Moncecchi Daniele" uid="3396014" lat="45.4960312" lon="9.1470040"/>
 <node id="10773307405" visible="true" version="1" changeset="134303011" timestamp="2023-03-30T12:34:32Z" user="Moncecchi Daniele" uid="3396014" lat="45.4996296" lon="9.1430055"/>
 <node id="10929400111" visible="true" version="1" changeset="136595565" timestamp="2023-05-26T16:11:40Z" user="aa30mom" uid="13840929" lat="45.4957885" lon="9.1472820">
  <tag k="bus" v="yes"/>
  <tag k="name" v="Via Varesina - Via Dal Re"/>
  <tag k="public_transport" v="stop_position"/>
  <tag k="ref" v="10718"/>
 </node>
 <node id="11205178749" visible="true" version="1" changeset="141515276" timestamp="2023-09-20T13:51:04Z" user="Balaabirami" uid="8350372" lat="45.4955397" lon="9.1435160"/>
 <node id="11283646054" visible="true" version="1" changeset="143021397" timestamp="2023-10-23T14:27:56Z" user="Balaabirami" uid="8350372" lat="45.4980098" lon="9.1448383"/>
 <node id="11283646055" visible="true" version="1" changeset="143021397" timestamp="2023-10-23T14:27:56Z" user="Balaabirami" uid="8350372" lat="45.4979993" lon="9.1448193"/>
 <node id="11283677910" visible="true" version="1" changeset="143021018" timestamp="2023-10-23T14:19:27Z" user="Balaabirami" uid="8350372" lat="45.4957286" lon="9.1474356"/>
 <node id="11283684683" visible="true" version="1" changeset="143021126" timestamp="2023-10-23T14:22:23Z" user="Balaabirami" uid="8350372" lat="45.4954171" lon="9.1475046"/>
 <node id="11283684684" visible="true" version="1" changeset="143021126" timestamp="2023-10-23T14:22:23Z" user="Balaabirami" uid="8350372" lat="45.4955222" lon="9.1474078"/>
 <node id="11482821945" visible="true" version="1" changeset="145841877" timestamp="2024-01-03T14:24:32Z" user="aa30mom" uid="13840929" lat="45.4944124" lon="9.1486575">
  <tag k="addr:housenumber" v="6"/>
  <tag k="addr:street" v="Via Varesina"/>
 </node>
 <node id="11598084968" visible="true" version="1" changeset="147215228" timestamp="2024-02-08T12:15:07Z" user="marco_camagni" uid="1965370" lat="45.4962339" lon="9.1501249"/>
 <node id="12994113266" visible="true" version="1" changeset="168790846" timestamp="2025-07-11T11:23:11Z" user="f_gonella" uid="8716397" lat="45.4869964" lon="9.1568391"/>
 <node id="12994113267" visible="true" version="1" changeset="168790846" timestamp="2025-07-11T11:23:11Z" user="f_gonella" uid="8716397" lat="45.4870603" lon="9.1570316"/>
 <node id="13144784857" visible="true" version="1" changeset="171971026" timestamp="2025-09-15T15:05:25Z" user="Emanuele Lorenzo Corti" uid="10893865" lat="45.4859638" lon="9.1594283"/>
 <node id="13144784858" visible="true" version="1" changeset="171971026" timestamp="2025-09-15T15:05:25Z" user="Emanuele Lorenzo Corti" uid="10893865" lat="45.4859880" lon="9.1593935"/>
 <node id="13144784859" visible="true" version="1" changeset="171971026" timestamp="2025-09-15T15:05:25Z" user="Emanuele Lorenzo Corti" uid="10893865" lat="45.4860111" lon="9.1593565"/>
 <node id="13144784860" visible="true" version="1" changeset="171971026" timestamp="2025-09-15T15:05:25Z" user="Emanuele Lorenzo Corti" uid="10893865" lat="45.4860350" lon="9.1593142"/>
 <node id="13144784861" visible="true" version="1" changeset="171971026" timestamp="2025-09-15T15:05:25Z" user="Emanuele Lorenzo Corti" uid="10893865" lat="45.4860539" lon="9.1592744"/>
 <node id="13144784862" visible="true" version="1" changeset="171971026" timestamp="2025-09-15T15:05:25Z" user="Emanuele Lorenzo Corti" uid="10893865" lat="45.4860693" lon="9.1592367"/>
 <node id="13144784863" visible="true" version="1" changeset="171971026" timestamp="2025-09-15T15:05:25Z" user="Emanuele Lorenzo Corti" uid="10893865" lat="45.4860840" lon="9.1591955"/>
 <node id="13144784864" visible="true" version="1" changeset="171971026" timestamp="2025-09-15T15:05:25Z" user="Emanuele Lorenzo Corti" uid="10893865" lat="45.4861065" lon="9.1591145"/>
 <node id="13144784865" visible="true" version="1" changeset="171971026" timestamp="2025-09-15T15:05:25Z" user="Emanuele Lorenzo Corti" uid="10893865" lat="45.4861170" lon="9.1590685"/>
 <node id="13144784866" visible="true" version="1" changeset="171971026" timestamp="2025-09-15T15:05:25Z" user="Emanuele Lorenzo Corti" uid="10893865" lat="45.4861384" lon="9.1589677"/>
 <node id="13144784867" visible="true" version="1" changeset="171971026" timestamp="2025-09-15T15:05:25Z" user="Emanuele Lorenzo Corti" uid="10893865" lat="45.4861515" lon="9.1589147"/>
 <node id="13144784868" visible="true" version="1" changeset="171971026" timestamp="2025-09-15T15:05:25Z" user="Emanuele Lorenzo Corti" uid="10893865" lat="45.4861642" lon="9.1588717"/>
 <node id="13144784869" visible="true" version="1" changeset="171971026" timestamp="2025-09-15T15:05:25Z" user="Emanuele Lorenzo Corti" uid="10893865" lat="45.4861787" lon="9.1588276"/>
 <node id="13144784870" visible="true" version="1" changeset="171971026" timestamp="2025-09-15T15:05:25Z" user="Emanuele Lorenzo Corti" uid="10893865" lat="45.4861929" lon="9.1587907"/>
 <node id="13144784871" visible="true" version="1" changeset="171971026" timestamp="2025-09-15T15:05:25Z" user="Emanuele Lorenzo Corti" uid="10893865" lat="45.4862226" lon="9.1587264"/>
 <node id="13144784872" visible="true" version="1" changeset="171971026" timestamp="2025-09-15T15:05:25Z" user="Emanuele Lorenzo Corti" uid="10893865" lat="45.4862389" lon="9.1586980"/>
 <node id="13144784873" visible="true" version="1" changeset="171971026" timestamp="2025-09-15T15:05:25Z" user="Emanuele Lorenzo Corti" uid="10893865" lat="45.4862567" lon="9.1586720"/>
 <node id="13144784874" visible="true" version="1" changeset="171971026" timestamp="2025-09-15T15:05:25Z" user="Emanuele Lorenzo Corti" uid="10893865" lat="45.4862072" lon="9.1587570"/>
 <node id="13144784875" visible="true" version="1" changeset="171971026" timestamp="2025-09-15T15:05:25Z" user="Emanuele Lorenzo Corti" uid="10893865" lat="45.4860962" lon="9.1591551"/>
 <node id="13144784876" visible="true" version="1" changeset="171971026" timestamp="2025-09-15T15:05:25Z" user="Emanuele Lorenzo Corti" uid="10893865" lat="45.4876811" lon="9.1568046"/>
 <node id="13144784877" visible="true" version="1" changeset="171971026" timestamp="2025-09-15T15:05:25Z" user="Emanuele Lorenzo Corti" uid="10893865" lat="45.4886289" lon="9.1554047"/>
 <node id="13144784878" visible="true" version="1" changeset="171971026" timestamp="2025-09-15T15:05:25Z" user="Emanuele Lorenzo Corti" uid="10893865" lat="45.4919039" lon="9.1511106"/>
 <node id="13144784880" visible="true" version="1" changeset="171971026" timestamp="2025-09-15T15:05:25Z" user="Emanuele Lorenzo Corti" uid="10893865" lat="45.4929373" lon="9.1508051"/>
 <node id="13144784881" visible="true" version="1" changeset="171971026" timestamp="2025-09-15T15:05:25Z" user="Emanuele Lorenzo Corti" uid="10893865" lat="45.4933672" lon="9.1497231"/>
 <node id="13144784882" visible="true" version="1" changeset="171971026" timestamp="2025-09-15T15:05:25Z" user="Emanuele Lorenzo Corti" uid="10893865" lat="45.4885456" lon="9.1555242"/>
 <node id="13144784883" visible="true" version="1" changeset="171971026" timestamp="2025-09-15T15:05:25Z" user="Emanuele Lorenzo Corti" uid="10893865" lat="45.4877646" lon="9.1566886"/>
 <node id="13144784884" visible="true" version="1" changeset="171971026" timestamp="2025-09-15T15:05:25Z" user="Emanuele Lorenzo Corti" uid="10893865" lat="45.4934110" lon="9.1496201"/>
 <node id="13144784885" visible="true" version="1" changeset="171971026" timestamp="2025-09-15T15:05:25Z" user="Emanuele Lorenzo Corti" uid="10893865" lat="45.4934617" lon="9.1495095"/>
 <node id="13144784886" visible="true" version="1" changeset="171971026" timestamp="2025-09-15T15:05:25Z" user="Emanuele Lorenzo Corti" uid="10893865" lat="45.4949029" lon="9.1481114"/>
 <node id="13144784887" visible="true" version="1" changeset="171971026" timestamp="2025-09-15T15:05:25Z" user="Emanuele Lorenzo Corti" uid="10893865" lat="45.4933888" lon="9.1496716"/>
 <node id="13144784888" visible="true" version="1" changeset="171971026" timestamp="2025-09-15T15:05:25Z" user="Emanuele Lorenzo Corti" uid="10893865" lat="45.4934362" lon="9.1495645"/>
 <node id="13144784889" visible="true" version="1" changeset="171971026" timestamp="2025-09-15T15:05:25Z" user="Emanuele Lorenzo Corti" uid="10893865" lat="45.4965969" lon="9.1465747"/>
 <node id="13144784890" visible="true" version="1" changeset="171971026" timestamp="2025-09-15T15:05:25Z" user="Emanuele Lorenzo Corti" uid="10893865" lat="45.4961840" lon="9.1469743"/>
 <node id="13144784891" visible="true" version="1" changeset="171971026" timestamp="2025-09-15T15:05:25Z" user="Emanuele Lorenzo Corti" uid="10893865" lat="45.4952756" lon="9.1477811"/>
 <node id="13144784892" visible="true" version="1" changeset="171971026" timestamp="2025-09-15T15:05:25Z" user="Emanuele Lorenzo Corti" uid="10893865" lat="45.4963918" lon="9.1467780"/>
 <node id="13144784893" visible="true" version="1" changeset="171971026" timestamp="2025-09-15T15:05:25Z" user="Emanuele Lorenzo Corti" uid="10893865" lat="45.4959690" lon="9.1471688"/>
 <node id="13144784894" visible="true" version="1" changeset="171971026" timestamp="2025-09-15T15:05:25Z" user="Emanuele Lorenzo Corti" uid="10893865" lat="45.4960758" lon="9.1470736"/>
 <node id="13144784895" visible="true" version="1" changeset="171971026" timestamp="2025-09-15T15:05:25Z" user="Emanuele Lorenzo Corti" uid="10893865" lat="45.4962880" lon="9.1468772"/>
 <node id="13144784896" visible="true" version="1" changeset="171971026" timestamp="2025-09-15T15:05:25Z" user="Emanuele Lorenzo Corti" uid="10893865" lat="45.4964952" lon="9.1466770"/>
 <node id="13144784897" visible="true" version="1" changeset="171971026" timestamp="2025-09-15T15:05:25Z" user="Emanuele Lorenzo Corti" uid="10893865" lat="45.4935961" lon="9.1492524"/>
 <node id="13144784898" visible="true" version="1" changeset="171971026" timestamp="2025-09-15T15:05:25Z" user="Emanuele Lorenzo Corti" uid="10893865" lat="45.4967067" lon="9.1464592"/>
 <node id="13144784899" visible="true" version="1" changeset="171971026" timestamp="2025-09-15T15:05:25Z" user="Emanuele Lorenzo Corti" uid="10893865" lat="45.4968071" lon="9.1463494"/>
 <node id="13144784900" visible="true" version="1" changeset="171971026" timestamp="2025-09-15T15:05:25Z" user="Emanuele Lorenzo Corti" uid="10893865" lat="45.4985446" lon="9.1443646"/>
 <node id="13144786001" visible="true" version="1" changeset="171971026" timestamp="2025-09-15T15:05:25Z" user="Emanuele Lorenzo Corti" uid="10893865" lat="45.5012256" lon="9.1412955"/>
 <node id="13144786002" visible="true" version="1" changeset="171971026" timestamp="2025-09-15T15:05:25Z" user="Emanuele Lorenzo Corti" uid="10893865" lat="45.5034337" lon="9.1387668"/>
 <node id="13144786003" visible="true" version="1" changeset="171971026" timestamp="2025-09-15T15:05:25Z" user="Emanuele Lorenzo Corti" uid="10893865" lat="45.5062032" lon="9.1355760"/>
 <node id="13144786004" visible="true" version="1" changeset="171971026" timestamp="2025-09-15T15:05:25Z" user="Emanuele Lorenzo Corti" uid="10893865" lat="45.5087270" lon="9.1326991"/>
 <node id="13144786005" visible="true" version="1" changeset="171971026" timestamp="2025-09-15T15:05:25Z" user="Emanuele Lorenzo Corti" uid="10893865" lat="45.5088056" lon="9.1326087"/>
 <node id="13144786006" visible="true" version="1" changeset="171971026" timestamp="2025-09-15T15:05:25Z" user="Emanuele Lorenzo Corti" uid="10893865" lat="45.5088809" lon="9.1325181"/>
 <node id="13144786007" visible="true" version="1" changeset="171971026" timestamp="2025-09-15T15:05:25Z" user="Emanuele Lorenzo Corti" uid="10893865" lat="45.4929434" lon="9.1507909"/>
 <node id="13144786008" visible="true" version="1" changeset="171971026" timestamp="2025-09-15T15:05:25Z" user="Emanuele Lorenzo Corti" uid="10893865" lat="45.4927920" lon="9.1509374"/>
 <node id="13144786009" visible="true" version="1" changeset="171971026" timestamp="2025-09-15T15:05:25Z" user="Emanuele Lorenzo Corti" uid="10893865" lat="45.4928810" lon="9.1508907"/>
 <node id="13144786010" visible="true" version="1" changeset="171971026" timestamp="2025-09-15T15:05:25Z" user="Emanuele Lorenzo Corti" uid="10893865" lat="45.4929167" lon="9.1508455"/>
 <node id="13144786011" visible="true" version="1" changeset="171971026" timestamp="2025-09-15T15:05:25Z" user="Emanuele Lorenzo Corti" uid="10893865" lat="45.4928384" lon="9.1509212"/>
 <node id="13144786012" visible="true" version="1" changeset="171971026" timestamp="2025-09-15T15:05:25Z" user="Emanuele Lorenzo Corti" uid="10893865" lat="45.4928154" lon="9.1509312"/>
 <node id="13144786013" visible="true" version="1" changeset="171971026" timestamp="2025-09-15T15:05:25Z" user="Emanuele Lorenzo Corti" uid="10893865" lat="45.4928603" lon="9.1509076"/>
 <node id="13144786014" visible="true" version="1" changeset="171971026" timestamp="2025-09-15T15:05:25Z" user="Emanuele Lorenzo Corti" uid="10893865" lat="45.4928999" lon="9.1508697"/>
 <node id="13144786015" visible="true" version="1" changeset="171971026" timestamp="2025-09-15T15:05:25Z" user="Emanuele Lorenzo Corti" uid="10893865" lat="45.4929310" lon="9.1508190"/>
 <node id="13144786016" visible="true" version="1" changeset="171971026" timestamp="2025-09-15T15:05:25Z" user="Emanuele Lorenzo Corti" uid="10893865" lat="45.4929242" lon="9.1508324"/>
 <node id="13144786017" visible="true" version="1" changeset="171971026" timestamp="2025-09-15T15:05:25Z" user="Emanuele Lorenzo Corti" uid="10893865" lat="45.4929086" lon="9.1508580"/>
 <node id="13144786018" visible="true" version="1" changeset="171971026" timestamp="2025-09-15T15:05:25Z" user="Emanuele Lorenzo Corti" uid="10893865" lat="45.4928908" lon="9.1508807"/>
 <node id="13144786019" visible="true" version="1" changeset="171971026" timestamp="2025-09-15T15:05:25Z" user="Emanuele Lorenzo Corti" uid="10893865" lat="45.4928710" lon="9.1508995"/>
 <node id="13144786020" visible="true" version="1" changeset="171971026" timestamp="2025-09-15T15:05:25Z" user="Emanuele Lorenzo Corti" uid="10893865" lat="45.4928495" lon="9.1509146"/>
 <node id="13144786021" visible="true" version="1" changeset="171971026" timestamp="2025-09-15T15:05:25Z" user="Emanuele Lorenzo Corti" uid="10893865" lat="45.4928270" lon="9.1509268"/>
 <node id="13144786022" visible="true" version="1" changeset="171971026" timestamp="2025-09-15T15:05:25Z" user="Emanuele Lorenzo Corti" uid="10893865" lat="45.4928038" lon="9.1509347"/>
 <node id="13144786025" visible="true" version="1" changeset="171971026" timestamp="2025-09-15T15:05:25Z" user="Emanuele Lorenzo Corti" uid="10893865" lat="45.4918323" lon="9.1511700"/>
 <node id="13144786026" visible="true" version="1" changeset="171971026" timestamp="2025-09-15T15:05:25Z" user="Emanuele Lorenzo Corti" uid="10893865" lat="45.4918411" lon="9.1511589"/>
 <node id="13144786027" visible="true" version="1" changeset="171971026" timestamp="2025-09-15T15:05:25Z" user="Emanuele Lorenzo Corti" uid="10893865" lat="45.4918506" lon="9.1511484"/>
 <node id="13144786028" visible="true" version="1" changeset="171971026" timestamp="2025-09-15T15:05:25Z" user="Emanuele Lorenzo Corti" uid="10893865" lat="45.4918605" lon="9.1511388"/>
 <node id="13144786029" visible="true" version="1" changeset="171971026" timestamp="2025-09-15T15:05:25Z" user="Emanuele Lorenzo Corti" uid="10893865" lat="45.4918707" lon="9.1511301"/>
 <node id="13144786030" visible="true" version="1" changeset="171971026" timestamp="2025-09-15T15:05:25Z" user="Emanuele Lorenzo Corti" uid="10893865" lat="45.4918815" lon="9.1511225"/>
 <node id="13144786031" visible="true" version="1" changeset="171971026" timestamp="2025-09-15T15:05:25Z" user="Emanuele Lorenzo Corti" uid="10893865" lat="45.4918924" lon="9.1511161"/>
 <node id="13144786032" visible="true" version="1" changeset="171971026" timestamp="2025-09-15T15:05:25Z" user="Emanuele Lorenzo Corti" uid="10893865" lat="45.4919153" lon="9.1511062"/>
 <node id="13144786033" visible="true" version="1" changeset="171971026" timestamp="2025-09-15T15:05:25Z" user="Emanuele Lorenzo Corti" uid="10893865" lat="45.4919270" lon="9.1511022"/>
 <node id="13144786034" visible="true" version="1" changeset="171971026" timestamp="2025-09-15T15:05:25Z" user="Emanuele Lorenzo Corti" uid="10893865" lat="45.4919389" lon="9.1510994"/>
 <node id="13144786043" visible="true" version="1" changeset="171971026" timestamp="2025-09-15T15:05:25Z" user="Emanuele Lorenzo Corti" uid="10893865" lat="45.4936609" lon="9.1491829"/>
 <node id="13144786044" visible="true" version="1" changeset="171971026" timestamp="2025-09-15T15:05:25Z" user="Emanuele Lorenzo Corti" uid="10893865" lat="45.4935431" lon="9.1493410"/>
 <node id="13144786045" visible="true" version="1" changeset="171971026" timestamp="2025-09-15T15:05:25Z" user="Emanuele Lorenzo Corti" uid="10893865" lat="45.4935677" lon="9.1492945"/>
 <node id="13144786046" visible="true" version="1" changeset="171971026" timestamp="2025-09-15T15:05:25Z" user="Emanuele Lorenzo Corti" uid="10893865" lat="45.4935550" lon="9.1493173"/>
 <node id="13144786047" visible="true" version="1" changeset="171971026" timestamp="2025-09-15T15:05:25Z" user="Emanuele Lorenzo Corti" uid="10893865" lat="45.4935816" lon="9.1492722"/>
 <node id="13144786048" visible="true" version="1" changeset="171971026" timestamp="2025-09-15T15:05:25Z" user="Emanuele Lorenzo Corti" uid="10893865" lat="45.4936276" lon="9.1492154"/>
 <node id="13144786049" visible="true" version="1" changeset="171971026" timestamp="2025-09-15T15:05:25Z" user="Emanuele Lorenzo Corti" uid="10893865" lat="45.4936438" lon="9.1491987"/>
 <node id="13144786050" visible="true" version="1" changeset="171971026" timestamp="2025-09-15T15:05:25Z" user="Emanuele Lorenzo Corti" uid="10893865" lat="45.4936114" lon="9.1492336"/>
 <way id="23594351" visible="true" version="21" changeset="150432918" timestamp="2024-04-24T08:55:04Z" user="Ysogo" uid="6220204">
  <nd ref="255506956"/>
  <nd ref="7294905800"/>
  <nd ref="1538079293"/>
  <nd ref="4521078241"/>
  <nd ref="1538079326"/>
  <nd ref="256035589"/>
  <tag k="cycling_width" v="mean"/>
  <tag k="highway" v="residential"/>
  <tag k="loc_ref" v="7276_12548"/>
  <tag k="name" v="Via Cesare Ajraghi"/>
  <tag k="name:etymology:wikidata" v="Q3665319"/>
  <tag k="surface" v="asphalt"/>
 </way>
 <way id="23594366" visible="true" version="18" changeset="131802778" timestamp="2023-01-28T10:46:45Z" user="f_gonella" uid="8716397">
  <nd ref="8192145803"/>
  <nd ref="256029966"/>
  <nd ref="5118500501"/>
  <nd ref="256233080"/>
  <nd ref="1538079316"/>
  <tag k="foot" v="yes"/>
  <tag k="highway" v="footway"/>
  <tag k="surface" v="paving_stones"/>
 </way>
 <way id="23594378" visible="true" version="36" changeset="155837520" timestamp="2024-08-27T15:23:21Z" user="sNappy_ml" uid="10521220">
  <nd ref="255508199"/>
  <nd ref="2887448440"/>
  <nd ref="5955578188"/>
  <nd ref="256031729"/>
  <tag k="cycleway:left" v="track"/>
  <tag k="cycling_width" v="mean"/>
  <tag k="highway" v="unclassified"/>
  <tag k="lit" v="yes"/>
  <tag k="loc_ref" v="7290_12511"/>
  <tag k="name" v="Via Varesina"/>
 </way>
 <way id="23634197" visible="true" version="11" changeset="131803828" timestamp="2023-01-28T11:23:10Z" user="f_gonella" uid="8716397">
  <nd ref="256029966"/>
  <nd ref="256034377"/>
  <tag k="bicycle" v="yes"/>
  <tag k="cycling_width" v="narrow"/>
  <tag k="foot" v="yes"/>
  <tag k="highway" v="footway"/>
  <tag k="loc_ref" v="7291_2064"/>
  <tag k="surface" v="paving_stones"/>
 </way>
 <way id="23634198" visible="true" version="13" changeset="151666825" timestamp="2024-05-22T09:59:06Z" user="nu99et" uid="20905165">
  <nd ref="256031085"/>
  <nd ref="256029975"/>
  <tag k="cycleway:both" v="no"/>
  <tag k="cycling_width" v="narrow"/>
  <tag k="highway" v="residential"/>
  <tag k="lane_markings" v="no"/>
  <tag k="lit" v="yes"/>
  <tag k="loc_ref" v="7291_12512"/>
  <tag k="name" v="Via Privata Chiari"/>
  <tag k="oneway" v="yes"/>
  <tag k="sidewalk:both" v="separate"/>
  <tag k="surface" v="asphalt"/>
 </way>
 <way id="23634378" visible="true" version="17" changeset="131803828" timestamp="2023-01-28T11:23:10Z" user="f_gonella" uid="8716397">
  <nd ref="1500373158"/>
  <nd ref="3646648745"/>
  <nd ref="2452694231"/>
  <nd ref="2079502889"/>
  <nd ref="1481351107"/>
  <tag k="cycling_width" v="mean"/>
  <tag k="highway" v="residential"/>
  <tag k="loc_ref" v="7382_12505"/>
  <tag k="name" v="Via Gian Battista Casella"/>
  <tag k="oneway" v="yes"/>
 </way>
 <way id="23634380" visible="true" version="12" changeset="151666796" timestamp="2024-05-22T09:59:05Z" user="nu99et" uid="20905165">
  <nd ref="256029975"/>
  <nd ref="1500362294"/>
  <nd ref="7294905813"/>
  <tag k="cycleway:both" v="no"/>
  <tag k="highway" v="residential"/>
  <tag k="lane_markings" v="no"/>
  <tag k="loc_ref" v="7291_12512"/>
  <tag k="name" v="Via Privata Chiari"/>
  <tag k="oneway" v="yes"/>
  <tag k="sidewalk:both" v="separate"/>
  <tag k="surface" v="asphalt"/>
 </way>
 <way id="23634528" visible="true" version="9" changeset="126935729" timestamp="2022-10-03T12:31:21Z" user="Balaabirami" uid="8350372">
  <nd ref="256034377"/>
  <nd ref="10072878288"/>
  <nd ref="256031085"/>
  <tag k="bicycle" v="yes"/>
  <tag k="cycling_width" v="narrow"/>
  <tag k="highway" v="residential"/>
  <tag k="loc_ref" v="7291_1885"/>
  <tag k="name" v="Via Privata Chiari"/>
 </way>
 <way id="23634535" visible="true" version="16" changeset="81782851" timestamp="2020-03-04T15:53:47Z" user="Cerrotorre1974" uid="576807">
  <nd ref="255506957"/>
  <nd ref="256034434"/>
  <nd ref="3713545134"/>
  <nd ref="3713545136"/>
  <nd ref="3713545153"/>
  <nd ref="256034435"/>
  <nd ref="7264066160"/>
  <nd ref="7264066161"/>
  <nd ref="256034437"/>
  <tag k="cycling_width" v="mean"/>
  <tag k="highway" v="residential"/>
  <tag k="loc_ref" v="7275_12553"/>
  <tag k="name" v="Via Paolo Mantegazza"/>
  <tag k="oneway" v="yes"/>
 </way>
 <way id="23634620" visible="true" version="7" changeset="48498361" timestamp="2017-05-08T10:54:23Z" user="b:a:m" uid="5742863">
  <nd ref="256035589"/>
  <nd ref="3713545165"/>
  <nd ref="256031727"/>
  <nd ref="256039404"/>
  <tag k="highway" v="residential"/>
  <tag k="loc_ref" v="7276_22092"/>
  <tag k="name" v="Via Jacopino da Tradate"/>
  <tag k="oneway" v="no"/>
  <tag k="surface" v="asphalt"/>
 </way>
 <way id="23635089" visible="true" version="14" changeset="166094417" timestamp="2025-05-11T06:43:18Z" user="Yiyi (itwikipedia)" uid="1404750">
  <nd ref="256039404"/>
  <nd ref="5948896898"/>
  <nd ref="10588748672"/>
  <nd ref="582770725"/>
  <tag k="highway" v="residential"/>
  <tag k="lit" v="yes"/>
  <tag k="loc_ref" v="7292_12549"/>
  <tag k="name" v="Via Jacopino da Tradate"/>
  <tag k="oneway" v="no"/>
  <tag k="surface" v="asphalt"/>
 </way>
 <way id="23651196" visible="true" version="5" changeset="131802778" timestamp="2023-01-28T10:46:45Z" user="f_gonella" uid="8716397">
  <nd ref="5118500500"/>
  <nd ref="5118500499"/>
  <nd ref="5118500502"/>
  <nd ref="256233078"/>
  <nd ref="256233079"/>
  <nd ref="256233080"/>
  <nd ref="3713545188"/>
  <nd ref="5118500500"/>
  <tag k="leisure" v="park"/>
 </way>
 <way id="103409753" visible="true" version="6" changeset="169474686" timestamp="2025-07-25T20:19:49Z" user="jacopofar" uid="717233">
  <nd ref="1194128008"/>
  <nd ref="4882015728"/>
  <nd ref="1195330142"/>
  <nd ref="1194127951"/>
  <nd ref="5118464291"/>
  <nd ref="1194128053"/>
  <nd ref="1194127924"/>
  <nd ref="1194128008"/>
  <tag k="building" v="apartments"/>
  <tag k="building:colour" v="#ffcc99"/>
  <tag k="building:levels" v="5"/>
  <tag k="roof:shape" v="hipped"/>
 </way>
 <way id="103409755" visible="true" version="5" changeset="169474686" timestamp="2025-07-25T20:19:49Z" user="jacopofar" uid="717233">
  <nd ref="1194127945"/>
  <nd ref="1194128065"/>
  <nd ref="5118500477"/>
  <nd ref="1194128015"/>
  <nd ref="1194128044"/>
  <nd ref="1194127945"/>
  <tag k="building" v="apartments"/>
  <tag k="building:colour" v="#ffcc99"/>
  <tag k="building:levels" v="5"/>
  <tag k="roof:shape" v="hipped"/>
 </way>
 <way id="103409756" visible="true" version="4" changeset="169474686" timestamp="2025-07-25T20:19:49Z" user="jacopofar" uid="717233">
  <nd ref="1194128037"/>
  <nd ref="1194128011"/>
  <nd ref="1194127952"/>
  <nd ref="1194127984"/>
  <nd ref="5118500476"/>
  <nd ref="1194128037"/>
  <tag k="building" v="apartments"/>
  <tag k="building:colour" v="#9cf1b6"/>
  <tag k="building:levels" v="5"/>
  <tag k="roof:shape" v="hipped"/>
 </way>
 <way id="103409758" visible="true" version="4" changeset="169474686" timestamp="2025-07-25T20:19:49Z" user="jacopofar" uid="717233">
  <nd ref="1194128003"/>
  <nd ref="1194127944"/>
  <nd ref="1194128036"/>
  <nd ref="1194127982"/>
  <nd ref="5118464292"/>
  <nd ref="1194128003"/>
  <tag k="building" v="apartments"/>
  <tag k="building:colour" v="#ffcc99"/>
  <tag k="building:levels" v="5"/>
  <tag k="roof:shape" v="hipped"/>
 </way>
 <way id="103409759" visible="true" version="4" changeset="169474686" timestamp="2025-07-25T20:19:49Z" user="jacopofar" uid="717233">
  <nd ref="1194127928"/>
  <nd ref="1194128066"/>
  <nd ref="4882015723"/>
  <nd ref="4882015722"/>
  <nd ref="1194127928"/>
  <tag k="building" v="apartments"/>
  <tag k="building:colour" v="#ffcc99"/>
  <tag k="building:levels" v="5"/>
  <tag k="roof:shape" v="hipped"/>
 </way>
 <way id="103409761" visible="true" version="5" changeset="169474686" timestamp="2025-07-25T20:19:49Z" user="jacopofar" uid="717233">
  <nd ref="1194127981"/>
  <nd ref="1194127949"/>
  <nd ref="5118500469"/>
  <nd ref="4882015725"/>
  <nd ref="3646646628"/>
  <nd ref="1194127981"/>
  <tag k="building" v="apartments"/>
  <tag k="building:colour" v="#ffcc99"/>
  <tag k="building:levels" v="5"/>
  <tag k="roof:shape" v="hipped"/>
 </way>
 <way id="103409762" visible="true" version="4" changeset="169474686" timestamp="2025-07-25T20:19:49Z" user="jacopofar" uid="717233">
  <nd ref="1194127958"/>
  <nd ref="1194127930"/>
  <nd ref="4882015724"/>
  <nd ref="4882015727"/>
  <nd ref="1194127958"/>
  <tag k="building" v="apartments"/>
  <tag k="building:colour" v="#ffcc99"/>
  <tag k="building:levels" v="5"/>
  <tag k="roof:shape" v="hipped"/>
 </way>
 <way id="103409764" visible="true" version="4" changeset="169474686" timestamp="2025-07-25T20:19:49Z" user="jacopofar" uid="717233">
  <nd ref="1194128039"/>
  <nd ref="1194128013"/>
  <nd ref="5118464274"/>
  <nd ref="1194127955"/>
  <nd ref="1194127985"/>
  <nd ref="1194128039"/>
  <tag k="building" v="apartments"/>
  <tag k="building:colour" v="#ffcc99"/>
  <tag k="building:levels" v="5"/>
  <tag k="roof:shape" v="hipped"/>
 </way>
 <way id="103409766" visible="true" version="3" changeset="169474686" timestamp="2025-07-25T20:19:49Z" user="jacopofar" uid="717233">
  <nd ref="1194128019"/>
  <nd ref="1194128000"/>
  <nd ref="1194127942"/>
  <nd ref="1194127971"/>
  <nd ref="1194128019"/>
  <tag k="building" v="apartments"/>
  <tag k="building:colour" v="#ffcc99"/>
  <tag k="building:levels" v="5"/>
  <tag k="roof:shape" v="hipped"/>
 </way>
 <way id="103409768" visible="true" version="4" changeset="169474686" timestamp="2025-07-25T20:19:49Z" user="jacopofar" uid="717233">
  <nd ref="1194128079"/>
  <nd ref="1194128048"/>
  <nd ref="5118500475"/>
  <nd ref="1194127987"/>
  <nd ref="1194128007"/>
  <nd ref="1194128079"/>
  <tag k="building" v="apartments"/>
  <tag k="building:colour" v="#ffcc99"/>
  <tag k="building:levels" v="5"/>
  <tag k="roof:shape" v="hipped"/>
 </way>
 <way id="103409770" visible="true" version="4" changeset="169474686" timestamp="2025-07-25T20:19:49Z" user="jacopofar" uid="717233">
  <nd ref="1194128058"/>
  <nd ref="1194128024"/>
  <nd ref="1194127974"/>
  <nd ref="1194127990"/>
  <nd ref="5118500474"/>
  <nd ref="1194128058"/>
  <tag k="building" v="apartments"/>
  <tag k="building:colour" v="#ffcc99"/>
  <tag k="building:levels" v="5"/>
  <tag k="roof:shape" v="hipped"/>
 </way>
 <way id="103526943" visible="true" version="3" changeset="52227229" timestamp="2017-09-20T22:59:41Z" user="fedc" uid="602784">
  <nd ref="1195330101"/>
  <nd ref="1195330466"/>
  <nd ref="1195330464"/>
  <nd ref="5118500505"/>
  <nd ref="1195329827"/>
  <nd ref="1195330101"/>
  <tag k="building" v="apartments"/>
 </way>
 <way id="103526952" visible="true" version="4" changeset="169474686" timestamp="2025-07-25T20:19:49Z" user="jacopofar" uid="717233">
  <nd ref="1195330601"/>
  <nd ref="1195329861"/>
  <nd ref="5118500473"/>
  <nd ref="1195330655"/>
  <nd ref="1195330404"/>
  <nd ref="1195330601"/>
  <tag k="building" v="apartments"/>
  <tag k="building:colour" v="#9cf1b6"/>
  <tag k="building:levels" v="5"/>
  <tag k="roof:shape" v="hipped"/>
 </way>
 <way id="103526962" visible="true" version="3" changeset="52227229" timestamp="2017-09-20T22:59:41Z" user="fedc" uid="602784">
  <nd ref="1195329754"/>
  <nd ref="5118500506"/>
  <nd ref="1195330352"/>
  <nd ref="1195330074"/>
  <nd ref="1195330561"/>
  <nd ref="1195329754"/>
  <tag k="building" v="apartments"/>
 </way>
 <way id="103526974" visible="true" version="4" changeset="142049925" timestamp="2023-10-02T17:31:09Z" user="tg4567" uid="12500589">
  <nd ref="1195330435"/>
  <nd ref="1195330667"/>
  <nd ref="1195330661"/>
  <nd ref="1195330172"/>
  <nd ref="1195330435"/>
  <tag k="building" v="apartments"/>
  <tag k="wikidata" v="Q55100698"/>
  <tag k="wikimedia_commons" v="Category:Quartiere Mangiagalli II"/>
 </way>
 <way id="103526981" visible="true" version="4" changeset="142049925" timestamp="2023-10-02T17:31:09Z" user="tg4567" uid="12500589">
  <nd ref="1195330461"/>
  <nd ref="1195330682"/>
  <nd ref="1195330530"/>
  <nd ref="1195330199"/>
  <nd ref="1195330461"/>
  <tag k="building" v="apartments"/>
  <tag k="wikidata" v="Q55100698"/>
  <tag k="wikimedia_commons" v="Category:Quartiere Mangiagalli II"/>
 </way>
 <way id="103527003" visible="true" version="4" changeset="142049925" timestamp="2023-10-02T17:31:09Z" user="tg4567" uid="12500589">
  <nd ref="1195330623"/>
  <nd ref="1195330436"/>
  <nd ref="1195329894"/>
  <nd ref="1195330119"/>
  <nd ref="1195330649"/>
  <nd ref="1195330243"/>
  <nd ref="1195329744"/>
  <nd ref="1195330358"/>
  <nd ref="1195329814"/>
  <nd ref="1195330463"/>
  <nd ref="1195329931"/>
  <nd ref="1195330677"/>
  <nd ref="1195330315"/>
  <nd ref="1195329792"/>
  <nd ref="1195330427"/>
  <nd ref="1195329882"/>
  <nd ref="1195330500"/>
  <nd ref="1195329983"/>
  <nd ref="1195330586"/>
  <nd ref="1195329869"/>
  <nd ref="1195330482"/>
  <nd ref="1195329971"/>
  <nd ref="1195330565"/>
  <nd ref="1195330096"/>
  <nd ref="1195330642"/>
  <nd ref="1195330221"/>
  <nd ref="1195329721"/>
  <nd ref="1195330537"/>
  <nd ref="1195330623"/>
  <tag k="building" v="apartments"/>
  <tag k="wikidata" v="Q55100698"/>
  <tag k="wikimedia_commons" v="Category:Quartiere Mangiagalli II"/>
 </way>
 <way id="103527006" visible="true" version="5" changeset="142049925" timestamp="2023-10-02T17:31:09Z" user="tg4567" uid="12500589">
  <nd ref="1195330217"/>
  <nd ref="1195330540"/>
  <nd ref="4322669762"/>
  <nd ref="1195329936"/>
  <nd ref="1195330217"/>
  <tag k="building" v="apartments"/>
  <tag k="wikidata" v="Q55100698"/>
  <tag k="wikimedia_commons" v="Category:Quartiere Mangiagalli II"/>
 </way>
 <way id="103535004" visible="true" version="2" changeset="49010712" timestamp="2017-05-26T19:39:02Z" user="fedc" uid="602784">
  <nd ref="1195398302"/>
  <nd ref="4879101680"/>
  <nd ref="4879101681"/>
  <nd ref="1195398443"/>
  <nd ref="1195398278"/>
  <nd ref="4879101679"/>
  <nd ref="4879101678"/>
  <nd ref="1195398339"/>
  <nd ref="4879101682"/>
  <nd ref="4879101683"/>
  <nd ref="4879101685"/>
  <nd ref="4879101687"/>
  <nd ref="4879101686"/>
  <nd ref="4879101684"/>
  <nd ref="1195398302"/>
  <tag k="building" v="apartments"/>
 </way>
 <way id="103535006" visible="true" version="1" changeset="7514787" timestamp="2011-03-10T14:53:13Z" user="ilrobi" uid="22110">
  <nd ref="1195398249"/>
  <nd ref="1195398423"/>
  <nd ref="1195398272"/>
  <nd ref="1195398297"/>
  <nd ref="1195398249"/>
  <tag k="building" v="yes"/>
 </way>
 <way id="110517442" visible="true" version="4" changeset="145841877" timestamp="2024-01-03T14:24:32Z" user="aa30mom" uid="13840929">
  <nd ref="1261903307"/>
  <nd ref="4882015520"/>
  <nd ref="1261903262"/>
  <nd ref="1261903169"/>
  <nd ref="1261903215"/>
  <nd ref="1261903243"/>
  <nd ref="1261903269"/>
  <nd ref="1261903297"/>
  <nd ref="1261903232"/>
  <nd ref="1261903163"/>
  <nd ref="4882015511"/>
  <nd ref="4882015510"/>
  <nd ref="1261903294"/>
  <nd ref="1261903320"/>
  <nd ref="1261903259"/>
  <nd ref="1261903284"/>
  <nd ref="1261903212"/>
  <nd ref="1261903245"/>
  <nd ref="1261903145"/>
  <nd ref="1261903135"/>
  <nd ref="1261903276"/>
  <nd ref="1261903302"/>
  <nd ref="1261903241"/>
  <nd ref="1261903268"/>
  <nd ref="4882015513"/>
  <nd ref="4882015512"/>
  <nd ref="1261903186"/>
  <nd ref="1261903121"/>
  <nd ref="1261903170"/>
  <nd ref="1261903147"/>
  <nd ref="1261903233"/>
  <nd ref="1261903188"/>
  <nd ref="1261903198"/>
  <nd ref="1261903112"/>
  <nd ref="1261903270"/>
  <nd ref="1261903229"/>
  <nd ref="1261903118"/>
  <nd ref="1261903108"/>
  <nd ref="4882015514"/>
  <nd ref="1261903263"/>
  <nd ref="1261903287"/>
  <nd ref="1261903216"/>
  <nd ref="1261903251"/>
  <nd ref="1261903149"/>
  <nd ref="1261903200"/>
  <nd ref="4882015515"/>
  <nd ref="4882015721"/>
  <nd ref="1261903312"/>
  <nd ref="1261903305"/>
  <nd ref="11482821945"/>
  <nd ref="1261903307"/>
  <tag k="building" v="kindergarten"/>
 </way>
 <way id="110689510" visible="true" version="2" changeset="132931417" timestamp="2023-02-23T15:18:27Z" user="aa30mom" uid="13840929">
  <nd ref="1263425888"/>
  <nd ref="10688601902"/>
  <nd ref="3189034054"/>
  <nd ref="1263426109"/>
  <nd ref="1263425931"/>
  <nd ref="1263425907"/>
  <nd ref="1263426028"/>
  <nd ref="1263425983"/>
  <nd ref="1263425888"/>
  <tag k="building" v="yes"/>
 </way>
 <way id="110689516" visible="true" version="2" changeset="78210801" timestamp="2019-12-10T13:57:17Z" user="OwN3d" uid="10365300">
  <nd ref="1263425886"/>
  <nd ref="1263426094"/>
  <nd ref="1263426141"/>
  <nd ref="1263425822"/>
  <nd ref="1263426003"/>
  <nd ref="1263425979"/>
  <nd ref="1263425886"/>
  <tag k="building" v="pavilion"/>
 </way>
 <way id="110689520" visible="true" version="1" changeset="7994942" timestamp="2011-04-28T13:46:24Z" user="ilrobi" uid="22110">
  <nd ref="1263426050"/>
  <nd ref="1263425889"/>
  <nd ref="1263426112"/>
  <nd ref="1263425960"/>
  <nd ref="1263426050"/>
  <tag k="building" v="yes"/>
 </way>
 <way id="132814532" visible="true" version="2" changeset="29180304" timestamp="2015-03-01T17:11:32Z" user="Alecs01" uid="1476146">
  <nd ref="1461212268"/>
  <nd ref="1461212270"/>
  <nd ref="1461212272"/>
  <nd ref="1461212276"/>
  <nd ref="1461212267"/>
  <nd ref="1461212264"/>
  <nd ref="1461212266"/>
  <nd ref="1461212262"/>
  <nd ref="1461212268"/>
  <tag k="building" v="residential"/>
 </way>
 <way id="136753291" visible="true" version="2" changeset="74481056" timestamp="2019-09-14T18:14:10Z" user="Alecs01" uid="1476146">
  <nd ref="1500373064"/>
  <nd ref="1500373087"/>
  <nd ref="1500373034"/>
  <nd ref="1500373027"/>
  <nd ref="1500373041"/>
  <nd ref="1500373042"/>
  <nd ref="1500373064"/>
  <tag k="building" v="apartments"/>
 </way>
 <way id="136773150" visible="true" version="1" changeset="9808386" timestamp="2011-11-12T20:47:41Z" user="ilrobi" uid="22110">
  <nd ref="1500602308"/>
  <nd ref="1500602316"/>
  <tag k="barrier" v="wall"/>
 </way>
 <way id="136773151" visible="true" version="1" changeset="9808386" timestamp="2011-11-12T20:47:41Z" user="ilrobi" uid="22110">
  <nd ref="1500602388"/>
  <nd ref="1500602271"/>
  <nd ref="1500602203"/>
  <tag k="barrier" v="wall"/>
 </way>
 <way id="136773156" visible="true" version="2" changeset="74481056" timestamp="2019-09-14T18:14:10Z" user="Alecs01" uid="1476146">
  <nd ref="1500602164"/>
  <nd ref="1500602116"/>
  <nd ref="1500602095"/>
  <nd ref="6795771505"/>
  <nd ref="1500602055"/>
  <nd ref="1500602051"/>
  <nd ref="1500602060"/>
  <nd ref="1500602091"/>
  <nd ref="1500602094"/>
  <nd ref="1500602100"/>
  <nd ref="1500602103"/>
  <nd ref="1500602175"/>
  <nd ref="1500602189"/>
  <nd ref="1500602201"/>
  <nd ref="1500602203"/>
  <nd ref="1500602164"/>
  <tag k="building" v="commercial"/>
 </way>
 <way id="136773160" visible="true" version="1" changeset="9808386" timestamp="2011-11-12T20:47:42Z" user="ilrobi" uid="22110">
  <nd ref="1500602194"/>
  <nd ref="1500602210"/>
  <nd ref="1500602252"/>
  <nd ref="1500602206"/>
  <nd ref="1500602194"/>
  <tag k="building" v="yes"/>
 </way>
 <way id="136773164" visible="true" version="1" changeset="9808386" timestamp="2011-11-12T20:47:42Z" user="ilrobi" uid="22110">
  <nd ref="1500602098"/>
  <nd ref="1500602112"/>
  <nd ref="1500602070"/>
  <nd ref="1500602057"/>
  <nd ref="1500602098"/>
 </way>
 <way id="136773165" visible="true" version="1" changeset="9808386" timestamp="2011-11-12T20:47:42Z" user="ilrobi" uid="22110">
  <nd ref="1500602180"/>
  <nd ref="1500602198"/>
  <nd ref="1500602135"/>
  <nd ref="1500602118"/>
  <nd ref="1500602180"/>
 </way>
 <way id="136773168" visible="true" version="3" changeset="74481056" timestamp="2019-09-14T18:14:10Z" user="Alecs01" uid="1476146">
  <nd ref="6795771516"/>
  <nd ref="1500602242"/>
  <nd ref="1500602218"/>
  <nd ref="1500602193"/>
  <nd ref="1500602196"/>
  <nd ref="1500602151"/>
  <nd ref="1500602127"/>
  <nd ref="1500602233"/>
  <nd ref="6795771511"/>
  <nd ref="1500602138"/>
  <nd ref="6795771517"/>
  <nd ref="1500602120"/>
  <nd ref="1500602278"/>
  <nd ref="1500602268"/>
  <nd ref="6795771516"/>
  <tag k="building" v="apartments"/>
 </way>
 <way id="140377939" visible="true" version="9" changeset="150432918" timestamp="2024-04-24T08:55:04Z" user="Ysogo" uid="6220204">
  <nd ref="256039404"/>
  <nd ref="1977699916"/>
  <tag k="highway" v="residential"/>
  <tag k="loc_ref" v="7276_35218"/>
  <tag k="name" v="Via Cesare Ajraghi"/>
  <tag k="name:etymology:wikidata" v="Q3665319"/>
  <tag k="oneway" v="yes"/>
  <tag k="surface" v="asphalt"/>
 </way>
 <way id="140377943" visible="true" version="2" changeset="35489039" timestamp="2015-11-21T15:12:16Z" user="Alecs01" uid="1476146">
  <nd ref="1538079367"/>
  <nd ref="1538079402"/>
  <nd ref="1538079408"/>
  <nd ref="1538079430"/>
  <nd ref="1538079423"/>
  <nd ref="1538079490"/>
  <nd ref="1538079493"/>
  <nd ref="1538079513"/>
  <nd ref="1538079516"/>
  <nd ref="1538079494"/>
  <nd ref="1538079502"/>
  <nd ref="1538079439"/>
  <nd ref="1538079436"/>
  <nd ref="1538079417"/>
  <nd ref="1538079426"/>
  <nd ref="1538079389"/>
  <nd ref="1538079367"/>
  <tag k="building" v="school"/>
 </way>
 <way id="140377951" visible="true" version="3" changeset="74757133" timestamp="2019-09-21T19:12:43Z" user="Alecs01" uid="1476146">
  <nd ref="1538079443"/>
  <nd ref="1538079450"/>
  <nd ref="1538079441"/>
  <nd ref="1538079428"/>
  <nd ref="1538079406"/>
  <nd ref="1538079411"/>
  <nd ref="1538079387"/>
  <nd ref="6814486797"/>
  <nd ref="1538079351"/>
  <nd ref="1538079359"/>
  <nd ref="1538079384"/>
  <nd ref="1538079421"/>
  <nd ref="1538079443"/>
  <tag k="building" v="yes"/>
 </way>
 <way id="140377958" visible="true" version="1" changeset="10072720" timestamp="2011-12-09T12:31:56Z" user="ilrobi" uid="22110">
  <nd ref="1538079382"/>
  <nd ref="1538079361"/>
  <nd ref="1538079374"/>
  <nd ref="1538079400"/>
  <nd ref="1538079382"/>
  <tag k="building" v="yes"/>
 </way>
 <way id="140377959" visible="true" version="1" changeset="10072720" timestamp="2011-12-09T12:31:56Z" user="ilrobi" uid="22110">
  <nd ref="1538079347"/>
  <nd ref="1538079372"/>
  <nd ref="1538079385"/>
  <nd ref="1538079363"/>
  <nd ref="1538079347"/>
  <tag k="building" v="yes"/>
 </way>
 <way id="140377964" visible="true" version="2" changeset="33569865" timestamp="2015-08-25T12:39:06Z" user="adirricor" uid="245439">
  <nd ref="1538079318"/>
  <nd ref="1538079334"/>
  <nd ref="1538079340"/>
  <nd ref="1538079330"/>
  <nd ref="1538079318"/>
  <tag k="landuse" v="grass"/>
 </way>
 <way id="140377968" visible="true" version="1" changeset="10072720" timestamp="2011-12-09T12:31:58Z" user="ilrobi" uid="22110">
  <nd ref="1538079299"/>
  <nd ref="1538079301"/>
  <nd ref="1538079303"/>
  <nd ref="1538079306"/>
  <nd ref="1538079314"/>
  <nd ref="1538079312"/>
  <nd ref="1538079310"/>
  <nd ref="1538079308"/>
  <nd ref="1538079299"/>
  <tag k="building" v="yes"/>
 </way>
 <way id="140377969" visible="true" version="4" changeset="78210801" timestamp="2019-12-10T13:57:17Z" user="OwN3d" uid="10365300">
  <nd ref="5118500487"/>
  <nd ref="5118500490"/>
  <nd ref="1538079297"/>
  <nd ref="5118500491"/>
  <nd ref="5118500487"/>
  <tag k="building" v="pavilion"/>
  <tag k="name" v="Asociazione Ente Sport PopolareCagnola"/>
 </way>
 <way id="142505577" visible="true" version="2" changeset="74757133" timestamp="2019-09-21T19:08:14Z" user="Alecs01" uid="1476146">
  <nd ref="1559517023"/>
  <nd ref="1559517055"/>
  <nd ref="1559517045"/>
  <nd ref="1559517007"/>
  <nd ref="1559517023"/>
 </way>
 <way id="142505578" visible="true" version="2" changeset="74757133" timestamp="2019-09-21T19:08:14Z" user="Alecs01" uid="1476146">
  <nd ref="6814486798"/>
  <nd ref="1559516832"/>
  <nd ref="1559516806"/>
  <nd ref="1559516856"/>
  <nd ref="1559516836"/>
  <nd ref="1559516862"/>
  <nd ref="1559516863"/>
  <nd ref="1559516942"/>
  <nd ref="1559516938"/>
  <nd ref="1559516949"/>
  <nd ref="1559516963"/>
  <nd ref="1559516991"/>
  <nd ref="6814471149"/>
  <nd ref="6814486798"/>
  <tag k="building" v="apartments"/>
 </way>
 <way id="142505608" visible="true" version="2" changeset="74757133" timestamp="2019-09-21T19:08:14Z" user="Alecs01" uid="1476146">
  <nd ref="1559516736"/>
  <nd ref="6814471148"/>
  <nd ref="1559516714"/>
  <nd ref="1559516675"/>
  <nd ref="1559516624"/>
  <nd ref="1559516659"/>
  <nd ref="1559516692"/>
  <nd ref="1559516746"/>
  <nd ref="1559516795"/>
  <nd ref="1559516806"/>
  <nd ref="1559516782"/>
  <nd ref="1559516760"/>
  <nd ref="1559516750"/>
  <nd ref="1559516766"/>
  <nd ref="1559516736"/>
  <tag k="building" v="commercial"/>
 </way>
 <way id="142693471" visible="true" version="4" changeset="132931417" timestamp="2023-02-23T15:18:27Z" user="aa30mom" uid="13840929">
  <nd ref="1561547081"/>
  <nd ref="1561547073"/>
  <nd ref="1561547070"/>
  <nd ref="10688601899"/>
  <nd ref="1561547077"/>
  <nd ref="1561547091"/>
  <nd ref="1561547089"/>
  <nd ref="1561547085"/>
  <nd ref="1561547079"/>
  <nd ref="1561547099"/>
  <nd ref="1561547111"/>
  <nd ref="1561547106"/>
  <nd ref="1561547109"/>
  <nd ref="1561547117"/>
  <nd ref="1561547121"/>
  <nd ref="1561547119"/>
  <nd ref="1561547124"/>
  <nd ref="6795788421"/>
  <nd ref="1561547113"/>
  <nd ref="1561547115"/>
  <nd ref="1561547093"/>
  <nd ref="1561547087"/>
  <nd ref="1561547096"/>
  <nd ref="1561547081"/>
  <tag k="building" v="yes"/>
 </way>
 <way id="184024890" visible="true" version="5" changeset="115809676" timestamp="2022-01-05T19:13:05Z" user="dega180" uid="454306">
  <nd ref="1944647032"/>
  <nd ref="1481351097"/>
  <nd ref="9395166541"/>
  <nd ref="2079502888"/>
  <nd ref="256037860"/>
  <tag k="cycling_width" v="mean"/>
  <tag k="highway" v="residential"/>
  <tag k="loc_ref" v="7383_1135"/>
  <tag k="name" v="Via privata Battista de Rolandi"/>
 </way>
 <way id="187013765" visible="true" version="6" changeset="150432918" timestamp="2024-04-24T08:55:04Z" user="Ysogo" uid="6220204">
  <nd ref="1977699916"/>
  <nd ref="2790460485"/>
  <nd ref="2790460489"/>
  <nd ref="2790460491"/>
  <nd ref="1977699917"/>
  <tag k="highway" v="residential"/>
  <tag k="loc_ref" v="7276_35222"/>
  <tag k="name" v="Via Cesare Ajraghi"/>
  <tag k="name:etymology:wikidata" v="Q3665319"/>
  <tag k="oneway" v="yes"/>
  <tag k="surface" v="asphalt"/>
 </way>
 <way id="237359990" visible="true" version="4" changeset="74481056" timestamp="2019-09-14T18:14:10Z" user="Alecs01" uid="1476146">
  <nd ref="6795771519"/>
  <nd ref="2632241866"/>
  <nd ref="2632241858"/>
  <nd ref="2632241860"/>
  <nd ref="2632241868"/>
  <nd ref="2632241867"/>
  <nd ref="2632241869"/>
  <nd ref="3564127533"/>
  <nd ref="3564127593"/>
  <nd ref="3564127534"/>
  <nd ref="2452694226"/>
  <nd ref="2632241871"/>
  <nd ref="2632241870"/>
  <nd ref="2452694227"/>
  <nd ref="3564127535"/>
  <nd ref="2452694228"/>
  <nd ref="6795771519"/>
  <tag k="building" v="apartments"/>
 </way>
 <way id="237359991" visible="true" version="2" changeset="31641694" timestamp="2015-06-01T18:26:00Z" user="Alecs01" uid="1476146">
  <nd ref="2452694230"/>
  <nd ref="3564127533"/>
  <tag k="access" v="private"/>
  <tag k="highway" v="footway"/>
 </way>
 <way id="237359992" visible="true" version="1" changeset="17765442" timestamp="2013-09-10T11:27:53Z" user="rugamarcus" uid="95387">
  <nd ref="2452694232"/>
  <nd ref="2452694233"/>
  <nd ref="2452694230"/>
  <nd ref="2452694234"/>
  <nd ref="2452694232"/>
  <tag k="access" v="private"/>
  <tag k="highway" v="pedestrian"/>
 </way>
 <way id="242742534" visible="true" version="3" changeset="74481056" timestamp="2019-09-14T17:59:51Z" user="Alecs01" uid="1476146">
  <nd ref="2501938698"/>
  <nd ref="2501938700"/>
  <nd ref="2501938702"/>
  <nd ref="2501938704"/>
  <nd ref="2501938690"/>
  <nd ref="2501938698"/>
  <tag k="building" v="apartments"/>
 </way>
 <way id="242743003" visible="true" version="2" changeset="31641694" timestamp="2015-06-01T18:25:59Z" user="Alecs01" uid="1476146">
  <nd ref="2501943782"/>
  <nd ref="2501943783"/>
  <nd ref="2501943786"/>
  <nd ref="2501943784"/>
  <nd ref="2501943785"/>
  <nd ref="2501943782"/>
  <tag k="building" v="apartments"/>
 </way>
 <way id="242743005" visible="true" version="3" changeset="37063386" timestamp="2016-02-07T18:53:54Z" user="Alecs01" uid="1476146">
  <nd ref="2501943786"/>
  <nd ref="2501943787"/>
  <nd ref="3564127529"/>
  <nd ref="2501943788"/>
  <nd ref="2501943789"/>
  <nd ref="2501943784"/>
  <nd ref="2501943786"/>
  <tag k="building" v="apartments"/>
 </way>
 <way id="242743007" visible="true" version="2" changeset="74481056" timestamp="2019-09-14T18:14:10Z" user="Alecs01" uid="1476146">
  <nd ref="2501943790"/>
  <nd ref="2501943791"/>
  <nd ref="2501943792"/>
  <nd ref="2501943793"/>
  <nd ref="2501943790"/>
  <tag k="building" v="apartments"/>
 </way>
 <way id="248057421" visible="true" version="4" changeset="166094417" timestamp="2025-05-11T06:42:03Z" user="Yiyi (itwikipedia)" uid="1404750">
  <nd ref="255506957"/>
  <nd ref="2549041318"/>
  <nd ref="256037205"/>
  <tag k="cycling_width" v="mean"/>
  <tag k="highway" v="residential"/>
  <tag k="lit" v="yes"/>
  <tag k="loc_ref" v="7276_12554"/>
  <tag k="name" v="Via Cesare Ajraghi"/>
  <tag k="name:etymology:wikidata" v="Q3665319"/>
 </way>
 <way id="257750806" visible="true" version="2" changeset="33570031" timestamp="2015-08-25T12:46:42Z" user="adirricor" uid="245439">
  <nd ref="2632234517"/>
  <nd ref="2632234516"/>
  <nd ref="2632234514"/>
  <nd ref="2632234513"/>
  <nd ref="2632234517"/>
  <tag k="building" v="yes"/>
 </way>
 <way id="257751476" visible="true" version="1" changeset="20140349" timestamp="2014-01-22T12:27:25Z" user="ilrobi" uid="22110">
  <nd ref="2632241912"/>
  <nd ref="2632241904"/>
  <nd ref="2632241911"/>
  <nd ref="2632241906"/>
  <nd ref="2632241903"/>
  <nd ref="2632241896"/>
  <nd ref="2632241900"/>
  <nd ref="2632241901"/>
  <nd ref="2632241907"/>
  <nd ref="2632241920"/>
  <nd ref="2632241916"/>
  <nd ref="2632241925"/>
  <nd ref="2632241912"/>
  <tag k="building" v="yes"/>
 </way>
 <way id="257751478" visible="true" version="4" changeset="74757133" timestamp="2019-09-21T19:08:14Z" user="Alecs01" uid="1476146">
  <nd ref="4936121964"/>
  <nd ref="2632241872"/>
  <nd ref="2632241876"/>
  <nd ref="6814486792"/>
  <nd ref="2632241880"/>
  <nd ref="2632241885"/>
  <nd ref="2632241886"/>
  <nd ref="2632241882"/>
  <nd ref="6795788459"/>
  <nd ref="4936121964"/>
  <tag k="building" v="apartments"/>
 </way>
 <way id="257751480" visible="true" version="1" changeset="20140349" timestamp="2014-01-22T12:27:25Z" user="ilrobi" uid="22110">
  <nd ref="2632241881"/>
  <nd ref="2632241873"/>
  <nd ref="2632241878"/>
  <nd ref="2632241888"/>
  <nd ref="2632241881"/>
  <tag k="building" v="yes"/>
 </way>
 <way id="257751482" visible="true" version="1" changeset="20140349" timestamp="2014-01-22T12:27:26Z" user="ilrobi" uid="22110">
  <nd ref="2632241905"/>
  <nd ref="2632241909"/>
  <nd ref="2632241897"/>
  <nd ref="2632241890"/>
  <nd ref="2632241905"/>
  <tag k="building" v="house"/>
 </way>
 <way id="257751484" visible="true" version="2" changeset="74757133" timestamp="2019-09-21T19:08:14Z" user="Alecs01" uid="1476146">
  <nd ref="2632241926"/>
  <nd ref="2632241924"/>
  <nd ref="6814486816"/>
  <nd ref="2632241923"/>
  <nd ref="2632241922"/>
  <nd ref="2632241917"/>
  <nd ref="2632241918"/>
  <nd ref="2632241915"/>
  <nd ref="2632241921"/>
  <nd ref="2632241926"/>
  <tag k="building" v="house"/>
 </way>
 <way id="257751485" visible="true" version="1" changeset="20140349" timestamp="2014-01-22T12:27:26Z" user="ilrobi" uid="22110">
  <nd ref="2632241933"/>
  <nd ref="2632241935"/>
  <nd ref="2632241934"/>
  <nd ref="2632241932"/>
  <nd ref="2632241931"/>
  <nd ref="2632241929"/>
  <nd ref="2632241928"/>
  <nd ref="2632241927"/>
  <nd ref="2632241930"/>
  <nd ref="2632241933"/>
  <tag k="building" v="house"/>
 </way>
 <way id="257751487" visible="true" version="1" changeset="20140349" timestamp="2014-01-22T12:27:26Z" user="ilrobi" uid="22110">
  <nd ref="1263425960"/>
  <nd ref="2632241914"/>
  <nd ref="2632241910"/>
  <tag k="barrier" v="wall"/>
 </way>
 <way id="260431552" visible="true" version="10" changeset="167384732" timestamp="2025-06-09T08:45:51Z" user="Svetlaya Lana" uid="22867320">
  <nd ref="255506956"/>
  <nd ref="1538079295"/>
  <nd ref="10223211056"/>
  <nd ref="256033469"/>
  <tag k="cycleway:left" v="track"/>
  <tag k="cycling_width" v="mean"/>
  <tag k="highway" v="unclassified"/>
  <tag k="lanes" v="2"/>
  <tag k="lit" v="yes"/>
  <tag k="loc_ref" v="7290_12515"/>
  <tag k="name" v="Via Varesina"/>
  <tag k="sidewalk" v="both"/>
  <tag k="surface" v="asphalt"/>
 </way>
 <way id="260449724" visible="true" version="3" changeset="131802778" timestamp="2023-01-28T10:46:45Z" user="f_gonella" uid="8716397">
  <nd ref="2659364693"/>
  <nd ref="10588696658"/>
  <nd ref="2659364695"/>
  <nd ref="2659364698"/>
  <nd ref="10588696657"/>
  <nd ref="2659364699"/>
  <tag k="highway" v="service"/>
  <tag k="loc_ref" v="no"/>
  <tag k="service" v="drive-through"/>
 </way>
 <way id="260449725" visible="true" version="1" changeset="20429417" timestamp="2014-02-07T12:52:30Z" user="adirricor" uid="245439">
  <nd ref="2659364691"/>
  <nd ref="2659364696"/>
  <nd ref="2659364697"/>
  <nd ref="2659364694"/>
  <nd ref="2659364691"/>
  <tag k="building" v="roof"/>
 </way>
 <way id="274289364" visible="true" version="5" changeset="150432918" timestamp="2024-04-24T08:55:04Z" user="Ysogo" uid="6220204">
  <nd ref="1977699916"/>
  <nd ref="3713545177"/>
  <nd ref="3713545154"/>
  <nd ref="255506957"/>
  <tag k="highway" v="residential"/>
  <tag k="loc_ref" v="7276_35219"/>
  <tag k="name" v="Via Cesare Ajraghi"/>
  <tag k="name:etymology:wikidata" v="Q3665319"/>
  <tag k="oneway" v="yes"/>
  <tag k="surface" v="asphalt"/>
 </way>
 <way id="274289366" visible="true" version="5" changeset="150432918" timestamp="2024-04-24T08:55:04Z" user="Ysogo" uid="6220204">
  <nd ref="256035589"/>
  <nd ref="1977699917"/>
  <tag k="cycling_width" v="mean"/>
  <tag k="highway" v="residential"/>
  <tag k="loc_ref" v="7276_35221"/>
  <tag k="name" v="Via Cesare Ajraghi"/>
  <tag k="name:etymology:wikidata" v="Q3665319"/>
  <tag k="surface" v="asphalt"/>
 </way>
 <way id="274289368" visible="true" version="4" changeset="150432918" timestamp="2024-04-24T08:55:04Z" user="Ysogo" uid="6220204">
  <nd ref="255506957"/>
  <nd ref="1977699917"/>
  <tag k="cycling_width" v="mean"/>
  <tag k="highway" v="residential"/>
  <tag k="loc_ref" v="7276_35220"/>
  <tag k="name" v="Via Cesare Ajraghi"/>
  <tag k="name:etymology:wikidata" v="Q3665319"/>
  <tag k="surface" v="asphalt"/>
 </way>
 <way id="274289381" visible="true" version="5" changeset="144925820" timestamp="2023-12-09T07:27:54Z" user="bbgg" uid="4126696">
  <nd ref="1944647027"/>
  <nd ref="1481351098"/>
  <nd ref="1500602003"/>
  <nd ref="1500362315"/>
  <nd ref="3646646652"/>
  <tag k="cycling_width" v="mean"/>
  <tag k="highway" v="residential"/>
  <tag k="loc_ref" v="7381_212"/>
  <tag k="maxspeed" v="50"/>
  <tag k="name" v="Via Marcantonio dal Re"/>
  <tag k="oneway" v="yes"/>
 </way>
 <way id="274289386" visible="true" version="6" changeset="142927331" timestamp="2023-10-21T14:33:30Z" user="marco_camagni" uid="1965370">
  <nd ref="256029974"/>
  <nd ref="2887448443"/>
  <nd ref="5118464285"/>
  <nd ref="10072878287"/>
  <nd ref="256031085"/>
  <tag k="cycling_width" v="narrow"/>
  <tag k="highway" v="residential"/>
  <tag k="loc_ref" v="7291_55991;7291_55992"/>
  <tag k="name" v="Via Privata Chiari"/>
  <tag k="oneway" v="yes"/>
 </way>
 <way id="274289389" visible="true" version="6" changeset="151666825" timestamp="2024-05-22T09:59:09Z" user="nu99et" uid="20905165">
  <nd ref="256029976"/>
  <nd ref="256031085"/>
  <tag k="cycleway:both" v="no"/>
  <tag k="cycling_width" v="narrow"/>
  <tag k="highway" v="residential"/>
  <tag k="lane_markings" v="no"/>
  <tag k="lit" v="yes"/>
  <tag k="loc_ref" v="7291_2064"/>
  <tag k="name" v="Via Privata Chiari"/>
  <tag k="sidewalk:both" v="separate"/>
  <tag k="surface" v="asphalt"/>
 </way>
 <way id="274289398" visible="true" version="7" changeset="155837520" timestamp="2024-08-27T15:23:16Z" user="sNappy_ml" uid="10521220">
  <nd ref="256031729"/>
  <nd ref="7294905810"/>
  <nd ref="2659364693"/>
  <nd ref="255507980"/>
  <tag k="cycleway:left" v="track"/>
  <tag k="cycling_width" v="mean"/>
  <tag k="highway" v="unclassified"/>
  <tag k="lanes" v="2"/>
  <tag k="lit" v="yes"/>
  <tag k="loc_ref" v="7290_12513"/>
  <tag k="name" v="Via Varesina"/>
  <tag k="surface" v="asphalt"/>
 </way>
 <way id="274289400" visible="true" version="7" changeset="155837520" timestamp="2024-08-27T15:23:04Z" user="sNappy_ml" uid="10521220">
  <nd ref="255507765"/>
  <nd ref="10058410815"/>
  <nd ref="1538079285"/>
  <nd ref="255506956"/>
  <tag k="cycleway:left" v="track"/>
  <tag k="cycling_width" v="mean"/>
  <tag k="highway" v="unclassified"/>
  <tag k="lanes" v="2"/>
  <tag k="lit" v="yes"/>
  <tag k="loc_ref" v="7290_12516"/>
  <tag k="name" v="Via Varesina"/>
  <tag k="surface" v="asphalt"/>
 </way>
 <way id="274289407" visible="true" version="8" changeset="155837520" timestamp="2024-08-27T15:23:09Z" user="sNappy_ml" uid="10521220">
  <nd ref="255507980"/>
  <nd ref="1500362316"/>
  <nd ref="2659364699"/>
  <nd ref="10223211055"/>
  <nd ref="10929400111"/>
  <nd ref="1500373148"/>
  <nd ref="255507765"/>
  <tag k="cycleway:left" v="track"/>
  <tag k="cycling_width" v="mean"/>
  <tag k="highway" v="unclassified"/>
  <tag k="lanes" v="2"/>
  <tag k="lit" v="yes"/>
  <tag k="loc_ref" v="7290_12514"/>
  <tag k="name" v="Via Varesina"/>
  <tag k="surface" v="asphalt"/>
 </way>
 <way id="285561950" visible="true" version="3" changeset="37063386" timestamp="2016-02-07T18:53:57Z" user="Alecs01" uid="1476146">
  <nd ref="2892233194"/>
  <nd ref="2892233195"/>
  <nd ref="2892233196"/>
  <nd ref="2892233197"/>
  <nd ref="2892233198"/>
  <nd ref="2892233199"/>
  <nd ref="2892665506"/>
  <nd ref="2892665505"/>
  <nd ref="2892233194"/>
  <tag k="building" v="residential"/>
 </way>
 <way id="285561951" visible="true" version="3" changeset="62429022" timestamp="2018-09-09T16:47:15Z" user="Alecs01" uid="1476146">
  <nd ref="2892233200"/>
  <nd ref="2892233601"/>
  <nd ref="1500362214"/>
  <nd ref="2892233602"/>
  <nd ref="2892233200"/>
  <tag k="building" v="apartments"/>
  <tag k="building:levels" v="5"/>
 </way>
 <way id="285598855" visible="true" version="3" changeset="62429022" timestamp="2018-09-09T16:47:15Z" user="Alecs01" uid="1476146">
  <nd ref="2892634852"/>
  <nd ref="2892634853"/>
  <nd ref="2892634854"/>
  <nd ref="2892233195"/>
  <nd ref="2892233194"/>
  <nd ref="2892634855"/>
  <nd ref="2892634856"/>
  <nd ref="2892634857"/>
  <nd ref="2892634858"/>
  <nd ref="2892634852"/>
  <tag k="building" v="commercial"/>
 </way>
 <way id="285599927" visible="true" version="3" changeset="65318789" timestamp="2018-12-09T16:52:28Z" user="Alecs01" uid="1476146">
  <nd ref="2892640753"/>
  <nd ref="6126722471"/>
  <nd ref="2892640754"/>
  <nd ref="2892640755"/>
  <nd ref="2892640756"/>
  <nd ref="2892640757"/>
  <nd ref="2892640760"/>
  <nd ref="2892640758"/>
  <nd ref="2892640753"/>
  <tag k="building" v="apartments"/>
  <tag k="building:levels" v="8"/>
 </way>
 <way id="299880767" visible="true" version="2" changeset="65318789" timestamp="2018-12-09T16:52:28Z" user="Alecs01" uid="1476146">
  <nd ref="3039646138"/>
  <nd ref="6126722455"/>
  <nd ref="3039646139"/>
  <nd ref="3039646137"/>
  <nd ref="3039646136"/>
  <nd ref="3039646138"/>
  <tag k="building" v="apartments"/>
 </way>
 <way id="350653694" visible="true" version="1" changeset="31641694" timestamp="2015-06-01T18:25:51Z" user="Alecs01" uid="1476146">
  <nd ref="3564127593"/>
  <nd ref="3564127530"/>
  <nd ref="3564127532"/>
  <nd ref="3564127534"/>
  <nd ref="3564127593"/>
  <tag k="building" v="apartments"/>
 </way>
 <way id="350653695" visible="true" version="1" changeset="31641694" timestamp="2015-06-01T18:25:52Z" user="Alecs01" uid="1476146">
  <nd ref="3564127529"/>
  <nd ref="3564127531"/>
  <nd ref="3564127134"/>
  <nd ref="3564127132"/>
  <nd ref="2501943788"/>
  <nd ref="3564127529"/>
  <tag k="building" v="industrial"/>
 </way>
 <way id="350653696" visible="true" version="1" changeset="31641694" timestamp="2015-06-01T18:25:53Z" user="Alecs01" uid="1476146">
  <nd ref="3564127533"/>
  <nd ref="3564127535"/>
  <tag k="access" v="private"/>
  <tag k="highway" v="footway"/>
  <tag k="tunnel" v="yes"/>
 </way>
 <way id="350653698" visible="true" version="2" changeset="131803828" timestamp="2023-01-28T11:23:10Z" user="f_gonella" uid="8716397">
  <nd ref="3564127535"/>
  <nd ref="10588748677"/>
  <nd ref="2452694231"/>
  <tag k="access" v="private"/>
  <tag k="highway" v="footway"/>
 </way>
 <way id="360062651" visible="true" version="3" changeset="49052083" timestamp="2017-05-28T18:36:40Z" user="fedc" uid="602784">
  <nd ref="4881975382"/>
  <nd ref="4882015726"/>
  <nd ref="3646646635"/>
  <nd ref="3646646651"/>
  <nd ref="4882015724"/>
  <nd ref="4882015727"/>
  <nd ref="4882015725"/>
  <nd ref="3646646628"/>
  <nd ref="4882015723"/>
  <nd ref="4882015722"/>
  <nd ref="1194128015"/>
  <nd ref="3646646648"/>
  <nd ref="4881975375"/>
  <nd ref="4881975376"/>
  <nd ref="4881975377"/>
  <nd ref="4881975378"/>
  <nd ref="4881975379"/>
  <nd ref="4881975380"/>
  <nd ref="4881975381"/>
  <nd ref="4881975382"/>
  <tag k="landuse" v="grass"/>
 </way>
 <way id="360062836" visible="true" version="2" changeset="131803828" timestamp="2023-01-28T11:23:10Z" user="f_gonella" uid="8716397">
  <nd ref="3646648767"/>
  <nd ref="3646648743"/>
  <nd ref="3646648762"/>
  <nd ref="3646648756"/>
  <nd ref="3646648760"/>
  <nd ref="10588748676"/>
  <nd ref="3646648745"/>
  <tag k="access" v="private"/>
  <tag k="highway" v="service"/>
  <tag k="oneway" v="no"/>
  <tag k="service" v="parking_aisle"/>
 </way>
 <way id="360062837" visible="true" version="3" changeset="74757133" timestamp="2019-09-21T19:08:14Z" user="Alecs01" uid="1476146">
  <nd ref="3646648759"/>
  <nd ref="3646648758"/>
  <nd ref="3646648765"/>
  <nd ref="3646648742"/>
  <nd ref="6814486796"/>
  <nd ref="2632241876"/>
  <nd ref="2632241872"/>
  <nd ref="3646648754"/>
  <nd ref="3646648757"/>
  <nd ref="3646648748"/>
  <nd ref="3646648741"/>
  <nd ref="3646648746"/>
  <nd ref="3646648764"/>
  <nd ref="3646648749"/>
  <nd ref="3646648759"/>
  <tag k="building" v="yes"/>
 </way>
 <way id="360062838" visible="true" version="1" changeset="32569671" timestamp="2015-07-11T19:41:34Z" user="rugamarcus" uid="95387">
  <nd ref="3646648751"/>
  <nd ref="3646648750"/>
  <nd ref="3646648761"/>
  <nd ref="3646648763"/>
  <nd ref="3646648768"/>
  <nd ref="3646648744"/>
  <nd ref="3646648760"/>
  <tag k="access" v="private"/>
  <tag k="highway" v="footway"/>
 </way>
 <way id="367429541" visible="true" version="13" changeset="147215228" timestamp="2024-02-08T12:15:07Z" user="marco_camagni" uid="1965370">
  <nd ref="10058275229"/>
  <nd ref="7294905827"/>
  <nd ref="10058275228"/>
  <nd ref="10058275227"/>
  <nd ref="10058275226"/>
  <nd ref="10058275225"/>
  <nd ref="10072878283"/>
  <nd ref="10072878286"/>
  <nd ref="10072878293"/>
  <nd ref="256227375"/>
  <nd ref="10072878296"/>
  <nd ref="11598084968"/>
  <nd ref="1538079316"/>
  <nd ref="10058407994"/>
  <nd ref="5948896900"/>
  <nd ref="256233079"/>
  <nd ref="256233078"/>
  <nd ref="7294905795"/>
  <nd ref="7294905798"/>
  <nd ref="8192145805"/>
  <nd ref="8192145803"/>
  <nd ref="10588748668"/>
  <nd ref="10072469977"/>
  <tag k="footway" v="sidewalk"/>
  <tag k="highway" v="footway"/>
  <tag k="lit" v="yes"/>
  <tag k="surface" v="asphalt"/>
 </way>
 <way id="367429544" visible="true" version="3" changeset="95251646" timestamp="2020-12-03T22:36:11Z" user="rugamarcus" uid="95387">
  <nd ref="256233080"/>
  <nd ref="3713545182"/>
  <tag k="foot" v="yes"/>
  <tag k="highway" v="footway"/>
 </way>
 <way id="367429547" visible="true" version="1" changeset="33569865" timestamp="2015-08-25T12:39:02Z" user="adirricor" uid="245439">
  <nd ref="3713545189"/>
  <nd ref="3713545160"/>
  <nd ref="3713545138"/>
  <nd ref="3713545158"/>
  <nd ref="3713545189"/>
  <tag k="building" v="yes"/>
  <tag k="source" v="Bing"/>
 </way>
 <way id="367429548" visible="true" version="2" changeset="49009951" timestamp="2017-05-26T19:07:22Z" user="fedc" uid="602784">
  <nd ref="3713545172"/>
  <nd ref="3713545164"/>
  <nd ref="3713545155"/>
  <nd ref="3713545184"/>
  <nd ref="3713545191"/>
  <nd ref="4879065430"/>
  <nd ref="4879065429"/>
  <nd ref="3713545130"/>
  <nd ref="3713545172"/>
  <tag k="building" v="yes"/>
  <tag k="source" v="Bing"/>
 </way>
 <way id="367431142" visible="true" version="2" changeset="161585952" timestamp="2025-01-21T04:37:44Z" user="Saint_Vincent" uid="14728764">
  <nd ref="6795788428"/>
  <nd ref="3713558274"/>
  <nd ref="3713558270"/>
  <nd ref="3713558275"/>
  <nd ref="3713558260"/>
  <nd ref="3713558271"/>
  <nd ref="6795788428"/>
  <tag k="building" v="yes"/>
 </way>
 <way id="433769916" visible="true" version="1" changeset="41052494" timestamp="2016-07-27T03:56:13Z" user="fedc" uid="602784">
  <nd ref="1195330217"/>
  <nd ref="1195330172"/>
  <tag k="barrier" v="fence"/>
 </way>
 <way id="433771057" visible="true" version="1" changeset="41052719" timestamp="2016-07-27T04:21:46Z" user="fedc" uid="602784">
  <nd ref="4322669762"/>
  <nd ref="1195330119"/>
  <nd ref="1195330199"/>
  <tag k="barrier" v="fence"/>
 </way>
 <way id="496187708" visible="true" version="1" changeset="49009951" timestamp="2017-05-26T19:07:21Z" user="fedc" uid="602784">
  <nd ref="4879065423"/>
  <nd ref="4879065425"/>
  <nd ref="4879065426"/>
  <nd ref="4879065427"/>
  <nd ref="4879065423"/>
  <tag k="building" v="yes"/>
 </way>
 <way id="496187709" visible="true" version="1" changeset="49009951" timestamp="2017-05-26T19:07:21Z" user="fedc" uid="602784">
  <nd ref="4879065426"/>
  <nd ref="4879065431"/>
  <nd ref="4879065428"/>
  <nd ref="4879065429"/>
  <nd ref="4879065430"/>
  <nd ref="4879065426"/>
  <tag k="building" v="yes"/>
 </way>
 <way id="496187724" visible="true" version="4" changeset="74757133" timestamp="2019-09-21T19:12:43Z" user="Alecs01" uid="1476146">
  <nd ref="3713558269"/>
  <nd ref="4879065476"/>
  <nd ref="3713558263"/>
  <nd ref="1538079365"/>
  <nd ref="1538079399"/>
  <nd ref="6814460478"/>
  <nd ref="1538079462"/>
  <nd ref="1538079508"/>
  <nd ref="1538079558"/>
  <nd ref="4879070038"/>
  <nd ref="4879070044"/>
  <nd ref="1538079587"/>
  <nd ref="4879070032"/>
  <nd ref="1538079628"/>
  <nd ref="3713558267"/>
  <nd ref="3713558264"/>
  <nd ref="3713558261"/>
  <nd ref="3713558262"/>
  <nd ref="4879065478"/>
  <nd ref="4879065477"/>
  <nd ref="3713558269"/>
  <tag k="disused:amenity" v="school"/>
  <tag k="name" v="Ex Scuola media Colombo"/>
 </way>
 <way id="496191484" visible="true" version="13" changeset="117850944" timestamp="2022-02-25T14:14:46Z" user="Balaabirami" uid="8350372">
  <nd ref="4879068936"/>
  <nd ref="4881975371"/>
  <nd ref="5939850062"/>
  <nd ref="7263909587"/>
  <nd ref="4576037628"/>
  <nd ref="6111077910"/>
  <nd ref="6111077908"/>
  <nd ref="5118511676"/>
  <nd ref="5948896938"/>
  <nd ref="4576006129"/>
  <nd ref="4576006128"/>
  <nd ref="5948896924"/>
  <nd ref="4884006553"/>
  <nd ref="4080219714"/>
  <nd ref="4884006555"/>
  <nd ref="4884006554"/>
  <nd ref="4883981567"/>
  <nd ref="4883981568"/>
  <nd ref="4883981569"/>
  <nd ref="4883981570"/>
  <nd ref="4883981571"/>
  <nd ref="4883981572"/>
  <nd ref="4881975392"/>
  <nd ref="4881975389"/>
  <nd ref="4881975390"/>
  <nd ref="4881975387"/>
  <nd ref="4881975388"/>
  <nd ref="4881975386"/>
  <nd ref="4881975385"/>
  <nd ref="5955578187"/>
  <nd ref="4881975384"/>
  <nd ref="5955578197"/>
  <nd ref="4881975383"/>
  <nd ref="4881975382"/>
  <nd ref="4881975381"/>
  <nd ref="4881975380"/>
  <nd ref="4881975379"/>
  <nd ref="4881975378"/>
  <nd ref="4881975377"/>
  <nd ref="4881975376"/>
  <nd ref="4881975375"/>
  <nd ref="4881975374"/>
  <nd ref="4881975373"/>
  <nd ref="4879068939"/>
  <nd ref="4879068968"/>
  <nd ref="4879068953"/>
  <nd ref="4881963658"/>
  <nd ref="4881963657"/>
  <nd ref="6721504884"/>
  <nd ref="6721504883"/>
  <nd ref="4881963656"/>
  <nd ref="4881963655"/>
  <nd ref="6721504878"/>
  <nd ref="4881963654"/>
  <nd ref="4881963652"/>
  <nd ref="4881963651"/>
  <nd ref="4879068946"/>
  <nd ref="4879068940"/>
  <nd ref="4879068945"/>
  <nd ref="4879068944"/>
  <nd ref="4879068943"/>
  <nd ref="4879068942"/>
  <nd ref="4879068941"/>
  <nd ref="4879068936"/>
 </way>
 <way id="496192512" visible="true" version="1" changeset="49010712" timestamp="2017-05-26T19:39:02Z" user="fedc" uid="602784">
  <nd ref="4879101676"/>
  <nd ref="4879101675"/>
  <nd ref="4879101674"/>
  <nd ref="4879101673"/>
  <nd ref="4879101672"/>
  <nd ref="4879101671"/>
  <nd ref="4879101670"/>
  <nd ref="4879101677"/>
  <nd ref="4879101676"/>
  <tag k="leisure" v="park"/>
 </way>
 <way id="496498899" visible="true" version="6" changeset="145841877" timestamp="2024-01-03T14:24:32Z" user="aa30mom" uid="13840929">
  <nd ref="5118464270"/>
  <nd ref="1194127985"/>
  <nd ref="1194127955"/>
  <nd ref="1194127971"/>
  <nd ref="1194127942"/>
  <nd ref="1194127943"/>
  <nd ref="1194127975"/>
  <nd ref="1194128075"/>
  <nd ref="1194128045"/>
  <nd ref="5118486702"/>
  <nd ref="4882015509"/>
  <nd ref="4882015516"/>
  <nd ref="4882015519"/>
  <nd ref="4882015520"/>
  <nd ref="1261903307"/>
  <nd ref="11482821945"/>
  <nd ref="1261903305"/>
  <nd ref="1261903312"/>
  <nd ref="4882015721"/>
  <nd ref="4882015517"/>
  <nd ref="5118464270"/>
  <tag k="amenity" v="kindergarten"/>
  <tag k="name" v="Scuola dell'infanzia comunale Varesina"/>
 </way>
 <way id="496498900" visible="true" version="2" changeset="63210203" timestamp="2018-10-04T21:07:12Z" user="Cerrotorre1974" uid="576807">
  <nd ref="4881975374"/>
  <nd ref="5955578198"/>
  <nd ref="4881975382"/>
  <nd ref="4881975381"/>
  <nd ref="4881975380"/>
  <nd ref="4881975379"/>
  <nd ref="4881975378"/>
  <nd ref="4881975377"/>
  <nd ref="4881975376"/>
  <nd ref="4881975375"/>
  <nd ref="4881975374"/>
  <tag k="landuse" v="retail"/>
 </way>
 <way id="496750339" visible="true" version="2" changeset="131802778" timestamp="2023-01-28T10:46:45Z" user="f_gonella" uid="8716397">
  <nd ref="256037205"/>
  <nd ref="2549041318"/>
  <nd ref="255506957"/>
  <nd ref="1977699917"/>
  <nd ref="256035589"/>
  <tag k="boundary" v="civil"/>
 </way>
 <way id="503270155" visible="true" version="3" changeset="127247893" timestamp="2022-10-09T13:15:03Z" user="Emanuele Lorenzo Corti" uid="10893865">
  <nd ref="4936121938"/>
  <nd ref="4936121939"/>
  <nd ref="4936121940"/>
  <nd ref="4936121941"/>
  <nd ref="4936121942"/>
  <nd ref="4936121943"/>
  <nd ref="6324304073"/>
  <nd ref="4936121944"/>
  <nd ref="10086938200"/>
  <nd ref="4936121945"/>
  <nd ref="4936121958"/>
  <nd ref="4936121938"/>
  <tag k="landuse" v="residential"/>
 </way>
 <way id="503270159" visible="true" version="2" changeset="65318789" timestamp="2018-12-09T16:52:28Z" user="Alecs01" uid="1476146">
  <nd ref="4936121965"/>
  <nd ref="4936121966"/>
  <nd ref="4936121967"/>
  <nd ref="4936121968"/>
  <nd ref="4936121969"/>
  <nd ref="4936121970"/>
  <nd ref="4936121971"/>
  <nd ref="4936121972"/>
  <nd ref="6126722457"/>
  <nd ref="4936121965"/>
  <tag k="building" v="retail"/>
 </way>
 <way id="503270161" visible="true" version="1" changeset="49822857" timestamp="2017-06-25T20:58:42Z" user="fedc" uid="602784">
  <nd ref="4936121967"/>
  <nd ref="4936121973"/>
  <nd ref="4936121974"/>
  <nd ref="4936121975"/>
  <nd ref="4936121976"/>
  <nd ref="4936121969"/>
  <nd ref="4936121968"/>
  <nd ref="4936121967"/>
  <tag k="building" v="yes"/>
 </way>
 <way id="526318370" visible="true" version="1" changeset="52226346" timestamp="2017-09-20T22:31:04Z" user="fedc" uid="602784">
  <nd ref="1194128000"/>
  <nd ref="1194127931"/>
  <tag k="barrier" v="fence"/>
 </way>
 <way id="526318372" visible="true" version="1" changeset="52226346" timestamp="2017-09-20T22:31:04Z" user="fedc" uid="602784">
  <nd ref="1194127942"/>
  <nd ref="1194127943"/>
  <tag k="barrier" v="fence"/>
 </way>
 <way id="526318374" visible="true" version="1" changeset="52226346" timestamp="2017-09-20T22:31:04Z" user="fedc" uid="602784">
  <nd ref="1194127955"/>
  <nd ref="1194127971"/>
  <tag k="barrier" v="fence"/>
 </way>
 <way id="526318375" visible="true" version="1" changeset="52226346" timestamp="2017-09-20T22:31:04Z" user="fedc" uid="602784">
  <nd ref="4882015721"/>
  <nd ref="4882015517"/>
  <nd ref="5118464270"/>
  <nd ref="5118464271"/>
  <nd ref="1194128039"/>
  <tag k="barrier" v="fence"/>
 </way>
 <way id="526318377" visible="true" version="1" changeset="52226346" timestamp="2017-09-20T22:31:04Z" user="fedc" uid="602784">
  <nd ref="5118464270"/>
  <nd ref="1194127985"/>
  <tag k="barrier" v="fence"/>
 </way>
 <way id="526318379" visible="true" version="1" changeset="52226346" timestamp="2017-09-20T22:31:04Z" user="fedc" uid="602784">
  <nd ref="5118464272"/>
  <nd ref="5118464273"/>
  <nd ref="5118464274"/>
  <nd ref="1194128013"/>
  <nd ref="5118464275"/>
  <nd ref="5118464272"/>
  <tag k="building" v="roof"/>
 </way>
 <way id="526318381" visible="true" version="1" changeset="52226346" timestamp="2017-09-20T22:31:04Z" user="fedc" uid="602784">
  <nd ref="5118464272"/>
  <nd ref="5118464269"/>
  <nd ref="5118464266"/>
  <nd ref="5118464267"/>
  <nd ref="5118464268"/>
  <nd ref="1194128019"/>
  <tag k="barrier" v="fence"/>
 </way>
 <way id="526318382" visible="true" version="2" changeset="113464337" timestamp="2021-11-06T23:36:37Z" user="davidoskky" uid="11645399">
  <nd ref="5118464276"/>
  <nd ref="5118464277"/>
  <nd ref="5118464284"/>
  <nd ref="5118464278"/>
  <nd ref="5118464279"/>
  <nd ref="5118464280"/>
  <nd ref="5118464281"/>
  <nd ref="5118464282"/>
  <nd ref="5118464283"/>
  <nd ref="5118464276"/>
  <tag k="access" v="private"/>
  <tag k="amenity" v="parking"/>
  <tag k="layer" v="-1"/>
  <tag k="parking" v="underground"/>
 </way>
 <way id="526318385" visible="true" version="1" changeset="52226346" timestamp="2017-09-20T22:31:04Z" user="fedc" uid="602784">
  <nd ref="5118464288"/>
  <nd ref="5118464287"/>
  <nd ref="5118464286"/>
  <nd ref="5118464284"/>
  <tag k="access" v="private"/>
  <tag k="highway" v="service"/>
  <tag k="layer" v="-1"/>
  <tag k="service" v="parking_aisle"/>
  <tag k="tunnel" v="yes"/>
 </way>
 <way id="526318387" visible="true" version="1" changeset="52226346" timestamp="2017-09-20T22:31:04Z" user="fedc" uid="602784">
  <nd ref="5118464284"/>
  <nd ref="5118464285"/>
  <tag k="access" v="private"/>
  <tag k="highway" v="service"/>
  <tag k="service" v="parking_aisle"/>
 </way>
 <way id="526318395" visible="true" version="1" changeset="52226346" timestamp="2017-09-20T22:31:05Z" user="fedc" uid="602784">
  <nd ref="5118464291"/>
  <nd ref="5118464292"/>
  <tag k="barrier" v="fence"/>
 </way>
 <way id="526318398" visible="true" version="1" changeset="52226346" timestamp="2017-09-20T22:31:05Z" user="fedc" uid="602784">
  <nd ref="1195329920"/>
  <nd ref="5118464293"/>
  <nd ref="1194127924"/>
  <tag k="barrier" v="fence"/>
 </way>
 <way id="526323464" visible="true" version="1" changeset="52227229" timestamp="2017-09-20T22:59:39Z" user="fedc" uid="602784">
  <nd ref="1194127949"/>
  <nd ref="5118500470"/>
  <nd ref="5118500467"/>
  <nd ref="5118500468"/>
  <nd ref="5118500469"/>
  <nd ref="1194127949"/>
  <tag k="building" v="roof"/>
 </way>
 <way id="526323465" visible="true" version="1" changeset="52227229" timestamp="2017-09-20T22:59:39Z" user="fedc" uid="602784">
  <nd ref="5118500467"/>
  <nd ref="1194127958"/>
  <tag k="barrier" v="fence"/>
 </way>
 <way id="526323466" visible="true" version="1" changeset="52227229" timestamp="2017-09-20T22:59:39Z" user="fedc" uid="602784">
  <nd ref="1194127952"/>
  <nd ref="1194128007"/>
  <tag k="barrier" v="fence"/>
 </way>
 <way id="526323467" visible="true" version="1" changeset="52227229" timestamp="2017-09-20T22:59:39Z" user="fedc" uid="602784">
  <nd ref="1194128066"/>
  <nd ref="1194127981"/>
  <tag k="barrier" v="fence"/>
 </way>
 <way id="526323468" visible="true" version="1" changeset="52227229" timestamp="2017-09-20T22:59:39Z" user="fedc" uid="602784">
  <nd ref="2632241894"/>
  <nd ref="5118500471"/>
  <nd ref="1194127974"/>
  <tag k="barrier" v="fence"/>
 </way>
 <way id="526323469" visible="true" version="1" changeset="52227229" timestamp="2017-09-20T22:59:39Z" user="fedc" uid="602784">
  <nd ref="1194127930"/>
  <nd ref="5118500472"/>
  <nd ref="3646646651"/>
  <nd ref="4882015724"/>
  <tag k="barrier" v="fence"/>
 </way>
 <way id="526323470" visible="true" version="1" changeset="52227229" timestamp="2017-09-20T22:59:39Z" user="fedc" uid="602784">
  <nd ref="5118500474"/>
  <nd ref="5118500475"/>
  <tag k="barrier" v="fence"/>
 </way>
 <way id="526323471" visible="true" version="1" changeset="52227229" timestamp="2017-09-20T22:59:39Z" user="fedc" uid="602784">
  <nd ref="5118500473"/>
  <nd ref="5118500476"/>
  <tag k="barrier" v="fence"/>
 </way>
 <way id="526323472" visible="true" version="1" changeset="52227229" timestamp="2017-09-20T22:59:39Z" user="fedc" uid="602784">
  <nd ref="5118500477"/>
  <nd ref="5118500478"/>
  <nd ref="5118500479"/>
  <nd ref="5118500480"/>
  <nd ref="1194128065"/>
  <nd ref="5118500477"/>
  <tag k="building" v="roof"/>
 </way>
 <way id="526323473" visible="true" version="1" changeset="52227229" timestamp="2017-09-20T22:59:39Z" user="fedc" uid="602784">
  <nd ref="5118500479"/>
  <nd ref="1194127928"/>
  <tag k="barrier" v="fence"/>
 </way>
 <way id="526323474" visible="true" version="1" changeset="52227229" timestamp="2017-09-20T22:59:39Z" user="fedc" uid="602784">
  <nd ref="1195330601"/>
  <nd ref="5118500481"/>
  <nd ref="3713545188"/>
  <nd ref="1195330466"/>
  <nd ref="1195330101"/>
  <nd ref="1195330601"/>
  <tag k="building" v="yes"/>
 </way>
 <way id="526323475" visible="true" version="1" changeset="52227229" timestamp="2017-09-20T22:59:39Z" user="fedc" uid="602784">
  <nd ref="1194128015"/>
  <nd ref="4882015722"/>
  <tag k="barrier" v="fence"/>
 </way>
 <way id="526323476" visible="true" version="1" changeset="52227229" timestamp="2017-09-20T22:59:39Z" user="fedc" uid="602784">
  <nd ref="4882015723"/>
  <nd ref="3646646628"/>
  <tag k="barrier" v="fence"/>
 </way>
 <way id="526323477" visible="true" version="1" changeset="52227229" timestamp="2017-09-20T22:59:40Z" user="fedc" uid="602784">
  <nd ref="4882015725"/>
  <nd ref="4882015727"/>
  <tag k="barrier" v="fence"/>
 </way>
 <way id="526323479" visible="true" version="1" changeset="52227229" timestamp="2017-09-20T22:59:40Z" user="fedc" uid="602784">
  <nd ref="1194128044"/>
  <nd ref="5118500484"/>
  <nd ref="5118500483"/>
  <nd ref="1194127945"/>
  <tag k="barrier" v="fence"/>
 </way>
 <way id="526323480" visible="true" version="1" changeset="52227229" timestamp="2017-09-20T22:59:40Z" user="fedc" uid="602784">
  <nd ref="5118500488"/>
  <nd ref="5118500489"/>
  <nd ref="5118500486"/>
  <nd ref="5118500487"/>
  <nd ref="5118500490"/>
  <nd ref="5118500488"/>
  <tag k="building" v="yes"/>
 </way>
 <way id="526323481" visible="true" version="1" changeset="52227229" timestamp="2017-09-20T22:59:40Z" user="fedc" uid="602784">
  <nd ref="5118500492"/>
  <nd ref="5118500493"/>
  <nd ref="5118500494"/>
  <nd ref="5118500495"/>
  <nd ref="5118500496"/>
  <nd ref="5118500488"/>
  <nd ref="5118500490"/>
  <nd ref="1538079297"/>
  <nd ref="5118500491"/>
  <nd ref="5118500497"/>
  <nd ref="5118500492"/>
  <tag k="building" v="roof"/>
 </way>
 <way id="526323482" visible="true" version="3" changeset="112867082" timestamp="2021-10-23T09:28:02Z" user="Alecs01" uid="1476146">
  <nd ref="5118500489"/>
  <nd ref="5118500499"/>
  <nd ref="5118500502"/>
  <nd ref="5118500498"/>
  <tag k="barrier" v="wall"/>
 </way>
 <way id="526323484" visible="true" version="1" changeset="52227229" timestamp="2017-09-20T22:59:40Z" user="fedc" uid="602784">
  <nd ref="5118500498"/>
  <nd ref="5118500504"/>
  <nd ref="5118500485"/>
  <nd ref="5118500486"/>
  <tag k="barrier" v="fence"/>
 </way>
 <way id="526323486" visible="true" version="1" changeset="52227229" timestamp="2017-09-20T22:59:40Z" user="fedc" uid="602784">
  <nd ref="5118500481"/>
  <nd ref="5118500500"/>
  <nd ref="5118500482"/>
  <nd ref="1195330404"/>
  <tag k="barrier" v="fence"/>
 </way>
 <way id="526323487" visible="true" version="1" changeset="52227229" timestamp="2017-09-20T22:59:40Z" user="fedc" uid="602784">
  <nd ref="5118500505"/>
  <nd ref="5118500506"/>
  <tag k="barrier" v="fence"/>
 </way>
 <way id="629122185" visible="true" version="5" changeset="126737310" timestamp="2022-09-28T11:50:58Z" user="Balaabirami" uid="8350372">
  <nd ref="10058430389"/>
  <nd ref="5939850131"/>
  <nd ref="2549041318"/>
  <nd ref="10058430387"/>
  <nd ref="5939850132"/>
  <tag k="crossing" v="uncontrolled"/>
  <tag k="footway" v="crossing"/>
  <tag k="highway" v="footway"/>
  <tag k="lit" v="yes"/>
  <tag k="surface" v="asphalt"/>
 </way>
 <way id="629122186" visible="true" version="5" changeset="126737310" timestamp="2022-09-28T11:50:58Z" user="Balaabirami" uid="8350372">
  <nd ref="5939850133"/>
  <nd ref="10058430388"/>
  <nd ref="256034434"/>
  <nd ref="10058430386"/>
  <nd ref="5939850134"/>
  <tag k="crossing" v="uncontrolled"/>
  <tag k="footway" v="crossing"/>
  <tag k="highway" v="footway"/>
  <tag k="lit" v="yes"/>
  <tag k="surface" v="asphalt"/>
 </way>
 <way id="629926409" visible="true" version="2" changeset="63210203" timestamp="2018-10-04T21:07:07Z" user="Cerrotorre1974" uid="576807">
  <nd ref="5948896269"/>
  <nd ref="5948896266"/>
  <nd ref="5948896270"/>
  <nd ref="5948896271"/>
  <nd ref="5948896272"/>
  <nd ref="5948896273"/>
  <nd ref="5948896269"/>
  <tag k="access" v="yes"/>
  <tag k="amenity" v="parking"/>
  <tag k="fee" v="no"/>
  <tag k="parking" v="surface"/>
  <tag k="park_ride" v="no"/>
  <tag k="supervised" v="no"/>
  <tag k="surface" v="asphalt"/>
 </way>
 <way id="629926410" visible="true" version="2" changeset="63210203" timestamp="2018-10-04T21:07:07Z" user="Cerrotorre1974" uid="576807">
  <nd ref="5948896274"/>
  <nd ref="5948896275"/>
  <nd ref="5948896276"/>
  <nd ref="5948896277"/>
  <nd ref="5948896274"/>
  <tag k="access" v="yes"/>
  <tag k="amenity" v="parking"/>
  <tag k="capacity" v="2"/>
  <tag k="fee" v="no"/>
  <tag k="parking" v="surface"/>
  <tag k="park_ride" v="no"/>
  <tag k="supervised" v="no"/>
  <tag k="surface" v="asphalt"/>
 </way>
 <way id="629926411" visible="true" version="2" changeset="63210203" timestamp="2018-10-04T21:07:07Z" user="Cerrotorre1974" uid="576807">
  <nd ref="5948896278"/>
  <nd ref="5948896279"/>
  <nd ref="5948896280"/>
  <nd ref="5948896281"/>
  <nd ref="5948896278"/>
  <tag k="access" v="yes"/>
  <tag k="amenity" v="parking"/>
  <tag k="capacity" v="2"/>
  <tag k="fee" v="no"/>
  <tag k="parking" v="surface"/>
  <tag k="park_ride" v="no"/>
  <tag k="supervised" v="no"/>
  <tag k="surface" v="asphalt"/>
 </way>
 <way id="629926412" visible="true" version="2" changeset="63210203" timestamp="2018-10-04T21:07:07Z" user="Cerrotorre1974" uid="576807">
  <nd ref="5948896282"/>
  <nd ref="5948896283"/>
  <nd ref="5948896284"/>
  <nd ref="5948896885"/>
  <nd ref="5948896282"/>
  <tag k="access" v="yes"/>
  <tag k="amenity" v="parking"/>
  <tag k="fee" v="no"/>
  <tag k="parking" v="surface"/>
  <tag k="park_ride" v="no"/>
  <tag k="supervised" v="no"/>
  <tag k="surface" v="asphalt"/>
 </way>
 <way id="629926413" visible="true" version="2" changeset="63210203" timestamp="2018-10-04T21:07:08Z" user="Cerrotorre1974" uid="576807">
  <nd ref="5948896886"/>
  <nd ref="5948896887"/>
  <nd ref="5948896888"/>
  <nd ref="5948896889"/>
  <nd ref="5948896886"/>
  <tag k="access" v="yes"/>
  <tag k="amenity" v="parking"/>
  <tag k="capacity" v="2"/>
  <tag k="fee" v="no"/>
  <tag k="parking" v="surface"/>
  <tag k="park_ride" v="no"/>
  <tag k="supervised" v="no"/>
  <tag k="surface" v="asphalt"/>
 </way>
 <way id="629926414" visible="true" version="2" changeset="63210203" timestamp="2018-10-04T21:07:07Z" user="Cerrotorre1974" uid="576807">
  <nd ref="5948896890"/>
  <nd ref="1538079318"/>
  <nd ref="1538079334"/>
  <nd ref="5948896891"/>
  <nd ref="5948896890"/>
  <tag k="access" v="yes"/>
  <tag k="amenity" v="parking"/>
  <tag k="capacity" v="3"/>
  <tag k="fee" v="no"/>
  <tag k="parking" v="surface"/>
  <tag k="park_ride" v="no"/>
  <tag k="supervised" v="no"/>
  <tag k="surface" v="asphalt"/>
 </way>
 <way id="629926415" visible="true" version="2" changeset="63210203" timestamp="2018-10-04T21:07:08Z" user="Cerrotorre1974" uid="576807">
  <nd ref="5948896892"/>
  <nd ref="5948896893"/>
  <nd ref="5948896894"/>
  <nd ref="5948896895"/>
  <nd ref="5948896892"/>
  <tag k="access" v="yes"/>
  <tag k="amenity" v="parking"/>
  <tag k="capacity" v="1"/>
  <tag k="capacity:disabled" v="yes"/>
  <tag k="fee" v="no"/>
  <tag k="parking" v="surface"/>
  <tag k="park_ride" v="no"/>
  <tag k="supervised" v="no"/>
  <tag k="surface" v="asphalt"/>
 </way>
 <way id="629926416" visible="true" version="2" changeset="63210203" timestamp="2018-10-04T21:07:08Z" user="Cerrotorre1974" uid="576807">
  <nd ref="5948896896"/>
  <nd ref="5948896897"/>
  <nd ref="5955577690"/>
  <nd ref="5948896892"/>
  <nd ref="5948896893"/>
  <nd ref="5948896896"/>
  <tag k="access" v="yes"/>
  <tag k="amenity" v="parking"/>
  <tag k="capacity" v="10"/>
  <tag k="fee" v="no"/>
  <tag k="parking" v="surface"/>
  <tag k="park_ride" v="no"/>
  <tag k="supervised" v="no"/>
  <tag k="surface" v="asphalt"/>
 </way>
 <way id="629926417" visible="true" version="6" changeset="131688274" timestamp="2023-01-25T10:22:08Z" user="Balaabirami" uid="8350372">
  <nd ref="1538079316"/>
  <nd ref="10058407985"/>
  <nd ref="5948896898"/>
  <nd ref="5948896899"/>
  <nd ref="10058407989"/>
  <tag k="crossing" v="uncontrolled"/>
  <tag k="footway" v="crossing"/>
  <tag k="highway" v="footway"/>
  <tag k="surface" v="asphalt"/>
 </way>
 <way id="629926418" visible="true" version="5" changeset="126737208" timestamp="2022-09-28T11:48:12Z" user="Balaabirami" uid="8350372">
  <nd ref="5948896900"/>
  <nd ref="10058407986"/>
  <nd ref="1538079326"/>
  <nd ref="5948896901"/>
  <nd ref="10058407987"/>
  <tag k="crossing" v="uncontrolled"/>
  <tag k="footway" v="crossing"/>
  <tag k="highway" v="footway"/>
  <tag k="lit" v="yes"/>
  <tag k="surface" v="asphalt"/>
 </way>
 <way id="630772677" visible="true" version="1" changeset="63210203" timestamp="2018-10-04T21:07:06Z" user="Cerrotorre1974" uid="576807">
  <nd ref="5955578193"/>
  <nd ref="5955578194"/>
  <nd ref="5955578195"/>
  <nd ref="5955578196"/>
  <nd ref="5955578193"/>
  <tag k="access" v="yes"/>
  <tag k="amenity" v="parking"/>
  <tag k="capacity" v="3"/>
  <tag k="fee" v="no"/>
  <tag k="parking" v="surface"/>
  <tag k="park_ride" v="no"/>
  <tag k="supervised" v="no"/>
  <tag k="surface" v="asphalt"/>
 </way>
 <way id="653767552" visible="true" version="1" changeset="65318789" timestamp="2018-12-09T16:52:26Z" user="Alecs01" uid="1476146">
  <nd ref="6126722464"/>
  <nd ref="6126722452"/>
  <nd ref="6126722451"/>
  <nd ref="6126722450"/>
  <nd ref="6126722464"/>
  <tag k="building" v="yes"/>
 </way>
 <way id="653767553" visible="true" version="1" changeset="65318789" timestamp="2018-12-09T16:52:26Z" user="Alecs01" uid="1476146">
  <nd ref="6126722465"/>
  <nd ref="6126722456"/>
  <nd ref="3039646139"/>
  <nd ref="6126722455"/>
  <nd ref="6126722454"/>
  <nd ref="6126722453"/>
  <nd ref="6126722465"/>
  <tag k="building" v="yes"/>
 </way>
 <way id="653767554" visible="true" version="1" changeset="65318789" timestamp="2018-12-09T16:52:26Z" user="Alecs01" uid="1476146">
  <nd ref="4936121965"/>
  <nd ref="6126722467"/>
  <nd ref="6126722466"/>
  <nd ref="6126722465"/>
  <nd ref="6126722453"/>
  <nd ref="6126722450"/>
  <nd ref="6126722464"/>
  <nd ref="6126722446"/>
  <nd ref="6126722463"/>
  <nd ref="6126722462"/>
  <nd ref="6126722461"/>
  <nd ref="2892653290"/>
  <nd ref="6126722460"/>
  <nd ref="6126722459"/>
  <nd ref="6126722458"/>
  <nd ref="6126722457"/>
  <nd ref="4936121965"/>
  <tag k="building" v="commercial"/>
 </way>
 <way id="653767555" visible="true" version="1" changeset="65318789" timestamp="2018-12-09T16:52:26Z" user="Alecs01" uid="1476146">
  <nd ref="6126722475"/>
  <nd ref="6126722478"/>
  <nd ref="6126722477"/>
  <nd ref="6126722472"/>
  <nd ref="2892641444"/>
  <nd ref="2892640754"/>
  <nd ref="6126722471"/>
  <nd ref="6126722470"/>
  <nd ref="6126722469"/>
  <nd ref="6126722468"/>
  <nd ref="6126722474"/>
  <nd ref="6126722475"/>
  <tag k="building" v="yes"/>
 </way>
 <way id="653767556" visible="true" version="1" changeset="65318789" timestamp="2018-12-09T16:52:26Z" user="Alecs01" uid="1476146">
  <nd ref="6126722476"/>
  <nd ref="6126722475"/>
  <nd ref="6126722474"/>
  <nd ref="6126722473"/>
  <nd ref="6126722476"/>
  <tag k="building" v="apartments"/>
 </way>
 <way id="653767557" visible="true" version="1" changeset="65318789" timestamp="2018-12-09T16:52:26Z" user="Alecs01" uid="1476146">
  <nd ref="6126722484"/>
  <nd ref="6126722478"/>
  <nd ref="6126722477"/>
  <nd ref="6126722483"/>
  <nd ref="6126722484"/>
  <tag k="building" v="apartments"/>
 </way>
 <way id="653767558" visible="true" version="1" changeset="65318789" timestamp="2018-12-09T16:52:26Z" user="Alecs01" uid="1476146">
  <nd ref="4936121970"/>
  <nd ref="6126723085"/>
  <nd ref="6126722484"/>
  <nd ref="6126722483"/>
  <nd ref="6126722482"/>
  <nd ref="6126722481"/>
  <nd ref="6126722480"/>
  <nd ref="6126722479"/>
  <nd ref="4936121972"/>
  <nd ref="4936121971"/>
  <nd ref="4936121970"/>
  <tag k="building" v="apartments"/>
 </way>
 <way id="675311101" visible="true" version="2" changeset="107348372" timestamp="2021-07-03T10:47:00Z" user="rugamarcus" uid="95387">
  <nd ref="3646648754"/>
  <nd ref="6324268017"/>
  <nd ref="6324268015"/>
  <nd ref="8889814908"/>
  <nd ref="8889814906"/>
  <nd ref="6324268014"/>
  <nd ref="3646648754"/>
  <tag k="building" v="yes"/>
 </way>
 <way id="675314994" visible="true" version="13" changeset="173839826" timestamp="2025-10-27T14:01:17Z" user="VLD324" uid="23368904">
  <nd ref="10773307405"/>
  <nd ref="10588748695"/>
  <nd ref="10588748692"/>
  <nd ref="6324304060"/>
  <nd ref="6324304071"/>
  <nd ref="10588748696"/>
  <nd ref="11283646054"/>
  <nd ref="6324304061"/>
  <nd ref="10588748697"/>
  <nd ref="6324304077"/>
  <nd ref="10588748698"/>
  <nd ref="10588748666"/>
  <nd ref="6324304058"/>
  <tag k="bicycle" v="designated"/>
  <tag k="cycleway:surface" v="asphalt"/>
  <tag k="foot" v="no"/>
  <tag k="highway" v="cycleway"/>
  <tag k="lit" v="yes"/>
  <tag k="name" v="Via Varesina"/>
  <tag k="segregated" v="yes"/>
  <tag k="smoothness" v="excellent"/>
  <tag k="source:width" v="ARCore"/>
  <tag k="surface" v="asphalt"/>
  <tag k="width" v="2.5"/>
 </way>
 <way id="688065739" visible="true" version="1" changeset="69919690" timestamp="2019-05-06T02:15:34Z" user="dvvuyyur" uid="9634896">
  <nd ref="256037860"/>
  <nd ref="6450953765"/>
  <nd ref="6450953763"/>
  <nd ref="6450953764"/>
  <tag k="highway" v="service"/>
 </way>
 <way id="724604648" visible="true" version="1" changeset="74481056" timestamp="2019-09-14T17:59:49Z" user="Alecs01" uid="1476146">
  <nd ref="2501938700"/>
  <nd ref="6795771619"/>
  <nd ref="6795771618"/>
  <nd ref="2501938702"/>
  <nd ref="2501938700"/>
  <tag k="building" v="apartments"/>
 </way>
 <way id="724604652" visible="true" version="1" changeset="74481056" timestamp="2019-09-14T17:59:49Z" user="Alecs01" uid="1476146">
  <nd ref="2501938678"/>
  <nd ref="6795771622"/>
  <nd ref="6795771620"/>
  <nd ref="6795771635"/>
  <nd ref="6795771634"/>
  <nd ref="6795771633"/>
  <nd ref="6795771632"/>
  <nd ref="6795771631"/>
  <nd ref="6795771630"/>
  <nd ref="6795771629"/>
  <nd ref="6795771628"/>
  <nd ref="6795771627"/>
  <nd ref="2501938678"/>
 </way>
 <way id="724607302" visible="true" version="1" changeset="74481056" timestamp="2019-09-14T18:14:10Z" user="Alecs01" uid="1476146">
  <nd ref="1500602116"/>
  <nd ref="1500602164"/>
  <nd ref="1500602124"/>
  <nd ref="1500602065"/>
  <nd ref="1500602068"/>
  <nd ref="1500602107"/>
  <nd ref="1500602116"/>
  <tag k="building" v="yes"/>
 </way>
 <way id="724607303" visible="true" version="1" changeset="74481056" timestamp="2019-09-14T18:14:10Z" user="Alecs01" uid="1476146">
  <nd ref="6795771506"/>
  <nd ref="1500602045"/>
  <nd ref="1500602052"/>
  <nd ref="6795771513"/>
  <nd ref="6795771506"/>
  <tag k="building" v="apartments"/>
 </way>
 <way id="724607304" visible="true" version="1" changeset="74481056" timestamp="2019-09-14T18:14:10Z" user="Alecs01" uid="1476146">
  <nd ref="1500602095"/>
  <nd ref="6795771505"/>
  <nd ref="1500602055"/>
  <nd ref="1500602049"/>
  <nd ref="1500602043"/>
  <nd ref="1500602047"/>
  <nd ref="1500602045"/>
  <nd ref="6795771506"/>
  <nd ref="1500602033"/>
  <nd ref="6795771510"/>
  <nd ref="6795771507"/>
  <nd ref="1500602065"/>
  <nd ref="1500602068"/>
  <nd ref="1500602095"/>
  <tag k="building" v="apartments"/>
 </way>
 <way id="724607305" visible="true" version="1" changeset="74481056" timestamp="2019-09-14T18:14:10Z" user="Alecs01" uid="1476146">
  <nd ref="1500602033"/>
  <nd ref="6795771510"/>
  <nd ref="6795771509"/>
  <nd ref="6795771508"/>
  <nd ref="6795771507"/>
  <nd ref="1500602065"/>
  <nd ref="1500602061"/>
  <nd ref="1500602030"/>
  <nd ref="1500602033"/>
  <tag k="building" v="apartments"/>
 </way>
 <way id="724607306" visible="true" version="1" changeset="74481056" timestamp="2019-09-14T18:14:10Z" user="Alecs01" uid="1476146">
  <nd ref="6795771511"/>
  <nd ref="1500602233"/>
  <nd ref="1500602245"/>
  <nd ref="1500602260"/>
  <nd ref="1500602255"/>
  <nd ref="1500602305"/>
  <nd ref="1500602300"/>
  <nd ref="1500602308"/>
  <nd ref="6795771512"/>
  <nd ref="1500602280"/>
  <nd ref="6795771511"/>
  <tag k="building" v="yes"/>
 </way>
 <way id="724607307" visible="true" version="1" changeset="74481056" timestamp="2019-09-14T18:14:10Z" user="Alecs01" uid="1476146">
  <nd ref="6795771512"/>
  <nd ref="1500602271"/>
  <nd ref="1500602254"/>
  <nd ref="1500602280"/>
  <nd ref="6795771512"/>
  <tag k="building" v="yes"/>
 </way>
 <way id="724607308" visible="true" version="1" changeset="74481056" timestamp="2019-09-14T18:14:10Z" user="Alecs01" uid="1476146">
  <nd ref="1500602395"/>
  <nd ref="1500602402"/>
  <nd ref="1500602390"/>
  <nd ref="1500602348"/>
  <nd ref="6795771514"/>
  <nd ref="1500602395"/>
  <tag k="building" v="apartments"/>
 </way>
 <way id="724607309" visible="true" version="1" changeset="74481056" timestamp="2019-09-14T18:14:10Z" user="Alecs01" uid="1476146">
  <nd ref="1500602395"/>
  <nd ref="1500602397"/>
  <nd ref="1500602404"/>
  <nd ref="1500602413"/>
  <nd ref="1500602375"/>
  <nd ref="1500602356"/>
  <nd ref="1500602345"/>
  <nd ref="1500602343"/>
  <nd ref="1500602379"/>
  <nd ref="6795771514"/>
  <nd ref="1500602395"/>
  <tag k="building" v="apartments"/>
 </way>
 <way id="724607310" visible="true" version="1" changeset="74481056" timestamp="2019-09-14T18:14:10Z" user="Alecs01" uid="1476146">
  <nd ref="1500602318"/>
  <nd ref="1500602316"/>
  <nd ref="6795771516"/>
  <nd ref="1500602268"/>
  <nd ref="6795771515"/>
  <nd ref="1500602318"/>
  <tag k="building" v="apartments"/>
 </way>
 <way id="724607311" visible="true" version="1" changeset="74481056" timestamp="2019-09-14T18:14:10Z" user="Alecs01" uid="1476146">
  <nd ref="1500602138"/>
  <nd ref="1500602109"/>
  <nd ref="6795771518"/>
  <nd ref="6795771517"/>
  <nd ref="1500602138"/>
  <tag k="building" v="apartments"/>
 </way>
 <way id="724607312" visible="true" version="1" changeset="74481056" timestamp="2019-09-14T18:14:10Z" user="Alecs01" uid="1476146">
  <nd ref="1500602052"/>
  <nd ref="6795771513"/>
  <nd ref="6795771518"/>
  <nd ref="1500602109"/>
  <nd ref="1500602249"/>
  <nd ref="1500602201"/>
  <nd ref="1500602189"/>
  <nd ref="1500602052"/>
 </way>
 <way id="724607313" visible="true" version="1" changeset="74481056" timestamp="2019-09-14T18:14:10Z" user="Alecs01" uid="1476146">
  <nd ref="1500602345"/>
  <nd ref="1500602340"/>
  <nd ref="1500602342"/>
  <nd ref="1500602336"/>
  <nd ref="1500602329"/>
  <nd ref="1500602318"/>
  <nd ref="6795771515"/>
  <nd ref="1500602356"/>
  <nd ref="1500602345"/>
  <tag k="building" v="apartments"/>
 </way>
 <way id="724607314" visible="true" version="1" changeset="74481056" timestamp="2019-09-14T18:14:10Z" user="Alecs01" uid="1476146">
  <nd ref="2632241865"/>
  <nd ref="2632241863"/>
  <nd ref="2452694229"/>
  <nd ref="6795771520"/>
  <nd ref="2632241865"/>
  <tag k="building" v="apartments"/>
 </way>
 <way id="724607315" visible="true" version="1" changeset="74481056" timestamp="2019-09-14T18:14:10Z" user="Alecs01" uid="1476146">
  <nd ref="2452694229"/>
  <nd ref="2632241863"/>
  <nd ref="2501943780"/>
  <nd ref="2501943781"/>
  <nd ref="2452694229"/>
  <tag k="building" v="apartments"/>
 </way>
 <way id="724607316" visible="true" version="1" changeset="74481056" timestamp="2019-09-14T18:14:10Z" user="Alecs01" uid="1476146">
  <nd ref="2632241865"/>
  <nd ref="6795771520"/>
  <nd ref="6795771519"/>
  <nd ref="2452694228"/>
  <nd ref="2632241865"/>
  <tag k="building" v="apartments"/>
 </way>
 <way id="724607317" visible="true" version="1" changeset="74481056" timestamp="2019-09-14T18:14:10Z" user="Alecs01" uid="1476146">
  <nd ref="2501943783"/>
  <nd ref="2452694229"/>
  <tag k="barrier" v="wall"/>
 </way>
 <way id="724607318" visible="true" version="1" changeset="74481056" timestamp="2019-09-14T18:14:10Z" user="Alecs01" uid="1476146">
  <nd ref="6795771523"/>
  <nd ref="6795771519"/>
  <tag k="barrier" v="wall"/>
 </way>
 <way id="724607319" visible="true" version="1" changeset="74481056" timestamp="2019-09-14T18:14:10Z" user="Alecs01" uid="1476146">
  <nd ref="3564127531"/>
  <nd ref="6795771523"/>
  <nd ref="6795771522"/>
  <nd ref="6795771521"/>
  <nd ref="3564127134"/>
  <nd ref="3564127531"/>
  <tag k="building" v="yes"/>
 </way>
 <way id="724607332" visible="true" version="1" changeset="74481056" timestamp="2019-09-14T18:14:10Z" user="Alecs01" uid="1476146">
  <nd ref="6795771571"/>
  <nd ref="1500373071"/>
  <nd ref="1500373081"/>
  <nd ref="1500373093"/>
  <nd ref="6795771540"/>
  <nd ref="1500373113"/>
  <nd ref="1500373102"/>
  <nd ref="1500373107"/>
  <nd ref="1500373068"/>
  <nd ref="1500373061"/>
  <nd ref="1500373091"/>
  <nd ref="1500373070"/>
  <nd ref="1500373044"/>
  <nd ref="1500373047"/>
  <nd ref="1500373024"/>
  <nd ref="6795771571"/>
  <tag k="building" v="apartments"/>
 </way>
 <way id="724607333" visible="true" version="1" changeset="74481056" timestamp="2019-09-14T18:14:10Z" user="Alecs01" uid="1476146">
  <nd ref="6795771576"/>
  <nd ref="6795771575"/>
  <nd ref="6795771574"/>
  <nd ref="6795771573"/>
  <nd ref="6795771576"/>
  <tag k="building" v="yes"/>
 </way>
 <way id="724609733" visible="true" version="1" changeset="74481056" timestamp="2019-09-14T18:38:29Z" user="Alecs01" uid="1476146">
  <nd ref="6795788412"/>
  <nd ref="6795788411"/>
  <nd ref="6795788410"/>
  <nd ref="6795788409"/>
  <nd ref="6795788412"/>
  <tag k="building" v="terrace"/>
 </way>
 <way id="724609734" visible="true" version="1" changeset="74481056" timestamp="2019-09-14T18:38:29Z" user="Alecs01" uid="1476146">
  <nd ref="6795788416"/>
  <nd ref="6795788415"/>
  <nd ref="6795788414"/>
  <nd ref="6795788413"/>
  <nd ref="6795788416"/>
  <tag k="building" v="terrace"/>
 </way>
 <way id="724609735" visible="true" version="1" changeset="74481056" timestamp="2019-09-14T18:38:29Z" user="Alecs01" uid="1476146">
  <nd ref="6795788420"/>
  <nd ref="6795788419"/>
  <nd ref="6795788418"/>
  <nd ref="6795788417"/>
  <nd ref="6795788420"/>
  <tag k="building" v="yes"/>
 </way>
 <way id="724609736" visible="true" version="2" changeset="161585952" timestamp="2025-01-21T04:37:44Z" user="Saint_Vincent" uid="14728764">
  <nd ref="6795788428"/>
  <nd ref="6795788427"/>
  <nd ref="6795788426"/>
  <nd ref="6795788425"/>
  <nd ref="6795788424"/>
  <nd ref="6795788423"/>
  <nd ref="6795788422"/>
  <nd ref="6795788421"/>
  <nd ref="1561547124"/>
  <nd ref="3713558274"/>
  <nd ref="6795788428"/>
  <tag k="building" v="yes"/>
 </way>
 <way id="724609737" visible="true" version="1" changeset="74481056" timestamp="2019-09-14T18:38:29Z" user="Alecs01" uid="1476146">
  <nd ref="6795788432"/>
  <nd ref="6795788431"/>
  <nd ref="6795788430"/>
  <nd ref="6795788429"/>
  <nd ref="6795788432"/>
  <tag k="building" v="apartments"/>
 </way>
 <way id="724609738" visible="true" version="1" changeset="74481056" timestamp="2019-09-14T18:38:29Z" user="Alecs01" uid="1476146">
  <nd ref="6795788436"/>
  <nd ref="6795788435"/>
  <nd ref="6795788434"/>
  <nd ref="6795788433"/>
  <nd ref="6795788436"/>
  <tag k="building" v="yes"/>
 </way>
 <way id="724609740" visible="true" version="1" changeset="74481056" timestamp="2019-09-14T18:38:29Z" user="Alecs01" uid="1476146">
  <nd ref="6795788444"/>
  <nd ref="6795788443"/>
  <nd ref="6795788442"/>
  <nd ref="6795788441"/>
  <nd ref="6795788444"/>
  <tag k="building" v="apartments"/>
 </way>
 <way id="724609741" visible="true" version="1" changeset="74481056" timestamp="2019-09-14T18:38:29Z" user="Alecs01" uid="1476146">
  <nd ref="6795788450"/>
  <nd ref="6795788449"/>
  <nd ref="6795788448"/>
  <nd ref="6795788447"/>
  <nd ref="6795788446"/>
  <nd ref="6795788445"/>
  <nd ref="6795788450"/>
  <tag k="building" v="apartments"/>
 </way>
 <way id="724609742" visible="true" version="1" changeset="74481056" timestamp="2019-09-14T18:38:29Z" user="Alecs01" uid="1476146">
  <nd ref="6795788454"/>
  <nd ref="6795788453"/>
  <nd ref="6795788452"/>
  <nd ref="6795788451"/>
  <nd ref="6795788454"/>
  <tag k="building" v="yes"/>
 </way>
 <way id="724609743" visible="true" version="1" changeset="74481056" timestamp="2019-09-14T18:38:29Z" user="Alecs01" uid="1476146">
  <nd ref="6795788458"/>
  <nd ref="6795788457"/>
  <nd ref="6795788456"/>
  <nd ref="6795788455"/>
  <nd ref="6795788458"/>
  <tag k="building" v="apartments"/>
 </way>
 <way id="724609744" visible="true" version="1" changeset="74481056" timestamp="2019-09-14T18:38:29Z" user="Alecs01" uid="1476146">
  <nd ref="6795788463"/>
  <nd ref="6795788462"/>
  <nd ref="4936121964"/>
  <nd ref="6795788459"/>
  <nd ref="6795788463"/>
  <tag k="building" v="apartments"/>
 </way>
 <way id="724609745" visible="true" version="1" changeset="74481056" timestamp="2019-09-14T18:38:29Z" user="Alecs01" uid="1476146">
  <nd ref="6795788461"/>
  <nd ref="6795788460"/>
  <nd ref="2632241895"/>
  <nd ref="2632241913"/>
  <nd ref="2632241919"/>
  <nd ref="2632241874"/>
  <nd ref="6795788461"/>
  <tag k="building" v="apartments"/>
 </way>
 <way id="724609746" visible="true" version="1" changeset="74481056" timestamp="2019-09-14T18:38:29Z" user="Alecs01" uid="1476146">
  <nd ref="6795788463"/>
  <nd ref="6795788462"/>
  <nd ref="6795788461"/>
  <nd ref="6795788460"/>
  <nd ref="6795788463"/>
  <tag k="building" v="apartments"/>
 </way>
 <way id="724609750" visible="true" version="1" changeset="74481056" timestamp="2019-09-14T18:38:29Z" user="Alecs01" uid="1476146">
  <nd ref="2632241920"/>
  <nd ref="6795788474"/>
  <nd ref="6795788473"/>
  <nd ref="2632241925"/>
  <nd ref="2632241916"/>
  <nd ref="2632241920"/>
  <tag k="building" v="apartments"/>
 </way>
 <way id="727140644" visible="true" version="1" changeset="74757133" timestamp="2019-09-21T19:08:14Z" user="Alecs01" uid="1476146">
  <nd ref="1559517084"/>
  <nd ref="1559517060"/>
  <nd ref="1559517052"/>
  <nd ref="1559517050"/>
  <nd ref="1559517020"/>
  <nd ref="1559517049"/>
  <nd ref="1559517057"/>
  <nd ref="6795788476"/>
  <nd ref="1559517084"/>
  <tag k="building" v="commercial"/>
 </way>
 <way id="727140646" visible="true" version="1" changeset="74757133" timestamp="2019-09-21T19:08:14Z" user="Alecs01" uid="1476146">
  <nd ref="1559517018"/>
  <nd ref="1559516952"/>
  <nd ref="1559516890"/>
  <nd ref="2632241936"/>
  <nd ref="1559516961"/>
  <nd ref="1559517018"/>
  <tag k="building" v="yes"/>
 </way>
 <way id="727140647" visible="true" version="1" changeset="74757133" timestamp="2019-09-21T19:08:14Z" user="Alecs01" uid="1476146">
  <nd ref="1559517053"/>
  <nd ref="1559517052"/>
  <nd ref="1559517050"/>
  <nd ref="1559517018"/>
  <nd ref="1559516961"/>
  <nd ref="6814471147"/>
  <nd ref="6814471146"/>
  <nd ref="1559516971"/>
  <nd ref="1559516991"/>
  <nd ref="6814471149"/>
  <nd ref="6814471150"/>
  <nd ref="1559517053"/>
 </way>
 <way id="727140648" visible="true" version="1" changeset="74757133" timestamp="2019-09-21T19:08:14Z" user="Alecs01" uid="1476146">
  <nd ref="1559516971"/>
  <nd ref="1559516795"/>
  <nd ref="1559516746"/>
  <nd ref="1559516679"/>
  <nd ref="1559516767"/>
  <nd ref="1559516890"/>
  <nd ref="2632241936"/>
  <nd ref="1559516961"/>
  <nd ref="6814471147"/>
  <nd ref="6814471146"/>
  <nd ref="1559516971"/>
  <tag k="building" v="industrial"/>
 </way>
 <way id="727140650" visible="true" version="1" changeset="74757133" timestamp="2019-09-21T19:08:14Z" user="Alecs01" uid="1476146">
  <nd ref="6814471152"/>
  <nd ref="1559517103"/>
  <nd ref="1559517101"/>
  <nd ref="1559517091"/>
  <nd ref="1559517098"/>
  <nd ref="1559517089"/>
  <nd ref="1559517085"/>
  <nd ref="1559517078"/>
  <nd ref="1559517081"/>
  <nd ref="1559517079"/>
  <nd ref="1559517083"/>
  <nd ref="1559517082"/>
  <nd ref="1559517080"/>
  <nd ref="1559517075"/>
  <nd ref="1559517063"/>
  <nd ref="1559517065"/>
  <nd ref="1559517058"/>
  <nd ref="1559517053"/>
  <nd ref="6814471150"/>
  <nd ref="6814471151"/>
  <nd ref="6814471152"/>
  <tag k="building" v="apartments"/>
 </way>
 <way id="727140651" visible="true" version="1" changeset="74757133" timestamp="2019-09-21T19:08:14Z" user="Alecs01" uid="1476146">
  <nd ref="6814471160"/>
  <nd ref="6814471159"/>
  <nd ref="6814471158"/>
  <nd ref="6814471157"/>
  <nd ref="6814471156"/>
  <nd ref="6814471155"/>
  <nd ref="6814486815"/>
  <nd ref="6814486796"/>
  <nd ref="3646648742"/>
  <nd ref="6814471168"/>
  <nd ref="6814471160"/>
  <tag k="building" v="commercial"/>
 </way>
 <way id="727140652" visible="true" version="1" changeset="74757133" timestamp="2019-09-21T19:08:14Z" user="Alecs01" uid="1476146">
  <nd ref="6814471165"/>
  <nd ref="6814471161"/>
  <nd ref="6814486791"/>
  <nd ref="6814471184"/>
  <nd ref="6814486785"/>
  <nd ref="6814471165"/>
  <tag k="building" v="commercial"/>
 </way>
 <way id="727140653" visible="true" version="1" changeset="74757133" timestamp="2019-09-21T19:08:14Z" user="Alecs01" uid="1476146">
  <nd ref="6814471165"/>
  <nd ref="6814486785"/>
  <nd ref="6814486786"/>
  <nd ref="6814471164"/>
  <nd ref="6814471163"/>
  <nd ref="6814471162"/>
  <nd ref="6814471167"/>
  <nd ref="6814471166"/>
  <nd ref="6814471165"/>
  <tag k="building" v="commercial"/>
 </way>
 <way id="727140654" visible="true" version="1" changeset="74757133" timestamp="2019-09-21T19:08:14Z" user="Alecs01" uid="1476146">
  <nd ref="3646648758"/>
  <nd ref="6814471169"/>
  <nd ref="6814471168"/>
  <nd ref="6814471160"/>
  <nd ref="6814471167"/>
  <nd ref="6814471166"/>
  <nd ref="6814471165"/>
  <nd ref="6814471178"/>
  <nd ref="3646648759"/>
  <nd ref="3646648758"/>
  <tag k="building" v="commercial"/>
 </way>
 <way id="727140655" visible="true" version="1" changeset="74757133" timestamp="2019-09-21T19:08:14Z" user="Alecs01" uid="1476146">
  <nd ref="6814471175"/>
  <nd ref="6814471174"/>
  <nd ref="6814471173"/>
  <nd ref="6814471172"/>
  <nd ref="6814471175"/>
  <tag k="building" v="yes"/>
 </way>
 <way id="727140656" visible="true" version="1" changeset="74757133" timestamp="2019-09-21T19:08:14Z" user="Alecs01" uid="1476146">
  <nd ref="6795788473"/>
  <nd ref="6814471177"/>
  <nd ref="6814471176"/>
  <nd ref="6795788474"/>
  <nd ref="6795788473"/>
  <tag k="building" v="commercial"/>
 </way>
 <way id="727140657" visible="true" version="1" changeset="74757133" timestamp="2019-09-21T19:08:14Z" user="Alecs01" uid="1476146">
  <nd ref="3646648764"/>
  <nd ref="6814471179"/>
  <nd ref="6814471178"/>
  <nd ref="3646648759"/>
  <nd ref="3646648749"/>
  <nd ref="3646648764"/>
  <tag k="building" v="yes"/>
 </way>
 <way id="727140658" visible="true" version="1" changeset="74757133" timestamp="2019-09-21T19:08:14Z" user="Alecs01" uid="1476146">
  <nd ref="6814471183"/>
  <nd ref="6814471182"/>
  <nd ref="6814471181"/>
  <nd ref="6814471180"/>
  <nd ref="6814471183"/>
  <tag k="building" v="yes"/>
 </way>
 <way id="727140659" visible="true" version="1" changeset="74757133" timestamp="2019-09-21T19:08:14Z" user="Alecs01" uid="1476146">
  <nd ref="6814486791"/>
  <nd ref="6814486790"/>
  <nd ref="6814486789"/>
  <nd ref="6814486788"/>
  <nd ref="6814486787"/>
  <nd ref="6814486786"/>
  <nd ref="6814486785"/>
  <nd ref="6814471184"/>
  <nd ref="6814486791"/>
  <tag k="building" v="yes"/>
 </way>
 <way id="727140660" visible="true" version="1" changeset="74757133" timestamp="2019-09-21T19:08:14Z" user="Alecs01" uid="1476146">
  <nd ref="1559516594"/>
  <nd ref="1559516645"/>
  <nd ref="1559516621"/>
  <nd ref="1559516569"/>
  <nd ref="1559516562"/>
  <nd ref="1559516551"/>
  <nd ref="1559516527"/>
  <nd ref="1559516547"/>
  <nd ref="1559516548"/>
  <nd ref="1559516546"/>
  <nd ref="1559516536"/>
  <nd ref="1559516524"/>
  <nd ref="1559516499"/>
  <nd ref="6814486811"/>
  <nd ref="1559516478"/>
  <nd ref="1559516494"/>
  <nd ref="1559516496"/>
  <nd ref="1559516501"/>
  <nd ref="1559516497"/>
  <nd ref="1559516500"/>
  <nd ref="1559516522"/>
  <nd ref="1559516594"/>
  <tag k="building" v="apartments"/>
 </way>
 <way id="727140662" visible="true" version="1" changeset="74757133" timestamp="2019-09-21T19:08:14Z" user="Alecs01" uid="1476146">
  <nd ref="1559516594"/>
  <nd ref="1559516522"/>
  <nd ref="1559516521"/>
  <nd ref="1559516659"/>
  <nd ref="1559516692"/>
  <nd ref="1559516677"/>
  <nd ref="1559516701"/>
  <nd ref="1559516698"/>
  <nd ref="1559516708"/>
  <nd ref="1559516611"/>
  <nd ref="1559516598"/>
  <nd ref="1559516594"/>
  <tag k="building" v="yes"/>
 </way>
 <way id="727140663" visible="true" version="1" changeset="74757133" timestamp="2019-09-21T19:08:14Z" user="Alecs01" uid="1476146">
  <nd ref="6814486796"/>
  <nd ref="6814486815"/>
  <nd ref="6814486795"/>
  <nd ref="2632241886"/>
  <nd ref="2632241885"/>
  <nd ref="6814486794"/>
  <nd ref="6814486793"/>
  <nd ref="6814486792"/>
  <nd ref="2632241876"/>
  <nd ref="6814486796"/>
  <tag k="building" v="residential"/>
 </way>
 <way id="727140664" visible="true" version="1" changeset="74757133" timestamp="2019-09-21T19:08:14Z" user="Alecs01" uid="1476146">
  <nd ref="6814486797"/>
  <nd ref="1538079349"/>
  <nd ref="1538079345"/>
  <nd ref="1538079332"/>
  <nd ref="1538079322"/>
  <nd ref="1538079343"/>
  <nd ref="1538079351"/>
  <nd ref="6814486797"/>
  <tag k="building" v="yes"/>
 </way>
 <way id="727140665" visible="true" version="1" changeset="74757133" timestamp="2019-09-21T19:08:14Z" user="Alecs01" uid="1476146">
  <nd ref="1538079349"/>
  <nd ref="6814486797"/>
  <nd ref="1538079387"/>
  <nd ref="1538079399"/>
  <nd ref="1538079365"/>
  <nd ref="1538079355"/>
  <nd ref="1538079376"/>
  <nd ref="1538079370"/>
  <nd ref="1538079353"/>
  <nd ref="1538079341"/>
  <nd ref="1538079349"/>
  <tag k="building" v="yes"/>
 </way>
 <way id="727140666" visible="true" version="1" changeset="74757133" timestamp="2019-09-21T19:08:14Z" user="Alecs01" uid="1476146">
  <nd ref="6814486812"/>
  <nd ref="6814486813"/>
  <nd ref="1559516558"/>
  <nd ref="1559516525"/>
  <nd ref="1559516482"/>
  <nd ref="1559516534"/>
  <nd ref="6814486812"/>
  <tag k="building" v="apartments"/>
 </way>
 <way id="727140667" visible="true" version="1" changeset="74757133" timestamp="2019-09-21T19:08:14Z" user="Alecs01" uid="1476146">
  <nd ref="1559516714"/>
  <nd ref="6814471148"/>
  <nd ref="1559516736"/>
  <nd ref="1559516752"/>
  <nd ref="1559516832"/>
  <nd ref="6814486798"/>
  <nd ref="6814486812"/>
  <nd ref="6814486813"/>
  <nd ref="2632241934"/>
  <nd ref="2632241935"/>
  <nd ref="1559516732"/>
  <nd ref="1559516714"/>
  <tag k="building" v="apartments"/>
 </way>
 <way id="727140675" visible="true" version="1" changeset="74757133" timestamp="2019-09-21T19:08:14Z" user="Alecs01" uid="1476146">
  <nd ref="2632241923"/>
  <nd ref="2632241922"/>
  <nd ref="6814486814"/>
  <nd ref="2632241910"/>
  <nd ref="6814486815"/>
  <nd ref="6814471155"/>
  <nd ref="6814486817"/>
  <nd ref="6814486816"/>
  <nd ref="2632241923"/>
  <tag k="building" v="yes"/>
 </way>
 <way id="727141235" visible="true" version="1" changeset="74757133" timestamp="2019-09-21T19:12:43Z" user="Alecs01" uid="1476146">
  <nd ref="1538079419"/>
  <nd ref="1538079409"/>
  <nd ref="1538079397"/>
  <nd ref="1538079379"/>
  <nd ref="1538079404"/>
  <nd ref="1538079419"/>
  <tag k="building" v="residential"/>
 </way>
 <way id="727141237" visible="true" version="1" changeset="74757133" timestamp="2019-09-21T19:12:43Z" user="Alecs01" uid="1476146">
  <nd ref="6814489885"/>
  <nd ref="6814460484"/>
  <nd ref="1538079377"/>
  <nd ref="1538079391"/>
  <nd ref="6814489885"/>
  <tag k="building" v="apartments"/>
 </way>
 <way id="781359731" visible="true" version="3" changeset="131474397" timestamp="2023-01-19T16:20:11Z" user="Balaabirami" uid="8350372">
  <nd ref="10058410802"/>
  <nd ref="7294905794"/>
  <nd ref="1538079293"/>
  <nd ref="10058410805"/>
  <nd ref="7294905795"/>
  <tag k="crossing" v="uncontrolled"/>
  <tag k="footway" v="crossing"/>
  <tag k="highway" v="footway"/>
  <tag k="surface" v="asphalt"/>
 </way>
 <way id="781359732" visible="true" version="4" changeset="131803828" timestamp="2023-01-28T11:23:10Z" user="f_gonella" uid="8716397">
  <nd ref="10058410803"/>
  <nd ref="7294905796"/>
  <nd ref="1538079295"/>
  <nd ref="10058410796"/>
  <nd ref="10058410797"/>
  <nd ref="10588748697"/>
  <nd ref="7294905797"/>
  <nd ref="10058410798"/>
  <tag k="crossing" v="uncontrolled"/>
  <tag k="footway" v="crossing"/>
  <tag k="highway" v="footway"/>
  <tag k="surface" v="asphalt"/>
 </way>
 <way id="781359733" visible="true" version="4" changeset="131803828" timestamp="2023-01-28T11:23:10Z" user="f_gonella" uid="8716397">
  <nd ref="7294905798"/>
  <nd ref="10058410809"/>
  <nd ref="1538079285"/>
  <nd ref="10058410808"/>
  <nd ref="10058410807"/>
  <nd ref="10588748698"/>
  <nd ref="10058410806"/>
  <nd ref="7294905799"/>
  <nd ref="10058410810"/>
  <tag k="crossing" v="uncontrolled"/>
  <tag k="footway" v="crossing"/>
  <tag k="highway" v="footway"/>
  <tag k="surface" v="asphalt"/>
 </way>
 <way id="781359734" visible="true" version="3" changeset="131474397" timestamp="2023-01-19T16:20:11Z" user="Balaabirami" uid="8350372">
  <nd ref="10058417517"/>
  <nd ref="7294905801"/>
  <nd ref="1500373158"/>
  <nd ref="7294905802"/>
  <nd ref="10058410816"/>
  <tag k="crossing" v="uncontrolled"/>
  <tag k="footway" v="crossing"/>
  <tag k="highway" v="footway"/>
  <tag k="surface" v="asphalt"/>
 </way>
 <way id="781359735" visible="true" version="3" changeset="131803828" timestamp="2023-01-28T11:23:10Z" user="f_gonella" uid="8716397">
  <nd ref="10072469959"/>
  <nd ref="7294905803"/>
  <nd ref="1500362316"/>
  <nd ref="10072469957"/>
  <nd ref="7294905804"/>
  <nd ref="10588748664"/>
  <nd ref="10072469958"/>
  <nd ref="10072469960"/>
  <tag k="crossing" v="uncontrolled"/>
  <tag k="footway" v="crossing"/>
  <tag k="highway" v="footway"/>
  <tag k="surface" v="asphalt"/>
 </way>
 <way id="781359736" visible="true" version="4" changeset="126926264" timestamp="2022-10-03T09:31:59Z" user="Balaabirami" uid="8350372">
  <nd ref="10058417518"/>
  <nd ref="7294905805"/>
  <nd ref="1500362315"/>
  <nd ref="7294905806"/>
  <nd ref="10058264229"/>
  <tag k="crossing" v="uncontrolled"/>
  <tag k="footway" v="crossing"/>
  <tag k="highway" v="footway"/>
  <tag k="surface" v="asphalt"/>
 </way>
 <way id="781359737" visible="true" version="4" changeset="131803828" timestamp="2023-01-28T11:23:10Z" user="f_gonella" uid="8716397">
  <nd ref="10072469975"/>
  <nd ref="7294905808"/>
  <nd ref="7294905810"/>
  <nd ref="10072469964"/>
  <nd ref="10072469963"/>
  <nd ref="10588748665"/>
  <nd ref="7294905809"/>
  <nd ref="10072469969"/>
  <tag k="crossing" v="uncontrolled"/>
  <tag k="footway" v="crossing"/>
  <tag k="highway" v="footway"/>
  <tag k="surface" v="asphalt"/>
 </way>
 <way id="781359738" visible="true" version="3" changeset="131474397" timestamp="2023-01-19T16:20:11Z" user="Balaabirami" uid="8350372">
  <nd ref="10072469974"/>
  <nd ref="7294905811"/>
  <nd ref="1500362294"/>
  <nd ref="7294905812"/>
  <nd ref="10072469970"/>
  <tag k="crossing" v="uncontrolled"/>
  <tag k="footway" v="crossing"/>
  <tag k="highway" v="footway"/>
  <tag k="surface" v="asphalt"/>
 </way>
 <way id="880797122" visible="true" version="2" changeset="131802778" timestamp="2023-01-28T10:46:45Z" user="f_gonella" uid="8716397">
  <nd ref="8192213225"/>
  <nd ref="8192213228"/>
  <nd ref="10588696656"/>
  <nd ref="5118500501"/>
  <tag k="highway" v="footway"/>
 </way>
 <way id="880797123" visible="true" version="2" changeset="131802778" timestamp="2023-01-28T10:46:45Z" user="f_gonella" uid="8716397">
  <nd ref="8192213225"/>
  <nd ref="8192213230"/>
  <nd ref="10588696655"/>
  <nd ref="8192213238"/>
  <nd ref="8192213232"/>
  <nd ref="256233078"/>
  <nd ref="5118500501"/>
  <tag k="foot" v="yes"/>
  <tag k="highway" v="footway"/>
 </way>
 <way id="880797124" visible="true" version="2" changeset="131802778" timestamp="2023-01-28T10:46:45Z" user="f_gonella" uid="8716397">
  <nd ref="8192213225"/>
  <nd ref="8192213228"/>
  <nd ref="8192213230"/>
  <nd ref="8192213225"/>
  <tag k="area" v="yes"/>
  <tag k="highway" v="pedestrian"/>
 </way>
 <way id="880797336" visible="true" version="2" changeset="131802778" timestamp="2023-01-28T10:46:45Z" user="f_gonella" uid="8716397">
  <nd ref="256233079"/>
  <nd ref="3713545182"/>
  <nd ref="8192213225"/>
  <tag k="foot" v="yes"/>
  <tag k="highway" v="footway"/>
 </way>
 <way id="951254648" visible="true" version="1" changeset="105854636" timestamp="2021-06-04T18:11:54Z" user="fedc" uid="602784">
  <nd ref="1195330530"/>
  <nd ref="8804958818"/>
  <nd ref="1195329793"/>
  <tag k="barrier" v="fence"/>
 </way>
 <way id="951273880" visible="true" version="1" changeset="105857606" timestamp="2021-06-04T19:32:18Z" user="fedc" uid="602784">
  <nd ref="5118500484"/>
  <nd ref="1194128044"/>
  <nd ref="1194128015"/>
  <nd ref="4882015722"/>
  <nd ref="4882015723"/>
  <nd ref="3646646628"/>
  <nd ref="4882015725"/>
  <nd ref="4882015727"/>
  <nd ref="4882015724"/>
  <nd ref="3646646651"/>
  <nd ref="256029975"/>
  <nd ref="5118464270"/>
  <nd ref="1194127985"/>
  <nd ref="1194127955"/>
  <nd ref="1194127971"/>
  <nd ref="1194127942"/>
  <nd ref="1194127943"/>
  <nd ref="1194127975"/>
  <nd ref="1194128075"/>
  <nd ref="1194128045"/>
  <nd ref="5118486702"/>
  <nd ref="5118464261"/>
  <nd ref="5118486703"/>
  <nd ref="5118486701"/>
  <nd ref="5118486690"/>
  <nd ref="5118486674"/>
  <nd ref="5118486671"/>
  <nd ref="5118486688"/>
  <nd ref="5118486670"/>
  <nd ref="5118486672"/>
  <nd ref="1195329817"/>
  <nd ref="1195330076"/>
  <nd ref="1195330308"/>
  <nd ref="1195330675"/>
  <nd ref="256029976"/>
  <nd ref="2632241899"/>
  <nd ref="2632241908"/>
  <nd ref="1195330074"/>
  <nd ref="1195330352"/>
  <nd ref="1195330464"/>
  <nd ref="1195330466"/>
  <nd ref="3713545188"/>
  <nd ref="5118500481"/>
  <nd ref="5118500500"/>
  <nd ref="5118500482"/>
  <nd ref="5118500483"/>
  <nd ref="5118500484"/>
  <tag k="landuse" v="residential"/>
  <tag k="name" v="Quartiere ALER Varesina"/>
  <tag k="residential" v="apartments"/>
 </way>
 <way id="951274203" visible="true" version="1" changeset="105857650" timestamp="2021-06-04T19:33:30Z" user="fedc" uid="602784">
  <nd ref="8804958818"/>
  <nd ref="8804958819"/>
  <nd ref="1195330674"/>
  <nd ref="1195330450"/>
  <nd ref="1195330030"/>
  <nd ref="1195330626"/>
  <nd ref="1195330667"/>
  <nd ref="1195330435"/>
  <nd ref="1195330172"/>
  <nd ref="1195330217"/>
  <nd ref="1195329936"/>
  <nd ref="4322669762"/>
  <nd ref="1195330119"/>
  <nd ref="1195330199"/>
  <nd ref="1195330530"/>
  <nd ref="8804958818"/>
  <tag k="landuse" v="residential"/>
  <tag k="name" v="Quartiere ALER Mangiagalli II"/>
  <tag k="residential" v="apartments"/>
 </way>
 <way id="961001884" visible="true" version="1" changeset="107348372" timestamp="2021-07-03T10:47:00Z" user="rugamarcus" uid="95387">
  <nd ref="8889814900"/>
  <nd ref="8889814901"/>
  <nd ref="8889814902"/>
  <nd ref="8889814903"/>
  <nd ref="8889814900"/>
  <tag k="building" v="yes"/>
 </way>
 <way id="961001885" visible="true" version="1" changeset="107348372" timestamp="2021-07-03T10:47:00Z" user="rugamarcus" uid="95387">
  <nd ref="8889814904"/>
  <nd ref="8889814905"/>
  <nd ref="6324268014"/>
  <nd ref="8889814906"/>
  <nd ref="8889814904"/>
  <tag k="building" v="yes"/>
 </way>
 <way id="961001886" visible="true" version="1" changeset="107348372" timestamp="2021-07-03T10:47:00Z" user="rugamarcus" uid="95387">
  <nd ref="8889814907"/>
  <nd ref="6324268015"/>
  <nd ref="8889814908"/>
  <nd ref="8889814909"/>
  <nd ref="8889814907"/>
  <tag k="building" v="yes"/>
 </way>
 <way id="1034526667" visible="true" version="5" changeset="131803828" timestamp="2023-01-28T11:23:10Z" user="f_gonella" uid="8716397">
  <nd ref="9530163366"/>
  <nd ref="9530163367"/>
  <nd ref="9530163368"/>
  <nd ref="9530163365"/>
  <nd ref="9530163369"/>
  <nd ref="9530141593"/>
  <nd ref="9530141592"/>
  <nd ref="9530141591"/>
  <nd ref="9530141590"/>
  <nd ref="10588748670"/>
  <nd ref="10058264236"/>
  <nd ref="10058217492"/>
  <nd ref="10072469967"/>
  <nd ref="10072469969"/>
  <nd ref="10058264229"/>
  <tag k="footway" v="sidewalk"/>
  <tag k="highway" v="footway"/>
  <tag k="surface" v="asphalt"/>
 </way>
 <way id="1035090115" visible="true" version="2" changeset="131688880" timestamp="2023-01-25T10:37:30Z" user="Balaabirami" uid="8350372">
  <nd ref="5939850129"/>
  <nd ref="9534770531"/>
  <nd ref="10581270562"/>
  <nd ref="10581270561"/>
  <nd ref="10581270560"/>
  <nd ref="10581270559"/>
  <nd ref="5939850134"/>
  <tag k="footway" v="sidewalk"/>
  <tag k="highway" v="footway"/>
  <tag k="surface" v="asphalt"/>
 </way>
 <way id="1098513378" visible="true" version="4" changeset="126935729" timestamp="2022-10-03T12:31:21Z" user="Balaabirami" uid="8350372">
  <nd ref="10072878295"/>
  <nd ref="10072469972"/>
  <nd ref="10072469970"/>
  <nd ref="10072469971"/>
  <nd ref="10072469968"/>
  <nd ref="10058217498"/>
  <nd ref="10058217497"/>
  <nd ref="10058217496"/>
  <nd ref="10058217495"/>
  <nd ref="7294905828"/>
  <nd ref="10058217493"/>
  <tag k="footway" v="sidewalk"/>
  <tag k="highway" v="footway"/>
  <tag k="lit" v="yes"/>
  <tag k="surface" v="asphalt"/>
 </way>
 <way id="1098532151" visible="true" version="4" changeset="131802778" timestamp="2023-01-28T10:46:45Z" user="f_gonella" uid="8716397">
  <nd ref="7294905792"/>
  <nd ref="10058410799"/>
  <nd ref="10058410804"/>
  <nd ref="10058410803"/>
  <nd ref="10058410802"/>
  <nd ref="10058410801"/>
  <nd ref="10058407987"/>
  <nd ref="10588696659"/>
  <nd ref="10588696660"/>
  <nd ref="5939850134"/>
  <tag k="footway" v="sidewalk"/>
  <tag k="highway" v="footway"/>
  <tag k="lit" v="yes"/>
  <tag k="surface" v="asphalt"/>
 </way>
 <way id="1098532152" visible="true" version="2" changeset="131803828" timestamp="2023-01-28T11:23:10Z" user="f_gonella" uid="8716397">
  <nd ref="10058417522"/>
  <nd ref="10058410814"/>
  <nd ref="10588748666"/>
  <nd ref="10058410813"/>
  <nd ref="10058410812"/>
  <nd ref="10058410815"/>
  <nd ref="10058410811"/>
  <nd ref="8192145805"/>
  <tag k="crossing" v="uncontrolled"/>
  <tag k="footway" v="crossing"/>
  <tag k="highway" v="footway"/>
  <tag k="lit" v="yes"/>
  <tag k="surface" v="asphalt"/>
 </way>
 <way id="1098532153" visible="true" version="2" changeset="141515276" timestamp="2023-09-20T13:51:04Z" user="Balaabirami" uid="8350372">
  <nd ref="11205178749"/>
  <nd ref="10058417524"/>
  <nd ref="10058417523"/>
  <nd ref="10058417517"/>
  <nd ref="10058417522"/>
  <nd ref="10058410810"/>
  <nd ref="10058417521"/>
  <nd ref="10058410798"/>
  <nd ref="10058410800"/>
  <tag k="footway" v="sidewalk"/>
  <tag k="highway" v="footway"/>
  <tag k="lit" v="yes"/>
  <tag k="surface" v="asphalt"/>
 </way>
 <way id="1098532154" visible="true" version="4" changeset="143021126" timestamp="2023-10-23T14:22:23Z" user="Balaabirami" uid="8350372">
  <nd ref="11283684684"/>
  <nd ref="10588748667"/>
  <nd ref="10058417519"/>
  <nd ref="10058417520"/>
  <nd ref="10058410816"/>
  <nd ref="10588748676"/>
  <nd ref="10058417526"/>
  <nd ref="10588748677"/>
  <nd ref="10058417527"/>
  <nd ref="10058417528"/>
  <nd ref="10058417532"/>
  <nd ref="10058417531"/>
  <nd ref="10058417530"/>
  <nd ref="10058417529"/>
  <nd ref="10058417518"/>
  <nd ref="10072469960"/>
  <nd ref="11283684683"/>
  <tag k="footway" v="sidewalk"/>
  <tag k="highway" v="footway"/>
  <tag k="lit" v="yes"/>
  <tag k="surface" v="asphalt"/>
 </way>
 <way id="1098534768" visible="true" version="5" changeset="131803828" timestamp="2023-01-28T11:23:10Z" user="f_gonella" uid="8716397">
  <nd ref="10058407991"/>
  <nd ref="10058407990"/>
  <nd ref="10072878285"/>
  <nd ref="10588748663"/>
  <nd ref="10058407989"/>
  <nd ref="10058407988"/>
  <nd ref="10058430393"/>
  <nd ref="10058430389"/>
  <nd ref="10058430390"/>
  <nd ref="10058430385"/>
  <nd ref="10058430384"/>
  <nd ref="10058430383"/>
  <nd ref="10072890192"/>
  <nd ref="10072890180"/>
  <nd ref="10058407991"/>
  <tag k="footway" v="sidewalk"/>
  <tag k="highway" v="footway"/>
  <tag k="lit" v="yes"/>
  <tag k="surface" v="asphalt"/>
 </way>
 <way id="1100556903" visible="true" version="5" changeset="143021397" timestamp="2023-10-23T14:27:56Z" user="Balaabirami" uid="8350372">
  <nd ref="10058410800"/>
  <nd ref="11283646055"/>
  <nd ref="10072481477"/>
  <nd ref="10072481478"/>
  <nd ref="10073066010"/>
  <nd ref="10072481479"/>
  <nd ref="10073066012"/>
  <nd ref="10072411410"/>
  <nd ref="10072411409"/>
  <nd ref="10072411408"/>
  <nd ref="10072411407"/>
  <nd ref="10073065596"/>
  <nd ref="10072411406"/>
  <nd ref="10073066013"/>
  <nd ref="10073066012"/>
  <tag k="footway" v="sidewalk"/>
  <tag k="highway" v="footway"/>
  <tag k="surface" v="asphalt"/>
 </way>
 <way id="1100559378" visible="true" version="3" changeset="134303011" timestamp="2023-03-30T12:35:02Z" user="Moncecchi Daniele" uid="3396014">
  <nd ref="10072469962"/>
  <nd ref="10588748665"/>
  <nd ref="6324304065"/>
  <nd ref="10588748685"/>
  <nd ref="6324304070"/>
  <nd ref="6324304074"/>
  <nd ref="3646646634"/>
  <tag k="bicycle" v="designated"/>
  <tag k="highway" v="cycleway"/>
  <tag k="lit" v="yes"/>
  <tag k="name" v="Via Varesina"/>
  <tag k="segregated" v="yes"/>
  <tag k="smoothness" v="excellent"/>
  <tag k="surface" v="asphalt"/>
 </way>
 <way id="1100559379" visible="true" version="2" changeset="134303011" timestamp="2023-03-30T12:35:02Z" user="Moncecchi Daniele" uid="3396014">
  <nd ref="10072469961"/>
  <nd ref="3646646652"/>
  <nd ref="10072469962"/>
  <tag k="bicycle" v="designated"/>
  <tag k="cycleway" v="crossing"/>
  <tag k="highway" v="cycleway"/>
  <tag k="lit" v="yes"/>
  <tag k="segregated" v="yes"/>
  <tag k="smoothness" v="excellent"/>
  <tag k="surface" v="asphalt"/>
 </way>
 <way id="1100606812" visible="true" version="1" changeset="126935729" timestamp="2022-10-03T12:31:21Z" user="Balaabirami" uid="8350372">
  <nd ref="10072878294"/>
  <nd ref="10072878289"/>
  <nd ref="10072878287"/>
  <nd ref="10072878290"/>
  <nd ref="10072878295"/>
  <tag k="crossing" v="unmarked"/>
  <tag k="footway" v="crossing"/>
  <tag k="highway" v="footway"/>
  <tag k="lit" v="yes"/>
  <tag k="surface" v="asphalt"/>
 </way>
 <way id="1100606813" visible="true" version="1" changeset="126935729" timestamp="2022-10-03T12:31:21Z" user="Balaabirami" uid="8350372">
  <nd ref="10072878293"/>
  <nd ref="10072878294"/>
  <tag k="footway" v="sidewalk"/>
  <tag k="highway" v="footway"/>
  <tag k="lit" v="yes"/>
  <tag k="surface" v="asphalt"/>
 </way>
 <way id="1100606814" visible="true" version="3" changeset="151666825" timestamp="2024-05-22T09:59:10Z" user="nu99et" uid="20905165">
  <nd ref="10072878297"/>
  <nd ref="10072878296"/>
  <tag k="footway" v="sidewalk"/>
  <tag k="highway" v="footway"/>
  <tag k="lit" v="yes"/>
  <tag k="surface" v="asphalt"/>
 </way>
 <way id="1100606815" visible="true" version="2" changeset="151666825" timestamp="2024-05-22T09:59:08Z" user="nu99et" uid="20905165">
  <nd ref="10072878298"/>
  <nd ref="10072878292"/>
  <nd ref="10072878288"/>
  <nd ref="10072878291"/>
  <nd ref="10072878297"/>
  <tag k="crossing" v="unmarked"/>
  <tag k="footway" v="crossing"/>
  <tag k="highway" v="footway"/>
  <tag k="lit" v="yes"/>
  <tag k="surface" v="asphalt"/>
 </way>
 <way id="1134485414" visible="true" version="2" changeset="168790846" timestamp="2025-07-11T11:23:11Z" user="f_gonella" uid="8716397">
  <nd ref="10576441089"/>
  <nd ref="10576441090"/>
  <nd ref="10576441091"/>
  <nd ref="10576441092"/>
  <nd ref="10576441093"/>
  <nd ref="10576441094"/>
  <nd ref="10576441095"/>
  <nd ref="10576441096"/>
  <nd ref="10576441097"/>
  <nd ref="12994113267"/>
  <nd ref="12994113266"/>
  <nd ref="10576441098"/>
  <nd ref="10576441099"/>
  <nd ref="10576441100"/>
  <nd ref="10576441101"/>
  <nd ref="10576441102"/>
  <nd ref="10576441103"/>
  <nd ref="10576441104"/>
  <nd ref="10576441105"/>
  <nd ref="10576441106"/>
  <nd ref="10576441107"/>
  <nd ref="10576441108"/>
  <nd ref="10576441109"/>
  <nd ref="10576441110"/>
  <nd ref="10576441111"/>
  <nd ref="10576441112"/>
  <nd ref="10576441113"/>
  <nd ref="10576441114"/>
  <nd ref="10576441115"/>
  <nd ref="10576441116"/>
  <nd ref="10576441117"/>
  <nd ref="10576441118"/>
  <nd ref="10576441119"/>
  <nd ref="10576441120"/>
  <nd ref="10576441121"/>
  <nd ref="10576441122"/>
  <nd ref="10576441123"/>
  <nd ref="10576441126"/>
  <nd ref="10576441127"/>
  <nd ref="10576441124"/>
  <nd ref="10576441125"/>
  <nd ref="10576441128"/>
  <nd ref="10576441129"/>
  <nd ref="10576441089"/>
  <tag k="name" v="Cagnola"/>
  <tag k="place" v="neighbourhood"/>
 </way>
 <way id="1135899167" visible="true" version="1" changeset="131803828" timestamp="2023-01-28T11:23:10Z" user="f_gonella" uid="8716397">
  <nd ref="256031729"/>
  <nd ref="7294905813"/>
  <tag k="highway" v="residential"/>
  <tag k="loc_ref" v="7291_12512"/>
  <tag k="name" v="Via Privata Chiari"/>
  <tag k="oneway" v="no"/>
 </way>
 <way id="1135899168" visible="true" version="1" changeset="131803828" timestamp="2023-01-28T11:23:10Z" user="f_gonella" uid="8716397">
  <nd ref="3646646652"/>
  <nd ref="7294905807"/>
  <nd ref="255507980"/>
  <tag k="cycling_width" v="mean"/>
  <tag k="highway" v="residential"/>
  <tag k="loc_ref" v="7381_212"/>
  <tag k="name" v="Via Marcantonio dal Re"/>
  <tag k="oneway" v="yes"/>
 </way>
 <way id="1135899169" visible="true" version="1" changeset="131803828" timestamp="2023-01-28T11:23:10Z" user="f_gonella" uid="8716397">
  <nd ref="255507765"/>
  <nd ref="3646646646"/>
  <nd ref="1500373158"/>
  <tag k="cycling_width" v="mean"/>
  <tag k="highway" v="residential"/>
  <tag k="loc_ref" v="7382_12505"/>
  <tag k="name" v="Via Gian Battista Casella"/>
  <tag k="oneway" v="yes"/>
 </way>
 <way id="1135899170" visible="true" version="1" changeset="131803828" timestamp="2023-01-28T11:23:10Z" user="f_gonella" uid="8716397">
  <nd ref="10588748667"/>
  <nd ref="10588748669"/>
  <nd ref="1500373148"/>
  <nd ref="10588748668"/>
  <tag k="crossing" v="uncontrolled"/>
  <tag k="footway" v="crossing"/>
  <tag k="highway" v="footway"/>
  <tag k="surface" v="asphalt"/>
 </way>
 <way id="1148868235" visible="true" version="1" changeset="132931417" timestamp="2023-02-23T15:18:27Z" user="aa30mom" uid="13840929">
  <nd ref="1263425888"/>
  <nd ref="10688601901"/>
  <nd ref="10688601900"/>
  <nd ref="1561547070"/>
  <tag k="barrier" v="wall"/>
 </way>
 <way id="1148868236" visible="true" version="1" changeset="132931417" timestamp="2023-02-23T15:18:27Z" user="aa30mom" uid="13840929">
  <nd ref="10688603807"/>
  <nd ref="10688603806"/>
  <nd ref="10688603805"/>
  <nd ref="10688601904"/>
  <nd ref="10688601903"/>
  <nd ref="1538079374"/>
  <tag k="barrier" v="fence"/>
 </way>
 <way id="1148868237" visible="true" version="1" changeset="132931417" timestamp="2023-02-23T15:18:27Z" user="aa30mom" uid="13840929">
  <nd ref="1538079377"/>
  <nd ref="10688603807"/>
  <nd ref="10688603808"/>
  <nd ref="1538079343"/>
  <tag k="barrier" v="fence"/>
 </way>
 <way id="1158443821" visible="true" version="2" changeset="151666804" timestamp="2024-05-22T09:58:58Z" user="nu99et" uid="20905165">
  <nd ref="10773307305"/>
  <nd ref="10588748669"/>
  <nd ref="6324304066"/>
  <nd ref="10588748664"/>
  <nd ref="10072469961"/>
  <tag k="bicycle" v="designated"/>
  <tag k="cycleway:surface" v="asphalt"/>
  <tag k="highway" v="cycleway"/>
  <tag k="lit" v="yes"/>
  <tag k="name" v="Via Varesina"/>
  <tag k="segregated" v="yes"/>
  <tag k="smoothness" v="excellent"/>
  <tag k="surface" v="asphalt"/>
 </way>
 <way id="1158443822" visible="true" version="1" changeset="134303011" timestamp="2023-03-30T12:34:38Z" user="Moncecchi Daniele" uid="3396014">
  <nd ref="6324304058"/>
  <nd ref="3646646646"/>
  <nd ref="10773307305"/>
  <tag k="bicycle" v="designated"/>
  <tag k="cycleway" v="crossing"/>
  <tag k="highway" v="cycleway"/>
  <tag k="lit" v="yes"/>
  <tag k="name" v="Via Varesina"/>
  <tag k="segregated" v="yes"/>
  <tag k="smoothness" v="excellent"/>
  <tag k="surface" v="asphalt"/>
 </way>
 <way id="1209387201" visible="true" version="1" changeset="141515087" timestamp="2023-09-20T13:47:40Z" user="Balaabirami" uid="8350372">
  <nd ref="10058264229"/>
  <nd ref="10058264230"/>
  <nd ref="10058264231"/>
  <tag k="footway" v="sidewalk"/>
  <tag k="highway" v="footway"/>
  <tag k="surface" v="asphalt"/>
 </way>
 <way id="1217791180" visible="true" version="1" changeset="143021018" timestamp="2023-10-23T14:19:27Z" user="Balaabirami" uid="8350372">
  <nd ref="11283677910"/>
  <nd ref="10072469976"/>
  <nd ref="10588696657"/>
  <nd ref="10072469959"/>
  <nd ref="10588696658"/>
  <nd ref="10072469975"/>
  <nd ref="10072469974"/>
  <nd ref="10072469973"/>
  <nd ref="10072878298"/>
  <tag k="footway" v="sidewalk"/>
  <tag k="highway" v="footway"/>
  <tag k="lit" v="yes"/>
  <tag k="surface" v="asphalt"/>
 </way>
 <way id="1217791181" visible="true" version="3" changeset="151666814" timestamp="2024-05-22T09:58:59Z" user="nu99et" uid="20905165">
  <nd ref="10072469977"/>
  <nd ref="11283677910"/>
  <tag k="bench" v="yes"/>
  <tag k="bin" v="yes"/>
  <tag k="bus" v="yes"/>
  <tag k="footway" v="sidewalk"/>
  <tag k="highway" v="footway"/>
  <tag k="lit" v="yes"/>
  <tag k="public_transport" v="platform"/>
  <tag k="shelter" v="yes"/>
  <tag k="surface" v="asphalt"/>
  <tag k="tactile_paving" v="yes"/>
 </way>
 <way id="1217791298" visible="true" version="3" changeset="151666814" timestamp="2024-05-22T09:59:00Z" user="nu99et" uid="20905165">
  <nd ref="11283684683"/>
  <nd ref="11283684684"/>
  <tag k="bench" v="no"/>
  <tag k="bin" v="yes"/>
  <tag k="bus" v="yes"/>
  <tag k="footway" v="sidewalk"/>
  <tag k="highway" v="footway"/>
  <tag k="lit" v="yes"/>
  <tag k="public_transport" v="platform"/>
  <tag k="shelter" v="no"/>
  <tag k="surface" v="asphalt"/>
  <tag k="tactile_paving" v="no"/>
 </way>
 <way id="1430000260" visible="true" version="5" changeset="171979656" timestamp="2025-09-15T18:11:16Z" user="Emanuele Lorenzo Corti" uid="10893865">
  <nd ref="10648454729"/>
  <nd ref="13144784857"/>
  <nd ref="13144784858"/>
  <nd ref="13144784859"/>
  <nd ref="13144784860"/>
  <nd ref="13144784861"/>
  <nd ref="13144784862"/>
  <nd ref="13144784863"/>
  <nd ref="13144784875"/>
  <nd ref="13144784864"/>
  <nd ref="13144784865"/>
  <nd ref="13144784866"/>
  <nd ref="13144784867"/>
  <nd ref="13144784868"/>
  <nd ref="13144784869"/>
  <nd ref="13144784870"/>
  <nd ref="13144784874"/>
  <nd ref="13144784871"/>
  <nd ref="13144784872"/>
  <nd ref="13144784873"/>
  <nd ref="13144784876"/>
  <nd ref="13144784883"/>
  <nd ref="13144784882"/>
  <nd ref="13144784877"/>
  <nd ref="13144786025"/>
  <nd ref="13144786026"/>
  <nd ref="13144786027"/>
  <nd ref="13144786028"/>
  <nd ref="13144786029"/>
  <nd ref="13144786030"/>
  <nd ref="13144786031"/>
  <nd ref="13144784878"/>
  <nd ref="13144786032"/>
  <nd ref="13144786033"/>
  <nd ref="13144786034"/>
  <nd ref="13144786008"/>
  <nd ref="13144786022"/>
  <nd ref="13144786012"/>
  <nd ref="13144786021"/>
  <nd ref="13144786011"/>
  <nd ref="13144786020"/>
  <nd ref="13144786013"/>
  <nd ref="13144786019"/>
  <nd ref="13144786009"/>
  <nd ref="13144786018"/>
  <nd ref="13144786014"/>
  <nd ref="13144786017"/>
  <nd ref="13144786010"/>
  <nd ref="13144786016"/>
  <nd ref="13144786015"/>
  <nd ref="13144784880"/>
  <nd ref="13144786007"/>
  <nd ref="13144784881"/>
  <nd ref="13144784887"/>
  <nd ref="13144784884"/>
  <nd ref="13144784888"/>
  <nd ref="13144784885"/>
  <nd ref="13144786044"/>
  <nd ref="13144786046"/>
  <nd ref="13144786045"/>
  <nd ref="13144786047"/>
  <nd ref="13144784897"/>
  <nd ref="13144786050"/>
  <nd ref="13144786048"/>
  <nd ref="13144786049"/>
  <nd ref="13144786043"/>
  <nd ref="13144784886"/>
  <nd ref="13144784891"/>
  <nd ref="13144784893"/>
  <nd ref="13144784894"/>
  <nd ref="13144784890"/>
  <nd ref="13144784895"/>
  <nd ref="13144784892"/>
  <nd ref="13144784896"/>
  <nd ref="13144784889"/>
  <nd ref="13144784898"/>
  <nd ref="13144784899"/>
  <nd ref="13144784900"/>
  <nd ref="13144786001"/>
  <nd ref="13144786002"/>
  <nd ref="13144786003"/>
  <nd ref="13144786004"/>
  <nd ref="13144786005"/>
  <nd ref="13144786006"/>
  <nd ref="10086954881"/>
  <tag k="historic" v="tramway"/>
  <tag k="name" v="Tranvia Milano-Saronno-Tradate"/>
  <tag k="railway" v="razed"/>
 </way>
 <relation id="540372" visible="true" version="166" changeset="168790846" timestamp="2025-07-11T11:23:11Z" user="f_gonella" uid="8716397">
  <member type="node" ref="2635100177" role="stop"/>
  <member type="node" ref="727781214" role="platform"/>
  <member type="node" ref="10223183426" role="stop"/>
  <member type="node" ref="727781213" role="platform"/>
  <member type="node" ref="10223183425" role="stop"/>
  <member type="node" ref="727802745" role="platform"/>
  <member type="node" ref="10223183424" role="stop"/>
  <member type="node" ref="717641335" role="platform"/>
  <member type="node" ref="10223183423" role="stop"/>
  <member type="node" ref="1277834459" role="platform"/>
  <member type="node" ref="10223207327" role="stop"/>
  <member type="node" ref="717641295" role="platform"/>
  <member type="node" ref="10223207326" role="stop"/>
  <member type="node" ref="717641278" role="platform"/>
  <member type="node" ref="10223207325" role="stop"/>
  <member type="node" ref="1011790277" role="platform"/>
  <member type="node" ref="10223207324" role="stop"/>
  <member type="node" ref="1011790361" role="platform"/>
  <member type="node" ref="1011790398" role="stop"/>
  <member type="node" ref="9525581152" role="platform"/>
  <member type="node" ref="31331700" role="stop"/>
  <member type="way" ref="945055644" role="platform"/>
  <member type="node" ref="10223207323" role="stop"/>
  <member type="node" ref="705722205" role="platform"/>
  <member type="node" ref="10223207322" role="stop"/>
  <member type="node" ref="1011790353" role="platform"/>
  <member type="node" ref="10223211056" role="stop"/>
  <member type="node" ref="1011790409" role="platform"/>
  <member type="node" ref="10223211055" role="stop"/>
  <member type="node" ref="736901117" role="platform"/>
  <member type="node" ref="8138571326" role="stop"/>
  <member type="node" ref="679475728" role="platform"/>
  <member type="node" ref="4889234644" role="stop"/>
  <member type="node" ref="4889234645" role="platform"/>
  <member type="node" ref="4889403499" role="stop"/>
  <member type="node" ref="4889403500" role="platform"/>
  <member type="node" ref="10223211054" role="stop"/>
  <member type="node" ref="679475731" role="platform"/>
  <member type="node" ref="10223211053" role="stop"/>
  <member type="node" ref="2624837110" role="platform"/>
  <member type="node" ref="10223211052" role="stop"/>
  <member type="node" ref="540813432" role="platform"/>
  <member type="node" ref="10223211051" role="stop"/>
  <member type="node" ref="2624837103" role="platform"/>
  <member type="node" ref="10223284729" role="stop"/>
  <member type="node" ref="2617892112" role="platform"/>
  <member type="node" ref="10223284728" role="stop"/>
  <member type="node" ref="2617892128" role="platform"/>
  <member type="node" ref="31774774" role="stop"/>
  <member type="node" ref="2617892121" role="platform"/>
  <member type="node" ref="10223284727" role="stop"/>
  <member type="node" ref="2617892086" role="platform"/>
  <member type="node" ref="10223284726" role="stop"/>
  <member type="node" ref="2659231278" role="platform"/>
  <member type="node" ref="10223284725" role="stop"/>
  <member type="node" ref="726899485" role="platform"/>
  <member type="node" ref="10197228859" role="stop"/>
  <member type="node" ref="3050921307" role="platform"/>
  <member type="node" ref="10223284724" role="stop"/>
  <member type="node" ref="3050921308" role="platform"/>
  <member type="node" ref="3021854034" role="stop"/>
  <member type="node" ref="3021854035" role="platform"/>
  <member type="way" ref="242623609" role=""/>
  <member type="way" ref="26686691" role=""/>
  <member type="way" ref="267414786" role=""/>
  <member type="way" ref="269492328" role=""/>
  <member type="way" ref="56313606" role=""/>
  <member type="way" ref="269492062" role=""/>
  <member type="way" ref="587759229" role=""/>
  <member type="way" ref="587759239" role=""/>
  <member type="way" ref="587759231" role=""/>
  <member type="way" ref="587759230" role=""/>
  <member type="way" ref="587759241" role=""/>
  <member type="way" ref="269492057" role=""/>
  <member type="way" ref="269492055" role=""/>
  <member type="way" ref="269492056" role=""/>
  <member type="way" ref="57853947" role=""/>
  <member type="way" ref="269492063" role=""/>
  <member type="way" ref="269492557" role=""/>
  <member type="way" ref="1221321552" role=""/>
  <member type="way" ref="837542736" role=""/>
  <member type="way" ref="273248394" role=""/>
  <member type="way" ref="837542737" role=""/>
  <member type="way" ref="1221321553" role=""/>
  <member type="way" ref="273248395" role=""/>
  <member type="way" ref="57853949" role=""/>
  <member type="way" ref="273248392" role=""/>
  <member type="way" ref="273249418" role=""/>
  <member type="way" ref="273498477" role=""/>
  <member type="way" ref="26686684" role=""/>
  <member type="way" ref="26686673" role=""/>
  <member type="way" ref="59654839" role=""/>
  <member type="way" ref="273498472" role=""/>
  <member type="way" ref="306092357" role=""/>
  <member type="way" ref="284260581" role=""/>
  <member type="way" ref="242622255" role=""/>
  <member type="way" ref="241029256" role=""/>
  <member type="way" ref="242622254" role=""/>
  <member type="way" ref="656905049" role=""/>
  <member type="way" ref="4857284" role=""/>
  <member type="way" ref="4857280" role=""/>
  <member type="way" ref="502202847" role=""/>
  <member type="way" ref="22821294" role=""/>
  <member type="way" ref="284185636" role=""/>
  <member type="way" ref="22821298" role=""/>
  <member type="way" ref="185680881" role=""/>
  <member type="way" ref="277011151" role=""/>
  <member type="way" ref="276233841" role=""/>
  <member type="way" ref="276233237" role=""/>
  <member type="way" ref="276231930" role=""/>
  <member type="way" ref="276231929" role=""/>
  <member type="way" ref="276231928" role=""/>
  <member type="way" ref="276233236" role=""/>
  <member type="way" ref="274289393" role=""/>
  <member type="way" ref="260431552" role=""/>
  <member type="way" ref="274289400" role=""/>
  <member type="way" ref="274289407" role=""/>
  <member type="way" ref="274289398" role=""/>
  <member type="way" ref="23594378" role=""/>
  <member type="way" ref="23635011" role=""/>
  <member type="way" ref="276076415" role=""/>
  <member type="way" ref="276076416" role=""/>
  <member type="way" ref="23637177" role=""/>
  <member type="way" ref="181343604" role=""/>
  <member type="way" ref="276066666" role=""/>
  <member type="way" ref="276066662" role=""/>
  <member type="way" ref="276066663" role=""/>
  <member type="way" ref="276066665" role=""/>
  <member type="way" ref="275564335" role=""/>
  <member type="way" ref="275553601" role=""/>
  <member type="way" ref="275553604" role=""/>
  <member type="way" ref="183411383" role=""/>
  <member type="way" ref="273385290" role=""/>
  <member type="way" ref="239908011" role=""/>
  <member type="way" ref="275562015" role=""/>
  <member type="way" ref="195029743" role=""/>
  <member type="way" ref="275553589" role=""/>
  <member type="way" ref="275553590" role=""/>
  <member type="way" ref="275553587" role=""/>
  <member type="way" ref="195029697" role=""/>
  <member type="way" ref="275562011" role=""/>
  <member type="way" ref="239906449" role=""/>
  <member type="way" ref="4615528" role=""/>
  <member type="way" ref="256857809" role=""/>
  <member type="way" ref="22929893" role=""/>
  <member type="way" ref="56313603" role=""/>
  <member type="way" ref="275330917" role=""/>
  <member type="way" ref="275330918" role=""/>
  <member type="way" ref="275330916" role=""/>
  <member type="way" ref="57871136" role=""/>
  <member type="way" ref="263386376" role=""/>
  <member type="way" ref="263386378" role=""/>
  <member type="way" ref="263386375" role=""/>
  <member type="way" ref="263386377" role=""/>
  <member type="way" ref="263386396" role=""/>
  <member type="way" ref="275947092" role=""/>
  <member type="way" ref="256857808" role=""/>
  <member type="way" ref="275947090" role=""/>
  <member type="way" ref="275947091" role=""/>
  <member type="way" ref="181270777" role=""/>
  <member type="way" ref="275216684" role=""/>
  <member type="way" ref="239908013" role=""/>
  <member type="way" ref="239908014" role=""/>
  <member type="way" ref="275213778" role=""/>
  <member type="way" ref="275213779" role=""/>
  <member type="way" ref="4017613" role=""/>
  <member type="way" ref="275213781" role=""/>
  <member type="way" ref="275213780" role=""/>
  <member type="way" ref="256093964" role=""/>
  <member type="way" ref="297180573" role=""/>
  <member type="way" ref="275213782" role=""/>
  <member type="way" ref="275213771" role=""/>
  <member type="way" ref="275213772" role=""/>
  <member type="way" ref="115319729" role=""/>
  <member type="way" ref="115319740" role=""/>
  <member type="way" ref="285857310" role=""/>
  <member type="way" ref="260434824" role=""/>
  <member type="way" ref="285857313" role=""/>
  <member type="way" ref="229108777" role=""/>
  <member type="way" ref="285857311" role=""/>
  <member type="way" ref="285857314" role=""/>
  <member type="way" ref="22930008" role=""/>
  <member type="way" ref="56314241" role=""/>
  <member type="way" ref="291755696" role=""/>
  <member type="way" ref="270331228" role=""/>
  <member type="way" ref="1414059526" role=""/>
  <member type="way" ref="152402398" role=""/>
  <member type="way" ref="301777502" role=""/>
  <member type="way" ref="270367434" role=""/>
  <member type="way" ref="270367435" role=""/>
  <member type="way" ref="270367433" role=""/>
  <member type="way" ref="272532297" role=""/>
  <member type="way" ref="586583630" role=""/>
  <member type="way" ref="272532296" role=""/>
  <member type="way" ref="164111020" role=""/>
  <member type="way" ref="272535856" role=""/>
  <member type="way" ref="31068405" role=""/>
  <member type="way" ref="168770473" role=""/>
  <member type="way" ref="168770476" role=""/>
  <member type="way" ref="285197070" role=""/>
  <member type="way" ref="273361477" role=""/>
  <member type="way" ref="272691807" role=""/>
  <member type="way" ref="300981654" role=""/>
  <member type="way" ref="31009602" role=""/>
  <member type="way" ref="274825180" role=""/>
  <member type="way" ref="196012018" role=""/>
  <member type="way" ref="325761881" role=""/>
  <member type="way" ref="285197072" role=""/>
  <member type="way" ref="273361729" role=""/>
  <member type="way" ref="112602525" role=""/>
  <member type="way" ref="273293257" role=""/>
  <member type="way" ref="273293256" role=""/>
  <member type="way" ref="174443896" role=""/>
  <member type="way" ref="174443897" role=""/>
  <member type="way" ref="274825181" role=""/>
  <member type="way" ref="300981654" role=""/>
  <tag k="comment" v="http://wiki.openstreetmap.org/wiki/Milano/Trasporti_pubblici"/>
  <tag k="from" v="Quarto Oggiaro"/>
  <tag k="name" v="Bus 57: Quarto Oggiaro =&gt; Cairoli M1"/>
  <tag k="network" v="STIBM"/>
  <tag k="network:wikidata" v="Q65125405"/>
  <tag k="network:wikipedia" v="it:STIBM"/>
  <tag k="operator" v="ATM"/>
  <tag k="public_transport:version" v="2"/>
  <tag k="ref" v="57"/>
  <tag k="route" v="bus"/>
  <tag k="to" v="Cairoli M1"/>
  <tag k="type" v="route"/>
 </relation>
 <relation id="898960" visible="true" version="130" changeset="151567483" timestamp="2024-05-20T08:52:36Z" user="marco_camagni" uid="1965370">
  <member type="node" ref="3021854034" role="stop"/>
  <member type="node" ref="3021854035" role="platform"/>
  <member type="node" ref="4898290210" role="stop"/>
  <member type="node" ref="3035842803" role="platform"/>
  <member type="node" ref="10739276252" role="stop"/>
  <member type="node" ref="998638141" role="platform"/>
  <member type="node" ref="10929400115" role="stop"/>
  <member type="node" ref="2425602959" role="platform"/>
  <member type="node" ref="10857691406" role="stop"/>
  <member type="node" ref="2425602960" role="platform"/>
  <member type="node" ref="10857691405" role="stop"/>
  <member type="node" ref="2617892104" role="platform"/>
  <member type="node" ref="10857682104" role="stop"/>
  <member type="node" ref="2617892095" role="platform"/>
  <member type="node" ref="10857682103" role="stop"/>
  <member type="node" ref="2617892144" role="platform"/>
  <member type="node" ref="10857682102" role="stop"/>
  <member type="node" ref="2617892136" role="platform"/>
  <member type="node" ref="10857682101" role="stop"/>
  <member type="node" ref="2617895513" role="platform"/>
  <member type="node" ref="10857682100" role="stop"/>
  <member type="node" ref="2617895518" role="platform"/>
  <member type="node" ref="2430094944" role="stop"/>
  <member type="node" ref="2617953959" role="platform"/>
  <member type="node" ref="10857682099" role="stop"/>
  <member type="node" ref="726880760" role="platform"/>
  <member type="node" ref="10857682098" role="stop"/>
  <member type="node" ref="723278937" role="platform"/>
  <member type="node" ref="10929400114" role="stop"/>
  <member type="node" ref="723278918" role="platform"/>
  <member type="node" ref="10929400113" role="stop"/>
  <member type="node" ref="2659360764" role="platform"/>
  <member type="node" ref="10929400112" role="stop"/>
  <member type="node" ref="2353678191" role="platform"/>
  <member type="node" ref="8138571327" role="stop"/>
  <member type="node" ref="2659362311" role="platform"/>
  <member type="node" ref="10929400111" role="stop"/>
  <member type="node" ref="736901118" role="platform"/>
  <member type="node" ref="10929400110" role="stop"/>
  <member type="node" ref="1011790502" role="platform"/>
  <member type="node" ref="10929400109" role="stop"/>
  <member type="node" ref="1011790396" role="platform"/>
  <member type="node" ref="10929400108" role="stop"/>
  <member type="node" ref="705722221" role="platform"/>
  <member type="node" ref="10776067846" role="stop"/>
  <member type="node" ref="9525601821" role="platform"/>
  <member type="node" ref="10929400107" role="stop"/>
  <member type="node" ref="664389964" role="platform"/>
  <member type="node" ref="10929400106" role="stop"/>
  <member type="node" ref="1295136729" role="platform"/>
  <member type="node" ref="10929400105" role="stop"/>
  <member type="node" ref="717641269" role="platform"/>
  <member type="node" ref="10929381804" role="stop"/>
  <member type="node" ref="717641294" role="platform"/>
  <member type="node" ref="10929381803" role="stop"/>
  <member type="node" ref="1277834371" role="platform"/>
  <member type="node" ref="10929381802" role="stop"/>
  <member type="node" ref="717641337" role="platform"/>
  <member type="node" ref="10929381801" role="stop"/>
  <member type="node" ref="727802743" role="platform"/>
  <member type="node" ref="10929381800" role="stop"/>
  <member type="node" ref="727781189" role="platform"/>
  <member type="node" ref="2635100177" role="stop"/>
  <member type="node" ref="727781214" role="platform"/>
  <member type="way" ref="272691807" role=""/>
  <member type="way" ref="273361477" role=""/>
  <member type="way" ref="285197070" role=""/>
  <member type="way" ref="168770476" role=""/>
  <member type="way" ref="168770473" role=""/>
  <member type="way" ref="31068405" role=""/>
  <member type="way" ref="272535856" role=""/>
  <member type="way" ref="164111020" role=""/>
  <member type="way" ref="164111019" role=""/>
  <member type="way" ref="272532299" role=""/>
  <member type="way" ref="272532298" role=""/>
  <member type="way" ref="164111016" role=""/>
  <member type="way" ref="271213962" role=""/>
  <member type="way" ref="270309545" role=""/>
  <member type="way" ref="270309547" role=""/>
  <member type="way" ref="270331222" role=""/>
  <member type="way" ref="57870225" role=""/>
  <member type="way" ref="181274771" role=""/>
  <member type="way" ref="270365355" role=""/>
  <member type="way" ref="168770546" role=""/>
  <member type="way" ref="270331227" role=""/>
  <member type="way" ref="270331225" role=""/>
  <member type="way" ref="285857314" role=""/>
  <member type="way" ref="285857311" role=""/>
  <member type="way" ref="229108777" role=""/>
  <member type="way" ref="285857313" role=""/>
  <member type="way" ref="260434824" role=""/>
  <member type="way" ref="285857310" role=""/>
  <member type="way" ref="115319740" role=""/>
  <member type="way" ref="115319733" role=""/>
  <member type="way" ref="23311759" role=""/>
  <member type="way" ref="275213769" role=""/>
  <member type="way" ref="275213770" role=""/>
  <member type="way" ref="275213783" role=""/>
  <member type="way" ref="297180573" role=""/>
  <member type="way" ref="256093964" role=""/>
  <member type="way" ref="275213780" role=""/>
  <member type="way" ref="275213781" role=""/>
  <member type="way" ref="4017613" role=""/>
  <member type="way" ref="275213779" role=""/>
  <member type="way" ref="275213778" role=""/>
  <member type="way" ref="239908014" role=""/>
  <member type="way" ref="207473034" role=""/>
  <member type="way" ref="223690214" role=""/>
  <member type="way" ref="275947081" role=""/>
  <member type="way" ref="168742782" role=""/>
  <member type="way" ref="1146984580" role=""/>
  <member type="way" ref="146658352" role=""/>
  <member type="way" ref="275947082" role=""/>
  <member type="way" ref="275947086" role=""/>
  <member type="way" ref="275947088" role=""/>
  <member type="way" ref="275947085" role=""/>
  <member type="way" ref="263386365" role=""/>
  <member type="way" ref="263386364" role=""/>
  <member type="way" ref="146658349" role=""/>
  <member type="way" ref="275330891" role=""/>
  <member type="way" ref="275330899" role=""/>
  <member type="way" ref="57870228" role=""/>
  <member type="way" ref="1050506109" role=""/>
  <member type="way" ref="53825793" role=""/>
  <member type="way" ref="22817886" role=""/>
  <member type="way" ref="1188624997" role=""/>
  <member type="way" ref="56313605" role=""/>
  <member type="way" ref="275562022" role=""/>
  <member type="way" ref="275562021" role=""/>
  <member type="way" ref="31067764" role=""/>
  <member type="way" ref="31067770" role=""/>
  <member type="way" ref="275562017" role=""/>
  <member type="way" ref="275553594" role=""/>
  <member type="way" ref="23637222" role=""/>
  <member type="way" ref="23637216" role=""/>
  <member type="way" ref="295097096" role=""/>
  <member type="way" ref="23650577" role=""/>
  <member type="way" ref="276076425" role=""/>
  <member type="way" ref="276076424" role=""/>
  <member type="way" ref="57870227" role=""/>
  <member type="way" ref="53824869" role=""/>
  <member type="way" ref="276076427" role=""/>
  <member type="way" ref="23594378" role=""/>
  <member type="way" ref="274289398" role=""/>
  <member type="way" ref="274289407" role=""/>
  <member type="way" ref="274289400" role=""/>
  <member type="way" ref="260431552" role=""/>
  <member type="way" ref="274289393" role=""/>
  <member type="way" ref="276233236" role=""/>
  <member type="way" ref="276231928" role=""/>
  <member type="way" ref="276231929" role=""/>
  <member type="way" ref="276231930" role=""/>
  <member type="way" ref="276233237" role=""/>
  <member type="way" ref="276233841" role=""/>
  <member type="way" ref="277011151" role=""/>
  <member type="way" ref="56234707" role=""/>
  <member type="way" ref="284185636" role=""/>
  <member type="way" ref="284185635" role=""/>
  <member type="way" ref="284185637" role=""/>
  <member type="way" ref="284185687" role=""/>
  <member type="way" ref="56228920" role=""/>
  <member type="way" ref="502202852" role=""/>
  <member type="way" ref="502202846" role=""/>
  <member type="way" ref="4857285" role=""/>
  <member type="way" ref="284260577" role=""/>
  <member type="way" ref="4857283" role=""/>
  <member type="way" ref="284260571" role=""/>
  <member type="way" ref="26685857" role=""/>
  <member type="way" ref="260431363" role=""/>
  <member type="way" ref="284260602" role=""/>
  <member type="way" ref="284260579" role=""/>
  <member type="way" ref="273498475" role=""/>
  <member type="way" ref="273498474" role=""/>
  <member type="way" ref="59654836" role=""/>
  <member type="way" ref="26686684" role=""/>
  <member type="way" ref="273498477" role=""/>
  <member type="way" ref="273249418" role=""/>
  <member type="way" ref="273248392" role=""/>
  <member type="way" ref="57853949" role=""/>
  <member type="way" ref="273248395" role=""/>
  <member type="way" ref="1221321553" role=""/>
  <member type="way" ref="837542737" role=""/>
  <member type="way" ref="273248394" role=""/>
  <member type="way" ref="837542736" role=""/>
  <member type="way" ref="1221321552" role=""/>
  <member type="way" ref="269492557" role=""/>
  <member type="way" ref="269492063" role=""/>
  <member type="way" ref="57853947" role=""/>
  <member type="way" ref="269492056" role=""/>
  <member type="way" ref="269492055" role=""/>
  <member type="way" ref="269492057" role=""/>
  <member type="way" ref="587759241" role=""/>
  <member type="way" ref="587759232" role=""/>
  <member type="way" ref="654638187" role=""/>
  <member type="way" ref="654638186" role=""/>
  <member type="way" ref="654638185" role=""/>
  <member type="way" ref="587759243" role=""/>
  <member type="way" ref="654638184" role=""/>
  <member type="way" ref="587759237" role=""/>
  <member type="way" ref="587759229" role=""/>
  <member type="way" ref="269492062" role=""/>
  <member type="way" ref="56313606" role=""/>
  <member type="way" ref="269492328" role=""/>
  <member type="way" ref="267414786" role=""/>
  <member type="way" ref="26686691" role=""/>
  <member type="way" ref="26686695" role=""/>
  <member type="way" ref="26686694" role=""/>
  <member type="way" ref="267414783" role=""/>
  <tag k="comment" v="http://wiki.openstreetmap.org/wiki/Milano/Trasporti_pubblici"/>
  <tag k="from" v="Cairoli M1"/>
  <tag k="name" v="Bus 57: Cairoli M1 =&gt; Quarto Oggiaro"/>
  <tag k="network" v="STIBM"/>
  <tag k="network:wikidata" v="Q65125405"/>
  <tag k="network:wikipedia" v="it:STIBM"/>
  <tag k="operator" v="ATM"/>
  <tag k="public_transport:version" v="2"/>
  <tag k="ref" v="57"/>
  <tag k="route" v="bus"/>
  <tag k="to" v="Quarto Oggiaro"/>
  <tag k="type" v="route"/>
 </relation>
 <relation id="971133" visible="true" version="133" changeset="163083877" timestamp="2025-03-01T11:14:39Z" user="aa30mom" uid="13840929">
  <member type="relation" ref="1279547" role=""/>
  <member type="relation" ref="3415763" role=""/>
  <member type="relation" ref="7544389" role=""/>
  <member type="relation" ref="16787570" role=""/>
  <member type="relation" ref="7544390" role=""/>
  <member type="relation" ref="16793807" role=""/>
  <member type="relation" ref="2576006" role=""/>
  <member type="relation" ref="2575988" role=""/>
  <member type="relation" ref="1802930" role=""/>
  <member type="relation" ref="1799164" role=""/>
  <member type="relation" ref="5538121" role=""/>
  <member type="relation" ref="5538122" role=""/>
  <member type="relation" ref="452512" role=""/>
  <member type="relation" ref="452513" role=""/>
  <member type="relation" ref="1578170" role=""/>
  <member type="relation" ref="1578169" role=""/>
  <member type="relation" ref="15763204" role=""/>
  <member type="relation" ref="1964678" role=""/>
  <member type="relation" ref="1964677" role=""/>
  <member type="relation" ref="903046" role=""/>
  <member type="relation" ref="903047" role=""/>
  <member type="relation" ref="2333261" role=""/>
  <member type="relation" ref="2333260" role=""/>
  <member type="relation" ref="2885921" role=""/>
  <member type="relation" ref="3126222" role=""/>
  <member type="relation" ref="2827393" role=""/>
  <member type="relation" ref="2827424" role=""/>
  <member type="relation" ref="1281900" role=""/>
  <member type="relation" ref="1272331" role=""/>
  <member type="relation" ref="539795" role=""/>
  <member type="relation" ref="905113" role=""/>
  <member type="relation" ref="905112" role=""/>
  <member type="relation" ref="444526" role=""/>
  <member type="relation" ref="933946" role=""/>
  <member type="relation" ref="1996012" role=""/>
  <member type="relation" ref="1996013" role=""/>
  <member type="relation" ref="1576535" role=""/>
  <member type="relation" ref="1576534" role=""/>
  <member type="relation" ref="2825579" role=""/>
  <member type="relation" ref="2825526" role=""/>
  <member type="relation" ref="1384888" role=""/>
  <member type="relation" ref="1580351" role=""/>
  <member type="relation" ref="17826970" role=""/>
  <member type="relation" ref="17824534" role=""/>
  <member type="relation" ref="2827001" role=""/>
  <member type="relation" ref="2827002" role=""/>
  <member type="relation" ref="5597104" role=""/>
  <member type="relation" ref="5597093" role=""/>
  <member type="relation" ref="5597130" role=""/>
  <member type="relation" ref="5597129" role=""/>
  <member type="relation" ref="2825688" role=""/>
  <member type="relation" ref="2825730" role=""/>
  <member type="relation" ref="2825734" role=""/>
  <member type="relation" ref="2825689" role=""/>
  <member type="relation" ref="898960" role=""/>
  <member type="relation" ref="540372" role=""/>
  <member type="relation" ref="1287605" role=""/>
  <member type="relation" ref="1287922" role=""/>
  <member type="relation" ref="15925229" role=""/>
  <member type="relation" ref="15937665" role=""/>
  <member type="relation" ref="1384887" role=""/>
  <member type="relation" ref="1384890" role=""/>
  <member type="relation" ref="540371" role=""/>
  <member type="relation" ref="540483" role=""/>
  <member type="relation" ref="1277594" role=""/>
  <member type="relation" ref="1277595" role=""/>
  <member type="relation" ref="1274737" role=""/>
  <member type="relation" ref="937848" role=""/>
  <member type="relation" ref="905147" role=""/>
  <member type="relation" ref="905146" role=""/>
  <member type="relation" ref="5588606" role=""/>
  <member type="relation" ref="5588607" role=""/>
  <member type="relation" ref="1285140" role=""/>
  <member type="relation" ref="1274734" role=""/>
  <member type="relation" ref="536924" role=""/>
  <member type="relation" ref="536895" role=""/>
  <member type="relation" ref="536992" role=""/>
  <member type="relation" ref="536964" role=""/>
  <member type="relation" ref="537008" role=""/>
  <member type="relation" ref="16271049" role=""/>
  <member type="relation" ref="905966" role=""/>
  <member type="relation" ref="1903308" role=""/>
  <member type="relation" ref="2418368" role=""/>
  <member type="relation" ref="905967" role=""/>
  <member type="relation" ref="3937165" role=""/>
  <member type="relation" ref="3937507" role=""/>
  <member type="relation" ref="444469" role=""/>
  <member type="relation" ref="912221" role=""/>
  <member type="relation" ref="16333959" role=""/>
  <member type="relation" ref="16332916" role=""/>
  <member type="relation" ref="1940859" role=""/>
  <member type="relation" ref="1940856" role=""/>
  <member type="relation" ref="445904" role=""/>
  <member type="relation" ref="420649" role=""/>
  <member type="relation" ref="2830880" role=""/>
  <member type="relation" ref="2830911" role=""/>
  <member type="relation" ref="5595229" role=""/>
  <member type="relation" ref="611538" role=""/>
  <member type="relation" ref="18044922" role=""/>
  <member type="relation" ref="18044921" role=""/>
  <member type="relation" ref="611446" role=""/>
  <member type="relation" ref="1274563" role=""/>
  <member type="relation" ref="1274564" role=""/>
  <member type="relation" ref="1594243" role=""/>
  <member type="relation" ref="1594244" role=""/>
  <member type="relation" ref="908955" role=""/>
  <member type="relation" ref="1277573" role=""/>
  <member type="relation" ref="16461537" role=""/>
  <member type="relation" ref="16464113" role=""/>
  <member type="relation" ref="2006926" role=""/>
  <member type="relation" ref="2006975" role=""/>
  <member type="relation" ref="1799180" role=""/>
  <member type="relation" ref="2333166" role=""/>
  <member type="relation" ref="16490610" role=""/>
  <member type="relation" ref="16490620" role=""/>
  <member type="relation" ref="2689241" role=""/>
  <member type="relation" ref="1911799" role=""/>
  <member type="relation" ref="16494677" role=""/>
  <member type="relation" ref="16494758" role=""/>
  <member type="relation" ref="1572784" role=""/>
  <member type="relation" ref="1572787" role=""/>
  <member type="relation" ref="912211" role=""/>
  <member type="relation" ref="908954" role=""/>
  <member type="relation" ref="4856436" role=""/>
  <member type="relation" ref="4869567" role=""/>
  <member type="relation" ref="2546687" role=""/>
  <member type="relation" ref="2546675" role=""/>
  <member type="relation" ref="3300075" role=""/>
  <member type="relation" ref="16553761" role=""/>
  <member type="relation" ref="16553704" role=""/>
  <member type="relation" ref="16560910" role=""/>
  <member type="relation" ref="16563411" role=""/>
  <member type="relation" ref="16563615" role=""/>
  <member type="relation" ref="16569919" role=""/>
  <member type="relation" ref="2433149" role=""/>
  <member type="relation" ref="18067413" role=""/>
  <member type="relation" ref="18067590" role=""/>
  <member type="relation" ref="16613338" role=""/>
  <member type="relation" ref="16603108" role=""/>
  <member type="relation" ref="16619542" role=""/>
  <member type="relation" ref="16626493" role=""/>
  <member type="relation" ref="16641920" role=""/>
  <member type="relation" ref="16640867" role=""/>
  <member type="relation" ref="16648010" role=""/>
  <member type="relation" ref="16654035" role=""/>
  <member type="relation" ref="16635535" role=""/>
  <member type="relation" ref="16631813" role=""/>
  <member type="relation" ref="4218455" role=""/>
  <member type="relation" ref="4218456" role=""/>
  <member type="relation" ref="4218457" role=""/>
  <member type="relation" ref="4218458" role=""/>
  <member type="relation" ref="4218459" role=""/>
  <member type="relation" ref="4218460" role=""/>
  <member type="relation" ref="4218462" role=""/>
  <member type="relation" ref="4218461" role=""/>
  <member type="relation" ref="16692957" role=""/>
  <member type="relation" ref="16028614" role=""/>
  <tag k="comment" v="http://wiki.openstreetmap.org/wiki/Milano/Trasporti_pubblici"/>
  <tag k="name" v="Rete automobilistica urbana a Milano"/>
  <tag k="network" v="bus"/>
  <tag k="operator" v="ATM"/>
  <tag k="type" v="network"/>
 </relation>
 <relation id="1843002" visible="true" version="3" changeset="74481056" timestamp="2019-09-14T18:14:10Z" user="Alecs01" uid="1476146">
  <member type="way" ref="724607312" role="outer"/>
  <member type="way" ref="136773165" role="inner"/>
  <member type="way" ref="136773164" role="inner"/>
  <tag k="building" v="apartments"/>
  <tag k="type" v="multipolygon"/>
 </relation>
 <relation id="6440305" visible="true" version="2" changeset="59996919" timestamp="2018-06-20T04:33:49Z" user="fedc" uid="602784">
  <member type="way" ref="103526941" role=""/>
  <member type="way" ref="103526981" role=""/>
  <member type="way" ref="103527003" role=""/>
  <member type="way" ref="103526935" role=""/>
  <member type="way" ref="103527006" role=""/>
  <member type="way" ref="103526974" role=""/>
  <tag k="name" v="Quartiere Mangiagalli II"/>
  <tag k="site" v="housing"/>
  <tag k="type" v="site"/>
  <tag k="wikidata" v="Q55100698"/>
 </relation>
 <relation id="7284669" visible="true" version="1" changeset="49010611" timestamp="2017-05-26T19:35:14Z" user="fedc" uid="602784">
  <member type="way" ref="496191484" role="outer"/>
  <member type="way" ref="496191486" role="inner"/>
  <tag k="landuse" v="residential"/>
  <tag k="type" v="multipolygon"/>
 </relation>
 <relation id="8396005" visible="true" version="2" changeset="144102834" timestamp="2023-11-16T16:04:29Z" user="Mannivu" uid="1950277">
  <member type="way" ref="103409769" role=""/>
  <member type="way" ref="103409767" role=""/>
  <member type="way" ref="526321363" role=""/>
  <member type="way" ref="526321364" role=""/>
  <member type="way" ref="526321365" role=""/>
  <member type="way" ref="103409760" role=""/>
  <member type="way" ref="103526978" role=""/>
  <member type="way" ref="103409758" role=""/>
  <member type="way" ref="103526995" role=""/>
  <member type="way" ref="103409753" role=""/>
  <member type="way" ref="103409770" role=""/>
  <member type="way" ref="257751479" role=""/>
  <member type="way" ref="103526962" role=""/>
  <member type="way" ref="103409768" role=""/>
  <member type="way" ref="103409756" role=""/>
  <member type="way" ref="103526952" role=""/>
  <member type="way" ref="526323474" role=""/>
  <member type="way" ref="103526943" role=""/>
  <member type="way" ref="526323472" role=""/>
  <member type="way" ref="103409755" role=""/>
  <member type="way" ref="103409759" role=""/>
  <member type="way" ref="103409761" role=""/>
  <member type="way" ref="526323464" role=""/>
  <member type="way" ref="103409762" role=""/>
  <member type="way" ref="103409764" role=""/>
  <member type="way" ref="526318379" role=""/>
  <member type="way" ref="103409766" role=""/>
  <member type="way" ref="103409763" role=""/>
  <member type="way" ref="526318364" role=""/>
  <member type="way" ref="110517442" role=""/>
  <member type="way" ref="110689516" role=""/>
  <member type="way" ref="526323481" role=""/>
  <member type="way" ref="140377969" role=""/>
  <member type="way" ref="526323480" role=""/>
  <tag k="name" v="Quartiere Varesina"/>
  <tag k="site" v="housing"/>
  <tag k="type" v="site"/>
  <tag k="wikidata" v="Q3927208"/>
  <tag k="wikipedia" v="it:Quartiere Varesina"/>
 </relation>
 <relation id="10039476" visible="true" version="1" changeset="74481056" timestamp="2019-09-14T17:59:51Z" user="Alecs01" uid="1476146">
  <member type="way" ref="724604652" role="outer"/>
  <member type="way" ref="724604651" role="inner"/>
  <tag k="building" v="commercial"/>
  <tag k="type" v="multipolygon"/>
 </relation>
 <relation id="10061286" visible="true" version="1" changeset="74757133" timestamp="2019-09-21T19:08:14Z" user="Alecs01" uid="1476146">
  <member type="way" ref="727140647" role="outer"/>
  <member type="way" ref="142505577" role="inner"/>
  <tag k="building" v="apartments"/>
  <tag k="type" v="multipolygon"/>
 </relation>
 <relation id="13836580" visible="true" version="1" changeset="117702720" timestamp="2022-02-21T22:16:31Z" user="davidoskky" uid="11645399">
  <member type="relation" ref="898960" role=""/>
  <member type="relation" ref="540372" role=""/>
  <tag k="name" v="ATM 57 Quarto Oggiaro - Cairoli M1"/>
  <tag k="network" v="STIBM"/>
  <tag k="network:wikidata" v="Q65125405"/>
  <tag k="network:wikipedia" v="it:STIBM"/>
  <tag k="operator" v="ATM"/>
  <tag k="ref" v="57"/>
  <tag k="route_master" v="bus"/>
  <tag k="type" v="route_master"/>
 </relation>
</osm>
